"Severity","Safety_Score","Days_Since_Inspection","Total_Safety_Complaints","Control_Metric","Turbulence_In_gforces","Cabin_Temperature","Accident_Type_Code","Max_Elevation","Violations","Adverse_Weather_Metric","Accident_ID"
"Highly_Fatal_And_Damaging",52.2374429223744,13,7,53.3728350045579,0.634180310133429,83.39,2,41874.6636548015,1,0.566805568689148,2906
"Minor_Damage_And_Injuries",37.3059360730594,14,3,56.9279854147676,0.56926866209881,82.99,6,28454.4613989612,2,0.00744283870963345,8959
"Significant_Damage_And_Fatalities",20.365296803653,15,2,49.0884229717411,0.590545257843491,79.75,1,45027.3857299155,3,1.66834320727201,11209
"Minor_Damage_And_Injuries",76.6666666666667,6,12,74.3391066545123,0.330898665705012,75.94,2,40744.7030223456,3,0.551040805007,12040
"Significant_Damage_And_Fatalities",20.2283105022831,15,3,55.6973564266181,0.418529390551749,76.51,1,38752.9477457052,0,1.42869567940064,10629
"Highly_Fatal_And_Damaging",28.9041095890411,13,15,67.0920692798541,0.351093400649116,81.72,4,43635.7546909786,3,0.0806562395147276,2758
"Minor_Damage_And_Injuries",31.5525114155251,19,3,68.7784867821331,0.174750090155067,81.26,2,30479.9802452678,2,0.408642256373192,1630
"Significant_Damage_And_Serious_Injuries",38.0365296803653,14,8,61.3947128532361,0.391482870537324,78.7,3,18673.766897687,0,0.0898133583444885,10229
"Significant_Damage_And_Serious_Injuries",59.4520547945205,14,4,39.8814949863264,0.445215290299315,74.82,7,38880.4007290491,2,0.00343491068101924,8182
"Significant_Damage_And_Serious_Injuries",38.7671232876712,13,12,66.7730173199635,0.415644428416877,81.2,6,22792.1740124056,1,0.00538399196490689,6708
"Significant_Damage_And_Serious_Injuries",91.2328767123288,6,2,52.461257976299,0.2923122971511,77.98,7,32053.6698420435,0,0.00283482891951351,7784
"Highly_Fatal_And_Damaging",40.2739726027397,9,3,59.2069279854148,0.488850342589253,79.12,2,25642.1963410359,2,0.346527327910913,550
"Significant_Damage_And_Fatalities",40.6392694063927,9,7,49.8632634457612,0.434396682293545,85.1,2,17182.4727749403,1,0.225648056800934,6699
"Significant_Damage_And_Fatalities",41.3698630136986,19,2,59.7538742023701,0.46829498737829,79.66,7,34452.597870784,4,0.00333988647036586,2675
"Significant_Damage_And_Fatalities",11.7808219178082,18,3,51.1850501367366,0.564219978362784,81.14,1,28064.3546606062,1,1.04519049130943,1685
"Significant_Damage_And_Serious_Injuries",38.4018264840183,13,10,61.2123974475843,0.438363505228994,76.8,3,29640.2094341724,3,0.147692401293215,10775
"Significant_Damage_And_Serious_Injuries",24.8858447488584,17,9,70.9206927985415,0.3785005409304,81.02,3,52430.4521165204,2,0.260940879484196,5334
"Minor_Damage_And_Injuries",54.7945205479452,12,1,73.4275296262534,0.463246303642264,84.74,5,8645.35570372917,1,0.00868877979364907,3704
"Significant_Damage_And_Serious_Injuries",19.4063926940639,19,3,58.7511394712853,0.609658131987018,80.07,4,36967.4489018541,2,0.0677018072057364,5076
"Significant_Damage_And_Serious_Injuries",60.2283105022831,7,6,74.4302643573382,0.27428128380815,79.79,5,42639.2344368458,2,0.0287891983148949,10361
"Significant_Damage_And_Serious_Injuries",41.0502283105023,13,1,89.9726526891523,0.298803461954562,80.85,6,39017.5759192136,0,0.00956279453232168,8165
"Minor_Damage_And_Injuries",42.1004566210046,16,0,74.0200546946217,0.250119725928597,79.6,2,23048.7900757948,3,0.315041983474647,10951
"Minor_Damage_And_Injuries",48.9954337899543,14,9,60.665451230629,0.42177497295348,78.5,2,49813.6738676776,1,0.677300018921993,196
"Minor_Damage_And_Injuries",60.1826484018265,11,23,69.8723792160438,0.417808150018031,85.97,1,40846.2082979377,1,1.48585764918901,12480
"Minor_Damage_And_Injuries",47.7168949771689,14,1,67.4567000911577,0.379582401730977,78.42,2,27650.3495758316,3,0.371472025862616,1705
"Highly_Fatal_And_Damaging",30.1369863013699,12,20,85.9617137648131,0.326571222502704,75.84,1,34809.4451899238,3,1.27415056078853,10195
"Significant_Damage_And_Serious_Injuries",33.4246575342466,15,0,78.4867821330902,0.376336819329246,79.07,6,42493.8649575514,2,0.0107524397887336,1948
"Highly_Fatal_And_Damaging",28.4018264840183,13,6,81.3582497721058,0.226679408582762,78.76,4,21267.7043733175,1,0.0387908818557251,10636
"Highly_Fatal_And_Damaging",37.5799086757991,10,12,65.7247037374658,0.305294626758024,78.29,7,20692.5240026338,2,0.00160333832093662,10005
"Significant_Damage_And_Serious_Injuries",45.1141552511415,11,2,71.4220601640839,0.333423007573026,79.06,1,31436.3335417983,1,1.15849931489046,746
"Minor_Damage_And_Injuries",30.0913242009132,16,9,54.4667274384686,0.303491525423729,78.35,3,37007.7751444517,0,0.185150092325395,8614
"Significant_Damage_And_Serious_Injuries",26.62100456621,17,3,77.1194165907019,0.355781464118283,77.19,1,23811.1848692756,1,0.867035653679287,2353
"Significant_Damage_And_Serious_Injuries",43.1963470319635,12,14,77.8030993618961,0.249759105661738,83.29,6,22659.2573373519,1,0.00538907479033693,8112
"Minor_Damage_And_Injuries",43.972602739726,15,9,74.4758432087512,0.238940497655968,79.3,1,49358.5325672116,1,1.88294981148486,8838
"Highly_Fatal_And_Damaging",29.1780821917808,13,1,65.0410209662717,0.345323476379372,82.41,4,33053.916313277,4,0.05994597155975,4228
"Highly_Fatal_And_Damaging",74.703196347032,6,0,52.461257976299,0.313228272628922,79.19,3,36219.5213082148,2,0.17903915907143,9249
"Significant_Damage_And_Fatalities",62.4200913242009,13,16,69.5077484047402,0.361551388388027,88.48,7,23226.2368947895,4,0.00253163963344349,884
"Highly_Fatal_And_Damaging",4.79452054794521,20,9,64.9954421148587,0.390040389469888,80.12,3,42500.2232326123,1,0.210513625790142,7404
"Significant_Damage_And_Fatalities",67.1232876712329,12,6,57.7484047402006,0.370927515326361,81.14,4,29347.2823922561,4,0.0525367024728564,8290
"Minor_Damage_And_Injuries",53.9269406392694,12,17,75.2506836827712,0.301327803822575,75.05,5,41509.545282458,0,0.0274588417728177,10828
"Significant_Damage_And_Fatalities",32.5570776255708,12,3,50.8659981768459,0.562777497295348,77.86,1,31787.1152516235,2,1.16938261952195,6784
"Significant_Damage_And_Serious_Injuries",37.4885844748858,14,11,66.4995442114859,0.430790479624955,76.2,5,30858.5431373534,1,0.0195855691124162,10782
"Minor_Damage_And_Injuries",51.5525114155251,13,2,84.9134001823154,0.2923122971511,81.53,1,32904.3163143289,3,1.21102426293125,3388
"Significant_Damage_And_Serious_Injuries",36.4840182648402,14,2,73.1084776663628,0.340274792643346,78.86,3,36459.196013164,2,0.181365645853865,585
"Highly_Fatal_And_Damaging",21.7808219178082,15,12,74.7493163172288,0.533927875946628,82.13,5,45350.7603179123,1,0.0291001545682159,8703
"Significant_Damage_And_Fatalities",63.1963470319635,13,19,71.3764813126709,0.335586729174179,82.71,7,28715.6839316491,2,0.00276139135868097,11447
"Significant_Damage_And_Fatalities",71.7808219178082,10,2,62.9443938012762,0.639589614136314,78.96,7,27755.473500689,3,0.00233885574327616,3134
"Highly_Fatal_And_Damaging",37.5342465753425,10,0,59.2980856882407,0.488850342589253,79.33,4,18784.4086840282,4,0.0342021971190433,8091
"Highly_Fatal_And_Damaging",70.1369863013699,4,14,62.8076572470374,0.211893977641543,79.26,1,47715.8314627323,4,1.75661161113112,2590
"Significant_Damage_And_Serious_Injuries",56.9406392694064,8,1,89.2433910665451,0.158882798413271,82.45,6,39207.1676150761,2,0.00968269097989471,9642
"Significant_Damage_And_Fatalities",59.9543378995434,14,33,60.8477666362808,0.523469888207717,83.23,7,23561.2928433379,2,0.00253163963344349,2459
"Highly_Fatal_And_Damaging",5.20547945205479,20,15,80.5378304466728,0.317195095564371,82.93,4,38100.9704663852,1,0.0694785537644393,2956
"Significant_Damage_And_Fatalities",70.0913242009132,11,7,62.3974475843209,0.336668589974756,77.97,6,40833.4652166856,5,0.010121604078669,6442
"Significant_Damage_And_Serious_Injuries",30.8219178082192,16,16,67.7301731996354,0.375615578795528,82.54,3,27170.4051650641,1,0.134763236432874,308
"Significant_Damage_And_Serious_Injuries",54.3835616438356,9,2,62.8076572470374,0.279690587811035,81.59,6,15156.4469411159,2,0.00340580872302167,8218
"Minor_Damage_And_Injuries",43.3333333333333,16,21,70.2825888787603,0.394007212405337,77.27,2,36883.7899744297,3,0.499470695720181,5541
"Significant_Damage_And_Serious_Injuries",35.7077625570776,14,15,61.485870556062,0.624804183195095,77.34,3,34371.8627634336,2,0.17078321571126,1041
"Significant_Damage_And_Fatalities",44.2009132420091,19,4,66.6818596171377,0.307458348359178,82.66,2,26493.1345735652,2,0.360857469184247,8244
"Significant_Damage_And_Fatalities",82.2374429223744,7,14,72.0145852324522,0.323686260367832,84.03,3,34977.6810000549,2,0.174153414362184,5585
"Significant_Damage_And_Fatalities",32.4200913242009,12,14,55.4694621695533,0.475507392715471,84.8,4,44914.3691492549,1,0.0817928467836764,4214
"Minor_Damage_And_Injuries",58.5844748858447,11,22,78.5323609845032,0.271035701406419,81.18,2,38728.4865016046,2,0.52135290526144,7247
"Highly_Fatal_And_Damaging",34.4748858447488,11,11,73.1996353691887,0.3785005409304,77.65,2,20374.9875573108,0,0.274727998472217,8414
"Highly_Fatal_And_Damaging",27.7168949771689,13,5,65.1321786690975,0.549434547421565,78.66,5,32429.458723446,2,0.0222599212440119,9880
"Significant_Damage_And_Serious_Injuries",33.972602739726,15,0,84.9134001823154,0.248316624594302,82.44,3,39017.5759192136,2,0.194627896518072,6279
"Significant_Damage_And_Fatalities",77.4885844748858,8,1,74.7948951686418,0.338471691309052,79.85,1,30270.7936697433,1,1.11043176521493,9536
"Significant_Damage_And_Serious_Injuries",24.6575342465753,17,4,75.2962625341842,0.238940497655968,80.78,6,26632.0129708879,2,0.0065120821981488,6436
"Minor_Damage_And_Injuries",56.5753424657534,11,13,64.1294439380128,0.448460872701046,77.36,2,42036.9652735589,1,0.569213825805112,5368
"Minor_Damage_And_Injuries",60.1369863013699,10,2,64.4940747493163,0.317555715831229,81.49,2,32218.4656381463,1,0.435983529967462,10559
"Significant_Damage_And_Fatalities",35.0684931506849,11,12,52.3245214220602,0.405186440677966,81.89,4,25131.3222040264,3,0.045349159176968,2333
"Minor_Damage_And_Injuries",41.324200913242,16,8,71.5587967183227,0.333423007573026,77.27,5,37986.3456451741,3,0.02602937463813,5408
"Minor_Damage_And_Injuries",36.027397260274,18,6,80.4010938924339,0.293394157951677,75.4,2,37038.5414452765,4,0.499845233093124,8672
"Highly_Fatal_And_Damaging",34.4748858447488,11,8,69.2342752962625,0.331980526505589,77.94,2,34813.8032822669,1,0.472579040824127,7133
"Minor_Damage_And_Injuries",46.1187214611872,15,11,61.485870556062,0.570350522899387,79.06,5,20654.0788047055,2,0.0139893150588248,4933
"Significant_Damage_And_Fatalities",58.1735159817352,15,3,59.9817684594348,0.33883231157591,80.85,1,21079.1691091078,3,0.771558067118472,8027
"Minor_Damage_And_Injuries",50.4109589041096,13,6,65.9525979945305,0.309982690227191,78.48,1,23123.3779300365,2,0.843848407665036,10187
"Significant_Damage_And_Fatalities",59.2694063926941,14,1,65.1321786690975,0.368403173458348,77.32,7,47673.7542926758,2,0.00494968496953161,964
"Highly_Fatal_And_Damaging",39.5890410958904,16,8,51.4129443938013,0.533927875946628,81.79,5,27420.8273928111,1,0.0187014909382164,2144
"Highly_Fatal_And_Damaging",23.4703196347032,14,7,79.3983591613491,0.366960692390912,78.32,4,46688.72895675,4,0.0852658479246149,11676
"Significant_Damage_And_Serious_Injuries",51.4155251141552,10,13,62.2151321786691,0.402301478543094,81.45,7,42642.8090049298,2,0.0042445268454015,2232
"Significant_Damage_And_Fatalities",29.4520547945205,13,34,52.5524156791249,0.542943382618103,76.62,1,32193.5466037107,2,1.19173458023308,8899
"Significant_Damage_And_Serious_Injuries",31.2785388127854,16,4,65.1321786690975,0.466491886043996,84.55,1,40822.7854450646,1,1.4845242861878,9573
"Significant_Damage_And_Serious_Injuries",46.3470319634703,11,0,62.1695533272562,0.323686260367832,82.41,6,19949.517832695,4,0.00477461805321776,6509
"Highly_Fatal_And_Damaging",40.6392694063927,16,6,51.5041020966272,0.556286332491886,81.8,1,24314.5667574427,0,0.894482923105375,6728
"Highly_Fatal_And_Damaging",36.1187214611872,11,15,65.8614402917047,0.449542733501623,81.39,1,39396.116621502,1,1.44569257769582,6617
"Highly_Fatal_And_Damaging",71.9178082191781,7,0,56.3810391978122,0.365878831590335,75.12,4,19872.4691787797,3,0.0353204941879463,12426
"Significant_Damage_And_Fatalities",72.3287671232876,10,2,64.4029170464904,0.277526866209881,78.96,7,31436.6445716366,3,0.00258767024506275,5146
"Significant_Damage_And_Serious_Injuries",42.283105022831,12,4,65.1321786690975,0.333423007573026,78.36,6,50885.1307322559,2,0.0130417779497398,2833
"Significant_Damage_And_Serious_Injuries",58.675799086758,1,2,75.38742023701,0.336307969707898,75.96,6,29146.6878538815,3,0.00752559000008543,9494
"Minor_Damage_And_Injuries",43.1963470319635,12,21,45.4421148587056,0.675651640822214,78.61,2,20799.9255916983,2,0.279104058078208,3722
"Highly_Fatal_And_Damaging",12.4657534246575,18,1,60.3008204193255,0.28149368914533,78.16,4,30477.3190817566,2,0.0560558043214879,7305
"Significant_Damage_And_Serious_Injuries",67.5342465753425,12,15,45.897903372835,0.411316985214569,82.01,7,49884.0090545166,2,0.00469611599491054,2109
"Minor_Damage_And_Injuries",61.324200913242,10,1,63.6736554238833,0.568547421565092,78.78,5,26164.096240265,2,0.0170358910014253,3851
"Highly_Fatal_And_Damaging",18.9497716894977,16,7,89.4257064721969,0.248677244861161,77.1,4,16355.890560807,4,0.0299661504225882,2731
"Significant_Damage_And_Serious_Injuries",43.972602739726,12,0,66.7730173199635,0.246513523260007,83.07,6,23291.3274000395,3,0.00544196944099981,8612
"Significant_Damage_And_Fatalities",26.2557077625571,14,2,51.0483135824977,0.485965380454381,80.23,1,36873.0707665609,1,1.35005026474898,3164
"Significant_Damage_And_Fatalities",50.0456621004566,17,8,74.2023701002735,0.234973674720519,77.95,7,43755.4722245528,2,0.00375006683446869,6760
"Highly_Fatal_And_Damaging",32.1917808219178,12,4,73.5186873290793,0.394728452939055,76.27,1,44739.9435207394,2,1.64589054204515,6059
"Minor_Damage_And_Injuries",55.7077625570776,12,6,64.6763901549681,0.331980526505589,80.22,3,30035.7155455223,1,0.149886330606671,10682
"Highly_Fatal_And_Damaging",47.9908675799087,7,11,66.3172288058341,0.426823656689506,75.88,1,59153.8867394971,2,2.05771410396436,9191
"Significant_Damage_And_Serious_Injuries",44.9315068493151,12,5,73.9288969917958,0.413841327082582,81.23,1,26600.5288297051,0,0.978454626515347,7256
"Minor_Damage_And_Injuries",50.365296803653,13,5,68.869644484959,0.284739271547061,78.74,5,36028.4975935607,3,0.0245406632757047,3198
"Significant_Damage_And_Serious_Injuries",26.6666666666667,17,2,65.6791248860529,0.346405337179949,83.21,6,22547.1952415476,1,0.00575729159765092,6655
"Minor_Damage_And_Injuries",64.5662100456621,9,2,71.9690063810392,0.458558240173098,79.53,5,27305.7293869438,1,0.01821736084668,1466
"Minor_Damage_And_Injuries",21.7351598173516,21,4,73.0173199635369,0.246874143526866,80.62,4,24487.7919532445,2,0.044555720248319,9661
"Highly_Fatal_And_Damaging",16.8036529680365,16,14,75.2506836827712,0.199993508835196,80.27,4,26198.2158404159,2,0.0480632914673825,652
"Significant_Damage_And_Fatalities",25.8904109589041,14,1,48.0856882406563,0.38210674359899,79.49,4,36511.6143171361,2,0.0658221949166717,8135
"Significant_Damage_And_Serious_Injuries",62.6940639269406,13,3,47.4020054694622,0.438724125495853,77.44,7,28287.9926044483,2,0.00274785303162175,6142
"Significant_Damage_And_Fatalities",44.5205479452055,8,0,52.5979945305378,0.417808150018031,79.62,2,15521.1855005986,2,0.212995086500785,7275
"Significant_Damage_And_Serious_Injuries",22.3744292237443,18,5,62.8076572470374,0.400498377208799,76.87,3,20743.3374704144,2,0.103606695084652,11457
"Significant_Damage_And_Serious_Injuries",31.9634703196347,15,3,62.0783956244303,0.452788315903353,82.45,2,41604.6105608803,1,0.559862119728008,2523
"Significant_Damage_And_Serious_Injuries",34.7488584474886,14,11,59.0701914311759,0.465770645510278,81.08,6,36093.8087038102,3,0.00899035486393975,9124
"Highly_Fatal_And_Damaging",44.0182648401826,8,2,83.5460346399271,0.199632888568337,78.33,4,15690.4942394297,2,0.0288587321163898,6071
"Significant_Damage_And_Serious_Injuries",26.1643835616438,17,0,63.1722880583409,0.330898665705012,78.78,3,37047.5511597612,2,0.184886418746886,10230
"Minor_Damage_And_Injuries",57.1232876712329,11,17,58.0674567000912,0.377418680129823,79.62,2,32215.0676113939,4,0.437330248263288,995
"Highly_Fatal_And_Damaging",30.1826484018265,13,11,63.7192342752963,0.383188604399567,80.37,7,27170.4051650641,2,0.00243243998136578,716
"Significant_Damage_And_Serious_Injuries",63.8356164383562,13,4,51.2762078395624,0.538976559682654,79.07,7,31314.1763085099,1,0.00260207911663162,243
"Highly_Fatal_And_Damaging",41.4155251141553,9,2,72.0145852324522,0.431151099891814,80.85,4,26023.2072563315,1,0.0478333679622759,7278
"Minor_Damage_And_Injuries",57.4429223744292,12,0,68.8240656335461,0.198911648034619,82.43,5,30043.7911297499,3,0.0199263679642517,9790
"Highly_Fatal_And_Damaging",40.7762557077626,16,8,47.0829535095716,0.438363505228994,78.33,2,27716.3461658188,1,0.37567404024528,5269
"Significant_Damage_And_Serious_Injuries",48.7214611872146,10,4,64.9954421148587,0.250119725928597,77.29,6,19643.5987363401,2,0.00443320081094456,2388
"Significant_Damage_And_Fatalities",57.7625570776256,14,3,67.4567000911577,0.219827623512441,79.14,4,13192.6746411516,3,0.0251115583460465,5039
"Significant_Damage_And_Serious_Injuries",36.0730593607306,14,16,88.6508659981769,0.245071042192571,75.25,6,35317.9119389435,1,0.0090676683776277,10631
"Significant_Damage_And_Serious_Injuries",47.1232876712329,11,7,66.9097538742024,0.450263974035341,81.15,4,28878.3958171383,2,0.0539003607023165,5255
"Highly_Fatal_And_Damaging",50.7305936073059,13,0,51.9143117593437,0.444133429498738,80.5,3,36885.6979512017,1,0.182958864917738,3562
"Minor_Damage_And_Injuries",72.9680365296803,7,6,80.4010938924339,0.337029210241615,77.77,2,29821.7823571095,2,0.403593936192003,4305
"Significant_Damage_And_Serious_Injuries",39.3607305936073,13,5,66.4995442114859,0.465770645510278,83.94,2,41604.6105608803,1,0.561343946515332,11240
"Highly_Fatal_And_Damaging",31.1872146118721,12,0,74.7493163172288,0.399055896141363,76.02,1,34544.1444583375,3,1.27597904434728,7101
"Significant_Damage_And_Serious_Injuries",37.5799086757991,14,6,71.6955332725615,0.27788748647674,76.3,3,26538.322262979,2,0.132090952785728,4366
"Minor_Damage_And_Injuries",64.1552511415525,9,9,86.2351868732908,0.306737107825459,81.53,7,29926.3268578851,2,0.00272892777569951,1645
"Highly_Fatal_And_Damaging",36.2557077625571,11,1,73.746581586144,0.29591849981969,84.4,4,31592.253491779,2,0.0574136583741536,2157
"Significant_Damage_And_Serious_Injuries",27.1689497716895,17,2,78.8969917958068,0.397613415073927,85.07,3,25735.8047537328,2,0.128896401917114,7403
"Minor_Damage_And_Injuries",43.4703196347032,15,2,55.2415679124886,0.19494482509917,79.85,2,25223.0471674453,2,0.339470394778478,6622
"Minor_Damage_And_Injuries",56.8493150684931,11,1,68.8240656335461,0.198911648034619,82.66,2,19364.5453914156,2,0.254442294313853,7340
"Minor_Damage_And_Injuries",49.5890410958904,10,35,56.2898814949863,0.498947710061305,83.6,3,19850.6813158984,2,0.0999430144336609,3574
"Significant_Damage_And_Fatalities",22.648401826484,15,4,47.2196900638104,0.582611611972593,79.09,1,42207.8989235388,2,1.56365104590688,10929
"Highly_Fatal_And_Damaging",53.7899543378995,5,5,71.2397447584321,0.304573386224305,79.03,7,38405.2090260466,3,0.00367281521253783,3466
"Highly_Fatal_And_Damaging",46.2100456621004,15,7,37.6481312670921,0.557728813559322,79.74,6,45760.7560852147,2,0.0116440067057929,8806
"Highly_Fatal_And_Damaging",44.0639269406393,8,2,85.1868732907931,0.269953840605842,78.21,4,42198.5543060512,2,0.0769603531991185,8023
"Significant_Damage_And_Fatalities",54.1095890410959,16,15,64.0382862351869,0.339192931842769,77.78,2,57329.6806139297,2,0.79816489732788,3092
"Significant_Damage_And_Serious_Injuries",36.7579908675799,14,3,60.3008204193255,0.243989181391994,84.15,6,39996.5548245716,3,0.00977712175376896,7151
"Significant_Damage_And_Serious_Injuries",38.0821917808219,14,54,74.5214220601641,0.334144248106743,82.69,3,34608.2943986072,2,0.173121147972134,5789
"Highly_Fatal_And_Damaging",26.4840182648402,13,25,72.0145852324522,0.205042192571222,79.88,6,29310.9552448007,2,0.00743860219406398,7901
"Minor_Damage_And_Injuries",42.8310502283105,15,4,59.9817684594348,0.37489433826181,78.46,2,48111.33802557,1,0.653318296764309,9623
"Significant_Damage_And_Serious_Injuries",54.2922374429224,9,2,87.2835004557885,0.316113234763794,87.27,6,40757.3230112037,3,0.0100998662573888,5884
"Minor_Damage_And_Injuries",47.7168949771689,11,13,45.8523245214221,0.586939055174901,81.12,2,36575.0996156361,3,0.494990146588943,11608
"Significant_Damage_And_Serious_Injuries",53.7442922374429,9,2,62.8076572470374,0.279690587811035,80.34,3,46064.8961794662,3,0.228868428380583,5590
"Significant_Damage_And_Serious_Injuries",46.0730593607306,11,0,63.7648131267092,0.366960692390912,79.28,5,27665.2998400449,1,0.01851592253734,5180
"Minor_Damage_And_Injuries",46.2557077625571,15,18,70.0091157702826,0.403022719076812,80.35,2,43568.9520903035,1,0.596791289287252,5281
"Highly_Fatal_And_Damaging",36.3926940639269,11,1,73.746581586144,0.300967183555716,81.76,5,29518.3315276388,1,0.0198462668231589,564
"Significant_Damage_And_Fatalities",21.9634703196347,15,10,55.6973564266181,0.580447890371439,77.63,4,22678.6809668713,3,0.0419768073468294,8387
"Highly_Fatal_And_Damaging",28.9041095890411,13,0,66.1349134001823,0.438002884962135,80.62,2,31748.2529497146,1,0.430069222346108,5314
"Minor_Damage_And_Injuries",24.703196347032,18,16,38.7876025524157,0.654375045077533,79.25,2,18556.7700446195,2,0.236919313266494,10709
"Significant_Damage_And_Fatalities",21.8721461187215,15,9,48.5870556061987,0.582250991705733,78.54,1,48437.4400756808,3,1.79913125355139,6921
"Minor_Damage_And_Injuries",55.9360730593607,12,7,72.0145852324522,0.380303642264695,81.92,3,20630.7168545235,3,0.10271429105142,11791
"Highly_Fatal_And_Damaging",27.4885844748858,13,0,76.5268915223336,0.286181752614497,78.66,1,33007.8815916319,0,1.21223592334104,2699
"Minor_Damage_And_Injuries",48.9954337899543,14,22,67.0464904284412,0.192059862964299,86.57,3,44263.0435073702,3,0.220238164001149,2493
"Significant_Damage_And_Serious_Injuries",36.027397260274,14,2,72.926162260711,0.406989542012261,80.9,3,51754.9703998605,2,0.253342148267452,9240
"Significant_Damage_And_Fatalities",53.7442922374429,16,2,66.5451230628988,0.317916336098088,83.07,7,30955.5308494645,4,0.00290241121216763,12320
"Significant_Damage_And_Serious_Injuries",37.3059360730594,14,11,63.3546034639927,0.32080129823296,83.82,6,38835.975037127,2,0.0102550034172396,5323
"Significant_Damage_And_Serious_Injuries",56.1187214611872,8,4,62.2151321786691,0.278608727010458,78.8,5,39110.3958710801,3,0.0262599118503814,11070
"Highly_Fatal_And_Damaging",27.1689497716895,13,1,72.0145852324522,0.390040389469888,76.35,1,34544.1444583375,1,1.27339444569845,10937
"Significant_Damage_And_Fatalities",64.6575342465753,12,16,67.0009115770283,0.276084385142445,77.27,5,32301.4341762744,1,0.0224080310777914,2188
"Significant_Damage_And_Fatalities",61.7808219178082,13,17,64.4484958979034,0.408071402812838,78.85,7,43425.6129456688,2,0.00385096145564491,7576
"Significant_Damage_And_Serious_Injuries",37.5799086757991,14,6,66.6362807657247,0.316834475297511,80.26,7,23998.3048588661,2,0.00238118653379434,7076
"Significant_Damage_And_Fatalities",44.8858447488584,18,7,52.8258887876026,0.467573746844573,81.35,6,17731.5542769187,1,0.0047923018675796,31
"Significant_Damage_And_Fatalities",38.4474885844749,10,2,54.0565177757521,0.59090587811035,77.3,4,28211.0766126082,2,0.0521361149070095,4903
"Minor_Damage_And_Injuries",37.8082191780822,17,7,78.4867821330902,0.329816804904435,79.31,3,24946.5314678191,1,0.124631110425203,5742
"Highly_Fatal_And_Damaging",32.6027397260274,12,6,62.9443938012762,0.444854670032455,76.23,1,44739.9435207394,2,1.71077585281461,5719
"Highly_Fatal_And_Damaging",20.1369863013699,15,0,85.5515041020967,0.280051208077894,78.73,4,30415.652244998,0,0.0556599827434588,2963
"Significant_Damage_And_Serious_Injuries",23.6073059360731,18,7,78.0765724703738,0.36768193292463,81.23,6,37616.4149312029,2,0.00943613123786257,257
"Significant_Damage_And_Serious_Injuries",56.7579908675799,8,3,74.4302643573382,0.435478543094122,85.72,3,13504.5464512098,4,0.0659238242008835,4754
"Highly_Fatal_And_Damaging",27.8995433789954,13,3,65.1321786690975,0.318637576631806,79.73,1,27761.9538583697,2,1.02511328238221,8952
"Minor_Damage_And_Injuries",64.9315068493151,9,0,61.2123974475843,0.46108258204111,80.72,2,20134.1452289941,1,0.266623438582304,8736
"Significant_Damage_And_Serious_Injuries",29.0867579908676,16,2,68.5961713764813,0.308540209159754,78.3,5,40821.1958847229,3,0.0273062158003251,7317
"Highly_Fatal_And_Damaging",31.3698630136986,12,2,80.6745670009116,0.219827623512441,80.73,1,22102.0385431341,2,0.819092324798317,11389
"Minor_Damage_And_Injuries",68.2648401826484,8,14,65.2689152233364,0.334865488640461,81.92,2,48274.055452493,1,0.659387127544305,5247
"Highly_Fatal_And_Damaging",30.3196347031963,12,2,74.2023701002735,0.215500180310133,78.79,4,28856.0567170427,2,0.0533984110646786,9491
"Significant_Damage_And_Serious_Injuries",15.7534246575342,20,23,74.2023701002735,0.206484673638658,76.8,3,24272.0591078432,1,0.119911593140671,1693
"Highly_Fatal_And_Damaging",20.3196347031963,15,26,61.0300820419326,0.263823296069239,82.97,4,20584.3239850503,1,0.0373266614318475,2770
"Minor_Damage_And_Injuries",43.7442922374429,15,5,93.6645396536008,0.27788748647674,82.53,2,30619.787367647,2,0.416258197098539,6526
"Significant_Damage_And_Serious_Injuries",39.1780821917808,13,7,75.9343664539654,0.434036062026686,83.63,6,44552.8688266593,1,0.0109988106068976,2957
"Significant_Damage_And_Serious_Injuries",39.634703196347,13,6,73.1084776663628,0.268150739271547,79.12,6,19615.290329981,2,0.00421551230750146,8139
"Minor_Damage_And_Injuries",40.2283105022831,16,3,59.2980856882407,0.312507032095204,85.04,3,25813.3805437588,3,0.128711312514445,10150
"Significant_Damage_And_Fatalities",76.3926940639269,9,6,65.1321786690975,0.52599423007573,79.6,7,38526.0139325097,1,0.00356266594166834,5294
"Significant_Damage_And_Serious_Injuries",34.4292237442922,14,13,62.8532360984503,0.387876667868734,79.86,6,52220.9138495708,2,0.0127192033069789,1060
"Significant_Damage_And_Serious_Injuries",33.4246575342466,15,7,74.7493163172288,0.497505228993869,77.39,3,19618.548566256,3,0.0983522686654718,7778
"Minor_Damage_And_Injuries",39.7260273972603,17,5,62.2607110300821,0.379943021997836,80.76,1,15959.0195736998,1,0.563737503783226,3047
"Minor_Damage_And_Injuries",55.5251141552511,8,4,53.6463081130356,0.222712585647313,79.67,4,29638.2639734828,2,0.0548654683705585,9907