"Severity","Safety_Score","Days_Since_Inspection","Total_Safety_Complaints","Control_Metric","Turbulence_In_gforces","Cabin_Temperature","Accident_Type_Code","Max_Elevation","Violations","Adverse_Weather_Metric","Accident_ID"
"Highly_Fatal_And_Damaging",38.3561643835616,10,4,69.0063810391978,0.310703930760908,82.3,4,33523.7023387974,2,0.0612742959425418,2430
"Significant_Damage_And_Serious_Injuries",69.9086757990868,8,1,45.897903372835,0.63021348719798,86.3,7,34791.9975752394,2,0.00300048526359377,7439
"Highly_Fatal_And_Damaging",42.648401826484,8,22,64.3117593436645,0.387876667868734,86.43,7,42414.4038324728,3,0.00397201952415538,7846
"Significant_Damage_And_Fatalities",28.2648401826484,13,6,55.7885141294439,0.303852145690588,78.96,4,37014.2169525702,3,0.0678905095124799,7150
"Minor_Damage_And_Injuries",29.634703196347,20,8,66.5907019143118,0.42177497295348,80.63,4,42476.368666169,3,0.0774424735192348,2921
"Significant_Damage_And_Serious_Injuries",35.5251141552511,14,15,69.2798541476755,0.439445366029571,79.36,6,52988.5962894181,1,0.0121013358844603,1328
"Significant_Damage_And_Serious_Injuries",77.7625570776256,9,6,51.5041020966272,0.509045077533357,79.78,7,32473.8642120236,3,0.00321479368160568,7866
"Minor_Damage_And_Injuries",53.7442922374429,9,2,48.2224247948952,0.493899026325279,83.39,3,38304.3259164758,1,0.19059343244646,8710
"Minor_Damage_And_Injuries",39.5890410958904,13,5,20.9662716499544,0.777707176343311,79.14,5,27780.3160869946,4,0.0179458235336835,10955
"Highly_Fatal_And_Damaging",56.5753424657534,11,20,69.5989061075661,0.303491525423729,86.1,3,43364.8414997352,4,0.217596029133936,7414
"Significant_Damage_And_Serious_Injuries",43.8356164383562,12,1,64.2661804922516,0.273560043274432,80.77,3,34616.5337280709,2,0.173360461788059,4158
"Significant_Damage_And_Fatalities",83.6529680365297,7,6,87.2379216043756,0.168980165885323,82.6,7,27286.2947282904,2,0.00229589745271094,11341
"Significant_Damage_And_Serious_Injuries",29.4063926940639,16,19,82.3609845031905,0.228482509917057,75.25,1,14582.4606952481,4,0.51302895528027,3258
"Highly_Fatal_And_Damaging",56.6666666666667,11,6,55.9708295350957,0.409153263613415,86.42,2,44377.5915457626,2,0.600585392120449,3781
"Minor_Damage_And_Injuries",30.8219178082192,19,6,59.8906107566089,0.311785791561485,80.54,2,26641.2465110544,2,0.362925272467254,8048
"Significant_Damage_And_Serious_Injuries",43.7899543378995,12,0,71.6955332725615,0.342077893977641,78.04,3,36285.3627912364,3,0.180699125679212,6511
"Highly_Fatal_And_Damaging",52.6027397260274,13,7,51.4129443938013,0.462885683375405,75.97,7,37072.399785034,2,0.00343905087966309,3393
"Highly_Fatal_And_Damaging",27.8538812785388,13,1,72.0145852324522,0.346765957446808,81.39,4,43619.815305396,3,0.0799891900853305,12195
"Significant_Damage_And_Serious_Injuries",36.1643835616438,14,3,66.4995442114859,0.339553552109629,78.97,3,44801.7323161748,2,0.223008337378143,4806
"Highly_Fatal_And_Damaging",57.0776255707762,11,0,54.3299908842297,0.427905517490083,79.6,5,31500.1793315168,1,0.0213514007537023,1386
"Significant_Damage_And_Fatalities",20.5479452054795,15,2,39.7903372835005,0.727941579516768,78.99,6,45610.728792073,2,0.0117574692248208,3935
"Highly_Fatal_And_Damaging",36.2100456621005,11,2,70.1914311759344,0.482359177785791,84.51,5,36969.1983790329,2,0.0245030952312339,5417
"Significant_Damage_And_Fatalities",64.6118721461187,13,17,72.8805834092981,0.364796970789758,81.85,1,33346.1748713174,0,1.22964533075899,8817
"Minor_Damage_And_Injuries",30.7305936073059,16,1,45.897903372835,0.603888207717274,80.82,1,38668.1600657735,1,1.42491830921864,1822
"Highly_Fatal_And_Damaging",28.8584474885845,13,2,64.6763901549681,0.238579877389109,78.76,4,35920.1462391505,4,0.0659522021298071,1174
"Minor_Damage_And_Injuries",41.8264840182648,16,6,72.151321786691,0.248677244861161,79.2,6,39280.6384452088,1,0.0100243730139918,2883
"Highly_Fatal_And_Damaging",68.1278538812785,8,14,42.8441203281678,0.584054093040028,77.77,2,26365.8261288618,2,0.358006957129077,9688
"Highly_Fatal_And_Damaging",15.9817351598174,17,5,82.5888787602553,0.279329967544176,79.88,1,47235.0426420563,4,1.73575874706691,2432
"Minor_Damage_And_Injuries",72.1004566210046,7,44,72.8805834092981,0.334144248106743,78.03,5,27190.7936061396,2,0.0184283725792126,567
"Minor_Damage_And_Injuries",33.1050228310502,15,2,47.9033728350046,0.429708618824378,79.46,1,29989.0265842119,2,1.10713322942273,5777
"Minor_Damage_And_Injuries",74.1095890410959,6,7,75.8432087511395,0.272117562206996,78.37,6,45294.8304706165,2,0.0116993176601363,4834
"Highly_Fatal_And_Damaging",33.1963470319635,12,14,75.432999088423,0.371648755860079,78.08,4,16337.4324888073,1,0.0286798817567628,2191
"Minor_Damage_And_Injuries",31.689497716895,19,6,61.485870556062,0.422496213487198,77.16,4,42476.368666169,3,0.0777981829794295,7865
"Highly_Fatal_And_Damaging",56.027397260274,11,3,55.9708295350957,0.560253155427335,83.72,2,25377.6139205903,1,0.343448656781249,6022
"Highly_Fatal_And_Damaging",22.7397260273973,15,7,92.1148587055606,0.179438153624233,78.58,4,28994.8333817836,2,0.0536168001945233,12482
"Highly_Fatal_And_Damaging",46.4840182648402,8,4,72.0145852324522,0.373451857194374,81.56,4,15088.7811089102,2,0.0263158471738954,3751
"Significant_Damage_And_Serious_Injuries",48.3561643835616,10,5,63.2634457611668,0.225236927515326,78.8,3,37065.4837499923,2,0.184826859556648,10292
"Significant_Damage_And_Serious_Injuries",21.9178082191781,18,10,72.7894257064722,0.197108546700325,77.96,6,43015.8202157457,1,0.0105571863156422,9288
"Significant_Damage_And_Serious_Injuries",38.5844748858447,13,4,91.0665451230629,0.300606563288856,78.54,3,32547.5858221591,3,0.16258386348284,7946
"Significant_Damage_And_Serious_Injuries",30.6849315068493,16,1,72.151321786691,0.413480706815723,83.26,6,28759.0997547688,3,0.00748354252390023,9954
"Significant_Damage_And_Serious_Injuries",47.9908675799087,11,2,74.8860528714676,0.298442841687703,83.56,3,20406.491789574,3,0.10271429105142,10446
"Minor_Damage_And_Injuries",49.5890410958904,10,15,56.563354603464,0.538615939415795,79.75,3,34820.3795626492,2,0.173121147972134,8740
"Highly_Fatal_And_Damaging",35.2054794520548,11,5,84.1841385597083,0.199632888568337,78.48,4,34068.413317104,4,0.0623039234639817,8615
"Minor_Damage_And_Injuries",30.5936073059361,19,9,70.6016408386509,0.29555787955283,78.17,2,47198.4160831705,2,0.64817098869959,2581
"Significant_Damage_And_Fatalities",37.2146118721461,10,1,52.5979945305378,0.629852866931121,77.93,4,38800.9673142313,2,0.0707412082678978,11704
"Significant_Damage_And_Fatalities",72.5570776255708,10,1,61.2123974475843,0.297000360620267,88.62,7,39929.3697908358,3,0.00371602056313594,12307
"Significant_Damage_And_Serious_Injuries",52.9680365296804,9,11,61.6226071103008,0.456033898305084,82.45,6,28878.3958171383,3,0.00751493305751333,5068
"Significant_Damage_And_Serious_Injuries",38.7671232876712,13,6,69.5533272561531,0.370927515326361,81.53,5,28009.0035979271,3,0.0186972981750902,362
"Highly_Fatal_And_Damaging",53.7899543378995,12,17,51.686417502279,0.492456545257843,77.62,7,39722.0683812798,3,0.00354619525319768,5520
"Significant_Damage_And_Fatalities",32.9223744292237,11,7,54.6946216955333,0.448100252434187,78.65,5,15252.2217803697,2,0.0108072656643546,776
"Highly_Fatal_And_Damaging",29.1780821917808,13,4,77.7119416590702,0.17330760908763,80.55,3,14446.0324722251,2,0.0728513382155746,1803
"Minor_Damage_And_Injuries",46.5753424657534,14,21,78.4867821330902,0.450263974035341,79.22,5,52023.4605639422,2,0.036830045683054,3649
"Significant_Damage_And_Fatalities",12.6940639269406,18,12,41.5223336371923,0.57648106743599,76.52,4,43696.8024313571,3,0.0796140496419091,171
"Significant_Damage_And_Serious_Injuries",31.9178082191781,15,2,62.0783956244303,0.318276956364948,78.63,4,39744.9867350495,3,0.0728211852936628,1917
"Minor_Damage_And_Injuries",42.0547945205479,16,0,64.4940747493163,0.302409664623152,79.3,2,30269.9710133246,2,0.412117131132194,1538
"Significant_Damage_And_Serious_Injuries",56.2100456621004,8,0,63.4457611668186,0.481637937252074,78.64,3,33372.8197860987,2,0.165002363929807,5343
"Significant_Damage_And_Serious_Injuries",52.3744292237443,6,7,57.4293527803099,0.466491886043996,85.1,3,40156.8143732675,1,0.200404041434698,8355
"Significant_Damage_And_Fatalities",28.8584474885845,13,3,53.6007292616226,0.497505228993869,77.83,1,17307.2747036961,1,0.636699054619635,6960
"Minor_Damage_And_Injuries",40.9132420091324,16,44,66.1349134001823,0.46108258204111,77.04,2,34608.2943986072,3,0.467631224501648,11644
"Minor_Damage_And_Injuries",41.324200913242,16,5,71.1485870556062,0.201435989902632,75.14,2,41709.0152758443,2,0.566711946616045,6195
"Significant_Damage_And_Serious_Injuries",41.7351598173516,13,11,71.8778486782133,0.380303642264695,77.46,6,33680.0996768755,2,0.008357925668864,12424
"Highly_Fatal_And_Damaging",4.79452054794521,20,0,64.9954421148587,0.256610890732059,85.22,1,26418.0517976765,2,0.978578768073676,4711
"Significant_Damage_And_Serious_Injuries",46.8949771689498,11,1,67.9580674567001,0.395810313739632,81.2,3,37860.2182562856,0,0.189029307357235,8339
"Minor_Damage_And_Injuries",34.8401826484018,15,6,52.4156791248861,0.456033898305084,78.48,5,37082.0044165987,0,0.0252195650776522,11077
"Highly_Fatal_And_Damaging",39.041095890411,10,2,57.4749316317229,0.385352326000721,80.48,3,34132.2412197546,2,0.170549109508286,10706
"Significant_Damage_And_Fatalities",48.7214611872146,17,13,71.8778486782133,0.432232960692391,76.04,7,19804.4945726575,4,0.00165483628932035,8435
"Significant_Damage_And_Serious_Injuries",51.2328767123288,10,3,62.0783956244303,0.316834475297511,80.06,4,33538.2092577659,2,0.0611836711383713,4988
"Significant_Damage_And_Serious_Injuries",52.3744292237443,16,5,40.5195989061076,0.608215650919581,79.06,7,35353.918987519,0,0.00334276282740212,12052
"Highly_Fatal_And_Damaging",14.4748858447489,17,8,54.922515952598,0.47911359538406,79.35,4,19391.6963047019,2,0.0361205596335011,7535
"Highly_Fatal_And_Damaging",55.1141552511415,12,2,48.7237921604376,0.508684457266498,77.93,6,16999.0567662495,2,0.00477461805321776,7693
"Significant_Damage_And_Fatalities",56.7123287671233,15,12,82.1786690975388,0.275002524341868,79.99,7,23758.0297826798,3,0.00232829982073789,3563
"Minor_Damage_And_Injuries",42.9680365296804,16,1,62.7620783956244,0.46829498737829,78.06,5,32114.7155845654,3,0.0213563557462063,6079
"Significant_Damage_And_Fatalities",24.9315068493151,14,3,54.8313582497721,0.340996033177064,81.71,4,42483.5374360881,1,0.0774424735192348,11249
"Highly_Fatal_And_Damaging",12.1004566210046,18,6,41.6134913400182,0.556286332491886,80.72,4,48338.7786128591,2,0.088524033837248,7385
"Minor_Damage_And_Injuries",45.7990867579909,15,3,78.4867821330902,0.343159754778218,76.89,4,15865.8721701261,2,0.0296883507771248,7361
"Significant_Damage_And_Serious_Injuries",33.013698630137,15,5,95.4876937101185,0.314310133429499,83.96,6,45176.8326191203,2,0.0115992727931572,5054
"Minor_Damage_And_Injuries",70.0456621004566,8,15,64.9042844120328,0.46108258204111,78.29,2,29784.2743594728,1,0.403546822916697,4876
"Significant_Damage_And_Fatalities",38.7671232876712,10,6,54.3299908842297,0.192059862964299,80.37,4,23701.007581183,0,0.0431418920641042,12178
"Minor_Damage_And_Injuries",40.4109589041096,13,9,55.2415679124886,0.385352326000721,78.62,5,47132.9571072998,3,0.0321506743413185,6794
"Highly_Fatal_And_Damaging",36.986301369863,10,5,74.0656335460346,0.33883231157591,78.7,6,35390.7352371476,1,0.00923431990173697,7500
"Minor_Damage_And_Injuries",49.3607305936073,14,5,90.154968094804,0.255168409664623,79.79,2,33941.903054487,3,0.460234936518916,10043
"Significant_Damage_And_Serious_Injuries",46.6666666666667,11,1,68.8240656335461,0.278248106743599,81.46,6,21703.2159005865,3,0.005557064300179,6573
"Minor_Damage_And_Injuries",54.2465753424657,9,0,51.5952597994531,0.564580598629643,83.28,3,43786.8471432262,2,0.220238164001149,9543
"Significant_Damage_And_Serious_Injuries",22.3744292237443,18,5,66.3172288058341,0.269953840605842,75.05,6,24613.5488916701,2,0.00611916350952947,6331
"Highly_Fatal_And_Damaging",26.7123287671233,13,22,63.9015496809481,0.201435989902632,79.72,3,23362.5382988508,4,0.11620474523904,11593
"Minor_Damage_And_Injuries",54.703196347032,12,1,73.0173199635369,0.32116191849982,84.46,2,31227.8825232193,4,0.422623432615956,6668
"Significant_Damage_And_Serious_Injuries",54.1095890410959,9,6,88.4685505925251,0.268150739271547,79.12,3,37541.6763730355,0,0.187629659106472,11649
"Minor_Damage_And_Injuries",44.1095890410959,15,4,69.4165907019143,0.323686260367832,78.03,2,32990.9149372376,3,0.44742024933316,1953
"Minor_Damage_And_Injuries",47.0319634703196,14,17,64.9954421148587,0.339553552109629,79.01,2,27752.7367849651,1,0.37781960523515,10623
"Highly_Fatal_And_Damaging",25.296803652968,14,11,58.2953509571559,0.317555715831229,79.78,6,22429.8625953409,3,0.00542982922464727,632
"Significant_Damage_And_Serious_Injuries",53.5616438356164,9,1,61.3947128532361,0.369124413992066,75.35,2,61815.4982895265,1,0.79816489732788,9237
"Highly_Fatal_And_Damaging",34.2465753424658,11,2,77.7119416590702,0.245792282726289,81.26,4,9720.70649609129,2,0.0188905261278938,1800
"Significant_Damage_And_Fatalities",42.0547945205479,19,6,65.587967183227,0.268150739271547,79.65,2,37787.3407630363,1,0.512298964759858,5932
"Significant_Damage_And_Fatalities",23.4703196347032,14,3,53.327256153145,0.392204111071042,79.31,4,24892.5561259657,2,0.046132903592417,1508
"Significant_Damage_And_Fatalities",70.365296803653,11,3,55.0592525068368,0.253004688063469,78.43,7,30162.7965041591,3,0.00289124066348457,11798
"Highly_Fatal_And_Damaging",19.041095890411,16,10,70.4193254329991,0.207205914172377,78.64,1,38369.5421594542,1,1.41399626399471,8348
"Highly_Fatal_And_Damaging",37.7625570776256,17,17,52.2333637192343,0.533927875946628,79.39,2,38437.147945948,2,0.517879251431761,3979
"Minor_Damage_And_Injuries",60.5479452054795,7,1,56.6545123062899,0.495702127659574,76.32,2,25730.2207538216,3,0.348598243853363,4927
"Significant_Damage_And_Serious_Injuries",62.1461187214612,6,1,73.0173199635369,0.352175261449693,82.19,3,36758.4996177268,3,0.18306517420971,743
"Significant_Damage_And_Serious_Injuries",41.689497716895,13,9,65.2689152233364,0.32116191849982,81.04,3,38615.1265617957,2,0.192253394616584,9857
"Highly_Fatal_And_Damaging",23.4703196347032,14,0,76.6180492251596,0.386434186801298,78.39,6,55982.2927170896,1,0.0150402899314281,9756
"Significant_Damage_And_Fatalities",59.5433789954338,14,15,63.2634457611668,0.43259358095925,78.87,7,39722.0683812798,4,0.00371602056313594,5971
"Significant_Damage_And_Fatalities",60.365296803653,14,11,76.9826800364631,0.3785005409304,77.62,7,40757.0937838523,2,0.00353978635402655,1314
"Significant_Damage_And_Serious_Injuries",55.0228310502283,8,12,77.6663628076573,0.204320952037505,83.58,3,22637.5246682449,1,0.113475552580789,3771
"Minor_Damage_And_Injuries",62.6940639269406,6,21,45.4876937101185,0.48632600072124,81.8,6,29830.8511379732,1,0.00751256671759443,9096
"Significant_Damage_And_Serious_Injuries",47.1232876712329,11,7,69.9179580674567,0.228482509917057,79.08,3,24001.8530974736,2,0.119911593140671,7697
"Significant_Damage_And_Serious_Injuries",65.8904109589041,9,20,54.8313582497721,0.441248467363866,77,2,42365.0610556393,4,0.573348753730134,5659
"Significant_Damage_And_Fatalities",54.7488584474886,15,4,67.4567000911577,0.245071042192571,82.09,6,20633.9199967052,4,0.0056033729569485,7811
"Minor_Damage_And_Injuries",42.1004566210046,16,7,57.4749316317229,0.439084745762712,83.6,6,42607.0710974919,1,0.0105823276581405,3033
"Significant_Damage_And_Serious_Injuries",25.2511415525114,17,7,76.8915223336372,0.36768193292463,86.43,6,35111.5284262414,0,0.00916199640162813,7046
"Minor_Damage_And_Injuries",58.310502283105,11,5,76.8915223336372,0.425020555355211,76.78,2,25019.9299511302,3,0.337996374568915,3852
"Significant_Damage_And_Fatalities",60.5479452054795,14,9,73.0628988149499,0.260938333934367,78.5,3,24545.78142223,2,0.123159947775821,3153
"Significant_Damage_And_Serious_Injuries",16.1187214611872,20,4,82.2242479489517,0.434396682293545,79.8,3,40230.3528397513,3,0.199929006263749,5966
"Significant_Damage_And_Serious_Injuries",40.5479452054794,13,0,58.8878760255242,0.412038225748287,82.82,3,43915.3628054386,3,0.221832091304771,3859
"Highly_Fatal_And_Damaging",39.5433789954338,10,1,64.1750227894257,0.319358817165525,80.31,4,27108.1286016377,3,0.0497908075164823,7590
"Highly_Fatal_And_Damaging",40.0913242009132,10,1,57.5205104831358,0.401219617742517,80.48,5,41643.7682906453,1,0.0282665799569333,284
"Highly_Fatal_And_Damaging",49.3607305936073,13,2,54.8313582497721,0.28149368914533,79.09,2,30190.7653146865,1,0.408642256373192,4079
"Minor_Damage_And_Injuries",71.689497716895,3,0,56.3810391978122,0.271035701406419,80.33,6,37713.772281611,2,0.00981960279882369,7516
"Significant_Damage_And_Fatalities",68.4931506849315,11,1,61.7137648131267,0.370927515326361,82.49,4,32779.54276883,0,0.0601777442176999,12064
"Highly_Fatal_And_Damaging",20.1826484018265,15,0,74.0656335460346,0.424299314821493,80.85,1,18856.4834123892,4,0.685290136584357,2003
"Significant_Damage_And_Fatalities",20.2283105022831,15,1,55.9708295350957,0.301688424089434,76.49,4,49056.7510757056,2,0.0914192448513544,2575
"Significant_Damage_And_Serious_Injuries",52.4200913242009,16,5,32.7256153144941,0.584054093040028,84.87,1,28498.6715449159,2,1.04600375319121,7471
"Significant_Damage_And_Serious_Injuries",63.6986301369863,6,6,60.4375569735643,0.391482870537324,80.43,3,34804.4674968751,1,0.172361875338915,6207
"Highly_Fatal_And_Damaging",65.7990867579909,5,2,58.20419325433,0.312146411828345,79.04,4,36898.9211538341,0,0.0670921890387285,10275
"Minor_Damage_And_Injuries",47.7168949771689,14,1,65.2689152233364,0.364796970789758,78.42,2,51528.2397958681,4,0.695172258679209,9686
"Minor_Damage_And_Injuries",40.4109589041096,13,0,48.2224247948952,0.493899026325279,83.76,6,26841.8519726963,1,0.00675229101780232,10974
"Minor_Damage_And_Injuries",20.5936073059361,19,9,53.5551504102097,0.717844212044716,80.65,3,45290.8837505859,2,0.225104799742964,3196
"Significant_Damage_And_Fatalities",19.6803652968037,15,44,44.7128532360985,0.771576631806707,80.9,1,38538.5523033851,1,1.41153842752558,10317
"Significant_Damage_And_Serious_Injuries",41.2785388127854,13,17,72.0145852324522,0.205042192571222,77.89,6,38773.038880988,1,0.00959784055947456,5602
"Significant_Damage_And_Serious_Injuries",42.3744292237443,12,4,78.3956244302644,0.381024882798413,78.83,6,26954.6667963309,2,0.00668708180660719,10580
"Highly_Fatal_And_Damaging",33.5159817351598,11,5,57.7028258887876,0.394007212405337,79.71,3,38078.9002634437,1,0.189583681078914,8918
"Highly_Fatal_And_Damaging",32.9223744292237,12,9,57.7484047402006,0.282214929679048,76.94,1,44502.4966181395,2,1.62466774612099,9464
"Significant_Damage_And_Serious_Injuries",31.0958904109589,16,6,69.8268003646308,0.329456184637577,79.09,6,39140.6113678675,1,0.0100173907512994,5198
"Minor_Damage_And_Injuries",33.7442922374429,18,1,71.1485870556062,0.363715109989181,78.44,4,28154.2803480068,2,0.0515663632026278,7342
"Highly_Fatal_And_Damaging",43.0593607305936,8,12,75.432999088423,0.272117562206996,79.62,5,41279.1569541231,1,0.0273062158003251,9043
"Minor_Damage_And_Injuries",49.0867579908676,14,4,68.0948040109389,0.294115398485395,79.63,1,20231.0982565313,1,0.744647606073311,5412
"Minor_Damage_And_Injuries",29.1780821917808,20,3,66.2716499544212,0.504717634331049,83.16,6,16252.9008928241,1,0.00316250427677456,11049
"Highly_Fatal_And_Damaging",24.7945205479452,14,14,75.4785779398359,0.373451857194374,89.19,1,10541.4719849599,2,0.414537351776925,8351
"Highly_Fatal_And_Damaging",19.041095890411,16,4,74.61257976299,0.222351965380454,79.16,4,20146.9172518634,2,0.0375299377479807,5053
"Significant_Damage_And_Fatalities",72.3287671232876,10,3,37.6481312670921,0.600282005048683,78.46,7,37292.1290296158,1,0.00366521510048756,10216
"Highly_Fatal_And_Damaging",31.2328767123288,12,12,66.4995442114859,0.463967544175982,77.87,6,36305.7929992729,2,0.00880518950811756,7834
"Minor_Damage_And_Injuries",52.8767123287671,13,1,65.4512306289882,0.503635773530472,79.66,5,31827.6148641008,2,0.0215739524915231,9144
"Significant_Damage_And_Fatalities",33.013698630137,12,7,57.0191431175934,0.579366029570862,78.22,7,29365.0114975677,2,0.00276636633650779,2352
"Minor_Damage_And_Injuries",41.9178082191781,16,5,81.0391978122151,0.365157591056617,79.49,2,25605.0986574627,3,0.347656319724328,1259
"Highly_Fatal_And_Damaging",43.972602739726,9,3,73.4731084776664,0.265626397403534,82.66,4,34007.0176462605,2,0.0626562639126589,3621
"Minor_Damage_And_Injuries",58.8584474885845,11,5,78.9425706472197,0.308540209159754,84.53,2,34174.5816059994,3,0.464932337248785,502
"Significant_Damage_And_Serious_Injuries",59.634703196347,14,8,38.9699179580674,0.607855030652723,77.27,4,39222.4051184905,2,0.0713789477305042,10045
"Significant_Damage_And_Fatalities",32.5570776255708,12,2,54.6946216955333,0.256971510998918,78.72,1,15261.9932578438,1,0.602998606866232,10318
"Significant_Damage_And_Serious_Injuries",44.5205479452055,12,4,61.0756608933455,0.381746123332131,77.1,4,39422.8467693878,2,0.0726437651961764,994
"Highly_Fatal_And_Damaging",29.4063926940639,13,0,64.8131267092069,0.435478543094122,79.16,1,29021.2749490607,1,1.06520768095319,10688
"Highly_Fatal_And_Damaging",36.0730593607306,11,15,57.6572470373747,0.508684457266498,77.67,3,39150.6721955048,2,0.196274796736334,6568
"Significant_Damage_And_Fatalities",35.2511415525114,11,7,45.8067456700091,0.456755138838803,85.26,6,47640.9683428423,2,0.0116764435606435,8393
"Highly_Fatal_And_Damaging",16.3013698630137,16,0,67.2743846855059,0.460361341507393,84.72,3,23157.2982287448,4,0.114860898932605,5103
"Minor_Damage_And_Injuries",64.5662100456621,9,18,58.7511394712853,0.377418680129823,78.75,5,52418.715099566,3,0.0340042459384705,11714
"Minor_Damage_And_Injuries",59.1780821917808,11,5,70.1914311759344,0.421414352686621,77.91,6,54660.6342971425,1,0.0136143822090333,11989
"Highly_Fatal_And_Damaging",27.7168949771689,13,15,64.3117593436645,0.469376848178867,77.51,4,16337.4324888073,5,0.0290802124759881,5558
"Highly_Fatal_And_Damaging",70,8,1,55.6973564266181,0.320440677966102,82.04,2,37014.2169525702,2,0.50266644592326,5627
"Minor_Damage_And_Injuries",68.0365296803653,8,7,59.0701914311759,0.453509556437072,75.02,3,36421.5736321992,2,0.180699125679212,1960
"Highly_Fatal_And_Damaging",2.64840182648402,23,6,64.1294439380128,0.419611251352326,81.93,6,62672.5995653643,2,0.0150402899314281,9000
"Minor_Damage_And_Injuries",28.5844748858447,20,8,63.9015496809481,0.379582401730977,77.75,7,19640.4856046326,0,0.00173178063293489,4188
"Highly_Fatal_And_Damaging",29.7716894977169,12,6,68.4138559708295,0.277526866209881,79.6,2,33291.4743854099,2,0.452214632161678,11443
"Significant_Damage_And_Serious_Injuries",46.4840182648402,11,5,54.7857793983592,0.333423007573026,83.19,3,50885.1307322559,3,0.260940879484196,12401
"Minor_Damage_And_Injuries",53.9269406392694,12,8,61.9416590701914,0.448100252434187,81.26,2,43203.9825103468,5,0.587649264666186,7719
"Minor_Damage_And_Injuries",50.2283105022831,13,12,77.1649954421149,0.240743598990263,78.02,2,33791.6194215827,3,0.456318241492659,966
"Significant_Damage_And_Serious_Injuries",47.2146118721461,11,4,72.105742935278,0.380303642264695,75.4,5,30312.6031560311,2,0.0209494069398641,11018
"Significant_Damage_And_Serious_Injuries",47.5342465753425,11,9,79.8997265268915,0.29555787955283,78.47,3,48812.5044221945,2,0.240910414697027,5348
"Minor_Damage_And_Injuries",34.0182648401826,15,0,21.1485870556062,0.882647673999279,78.37,5,20326.1432622538,3,0.0139893150588248,3117
"Significant_Damage_And_Fatalities",62.0547945205479,13,20,60.8477666362808,0.362272628921745,88.27,7,26017.6846879558,3,0.00230766799205518,3130
"Highly_Fatal_And_Damaging",58.0365296803653,11,2,50.0911577028259,0.754627479264334,79.03,3,29407.4053655072,3,0.147352118771716,12429
"Significant_Damage_And_Fatalities",37.0776255707762,10,1,56.4266180492252,0.324407500901551,79.31,4,24779.9234269846,1,0.0453323988881035,984
"Minor_Damage_And_Injuries",71.324200913242,7,20,70.510483135825,0.439805986296429,77.71,2,35121.8584149202,2,0.475322665637944,4696
"Highly_Fatal_And_Damaging",23.1506849315068,14,7,74.7493163172288,0.247956004327443,78.58,5,33036.6523319837,3,0.0216476009652135,3993
"Significant_Damage_And_Serious_Injuries",52.283105022831,9,14,78.0765724703738,0.341356653443924,84.8,3,32746.1554861564,2,0.163604816192789,10348
"Highly_Fatal_And_Damaging",46.9406392694064,8,6,75.7064721969006,0.397613415073927,77.59,3,31974.0624100752,3,0.159335323690078,1550
"Highly_Fatal_And_Damaging",53.9269406392694,9,1,63.6736554238833,0.301688424089434,79.83,3,23570.7799761552,0,0.118532326369117,9267
"Highly_Fatal_And_Damaging",32.3744292237443,12,1,68.3226982680037,0.134,79.7,6,30423.7249691533,3,0.00750347899208399,11588
"Significant_Damage_And_Fatalities",54.1095890410959,16,4,60.5287146763902,0.491014064190407,78.84,7,46936.7683880644,4,0.00379148821705227,6513
"Highly_Fatal_And_Damaging",22.648401826484,15,25,61.0300820419326,0.298803461954562,85.02,4,41118.8206454296,3,0.0753117470472317,6802
"Significant_Damage_And_Fatalities",33.9269406392694,11,1,55.1048313582498,0.309261449693473,78.46,5,32028.7420815426,0,0.0224161065100833,2489
"Highly_Fatal_And_Damaging",36.1643835616438,11,1,70.0091157702826,0.211893977641543,81.26,2,32421.108118941,2,0.438778571303419,7993
"Significant_Damage_And_Fatalities",42.9680365296804,8,0,39.8814949863264,0.584414713306888,78.37,6,37308.5865884339,3,0.00851993296409385,10484
"Highly_Fatal_And_Damaging",8.53881278538813,19,9,78.4867821330902,0.291591056617381,79.84,2,30206.1645673772,2,0.411084650236287,3699
"Minor_Damage_And_Injuries",53.1506849315068,12,7,67.7757520510483,0.37489433826181,81.98,1,31436.3335417983,3,1.15522683936208,6831
"Minor_Damage_And_Injuries",44.337899543379,15,9,65.2689152233364,0.27788748647674,78.05,2,25276.6017158966,1,0.343448656781249,7724
"Highly_Fatal_And_Damaging",43.4246575342466,9,2,66.1349134001823,0.375615578795528,81.86,4,29322.7881463054,3,0.0525850364388885,3367
"Significant_Damage_And_Serious_Injuries",36.8493150684931,14,4,51.0938924339107,0.575759826902272,77.33,3,32986.7833036824,3,0.163704050839188,5581
"Highly_Fatal_And_Damaging",33.0593607305936,11,11,63.6736554238833,0.32116191849982,76.56,2,51846.7692000809,0,0.69735889274579,2603
"Minor_Damage_And_Injuries",45.0228310502283,15,8,67.1376481312671,0.385352326000721,81.26,6,35985.1193586182,1,0.00899665664391278,9549
"Highly_Fatal_And_Damaging",29.041095890411,13,0,82.3154056517776,0.184486837360259,80.55,6,53915.3329941275,1,0.0122327246872577,9298