"Severity","Safety_Score","Days_Since_Inspection","Total_Safety_Complaints","Control_Metric","Turbulence_In_gforces","Cabin_Temperature","Accident_Type_Code","Max_Elevation","Violations","Adverse_Weather_Metric","Accident_ID"
"Highly_Fatal_And_Damaging",22.2374429223744,15,12,92.3883318140383,0.225597547782185,81.61,4,26227.6235708084,2,0.0480920835357794,8605
"Highly_Fatal_And_Damaging",25.2511415525114,14,5,76.8915223336372,0.381746123332131,89.19,3,14274.0590139556,3,0.074467276235794,11664
"Significant_Damage_And_Fatalities",10.0456621004566,18,9,54.4667274384686,0.357584565452579,81.48,4,33896.0232636711,2,0.062471887902611,4137
"Highly_Fatal_And_Damaging",5.75342465753425,20,2,75.7976298997265,0.29591849981969,79.01,3,23072.3623038096,2,0.115019368264299,6034
"Significant_Damage_And_Serious_Injuries",20.8675799086758,19,2,77.3473108477666,0.465049404976559,78.75,3,41696.2616017663,4,0.208475823050671,7457
"Minor_Damage_And_Injuries",40.9132420091324,16,23,56.6545123062899,0.717483591777858,83.56,1,36463.5453790652,2,1.32920921097437,614
"Highly_Fatal_And_Damaging",34.4748858447488,11,0,60.1640838650866,0.313228272628922,76.49,2,49056.7510757056,2,0.650803040016768,7904
"Highly_Fatal_And_Damaging",41.0502283105023,9,1,84.7310847766636,0.276805625676163,78.96,4,14957.1522640326,1,0.0277814772558509,10438
"Significant_Damage_And_Fatalities",38.7671232876712,10,2,49.6809480401094,0.465049404976559,83.57,4,26005.3229868944,2,0.0479837060862173,2604
"Significant_Damage_And_Serious_Injuries",33.2876712328767,15,4,58.9334548769371,0.399055896141363,78.86,4,37550.3987735086,1,0.0688847896387925,11551
"Significant_Damage_And_Fatalities",30.1369863013699,12,2,32.4521422060164,0.717844212044716,77.08,7,37852.9381954139,3,0.00357029085541371,1790
"Significant_Damage_And_Serious_Injuries",45.7534246575342,11,29,71.0574293527803,0.316473855030653,83.96,3,40726.4496920452,2,0.202036111336748,242
"Significant_Damage_And_Fatalities",32.5570776255708,12,0,48.313582497721,0.673127298954201,83.58,4,37386.7912712908,1,0.0685286480879056,1262
"Significant_Damage_And_Fatalities",72.1004566210046,10,2,66.3172288058341,0.298803461954562,80.03,7,26000.0167307859,2,0.00230004418283243,10715
"Highly_Fatal_And_Damaging",15.296803652968,17,4,61.3491340018232,0.522748647673999,80.43,4,44419.3376204782,3,0.0824157481424522,4870
"Significant_Damage_And_Serious_Injuries",49.1780821917808,10,0,67.3199635369189,0.372369996393797,77.11,6,46514.6404659398,1,0.011542089047514,3695
"Highly_Fatal_And_Damaging",17.5799086757991,16,2,59.2980856882407,0.391482870537324,78.72,4,40142.0806841499,3,0.0735227854053321,3552
"Minor_Damage_And_Injuries",41.5525114155251,16,4,84.1385597082954,0.192781103498016,79.98,2,38436.403499258,2,0.518441261968944,2734
"Significant_Damage_And_Serious_Injuries",45.7077625570776,11,9,67.4111212397448,0.24543166245943,79.08,1,39352.599729106,2,1.44353095461796,4313
"Minor_Damage_And_Injuries",33.1050228310502,15,3,52.461257976299,0.40735016227912,83.72,4,28716.2754578791,2,0.0528505428278382,163
"Highly_Fatal_And_Damaging",30.0913242009132,22,0,44.3938012762078,0.520945546339704,77.83,3,32613.9337890191,2,0.162427777021466,2800
"Highly_Fatal_And_Damaging",49.5890410958904,7,7,63.7648131267092,0.306737107825459,84.41,4,39157.2593815732,2,0.0713789477305042,10765
"Minor_Damage_And_Injuries",30.5936073059361,19,4,47.0373746581586,0.603888207717274,80.16,4,34001.7261707233,3,0.0623374264236487,9297
"Minor_Damage_And_Injuries",45.0228310502283,15,1,75.8432087511395,0.298803461954562,81.53,7,22214.4454585654,3,0.00203790191549944,2618
"Highly_Fatal_And_Damaging",33.0593607305936,12,9,58.4776663628077,0.478392354850342,78.29,1,32621.5261592713,3,1.21296402356341,11947
"Highly_Fatal_And_Damaging",81.1415525114155,3,3,56.7000911577028,0.542582762351244,83.28,5,35903.2114970254,2,0.0242980020658561,4756
"Significant_Damage_And_Serious_Injuries",36.027397260274,14,3,48.9061075660894,0.662308690948431,78.52,3,38304.3259164758,2,0.190936989659089,10884
"Significant_Damage_And_Fatalities",12.1004566210046,18,7,47.9033728350046,0.514093761269383,81.14,4,47946.3125870917,2,0.089219107622852,4322
"Minor_Damage_And_Injuries",43.3333333333333,12,9,56.1531449407475,0.453509556437072,82.36,6,35167.1709289219,1,0.00892827044876468,9474
"Minor_Damage_And_Injuries",39.3607305936073,13,0,56.1531449407475,0.372369996393797,77.53,6,33718.2786869177,3,0.00827229496862864,8731
"Highly_Fatal_And_Damaging",19.6803652968037,16,5,60.8021877848678,0.264183916336098,81.82,2,36145.9394669139,1,0.488383082664174,8261
"Significant_Damage_And_Fatalities",45.0228310502283,7,17,53.8742023701003,0.43619978362784,80.79,1,20241.6205619461,3,0.747757022448862,10759
"Significant_Damage_And_Serious_Injuries",48.1278538812785,11,2,72.4247948951687,0.307097728092319,81.55,6,36551.1605068481,1,0.00831707573304156,2312
"Significant_Damage_And_Fatalities",80.4566210045662,8,0,64.1750227894257,0.273199423007573,84.82,1,51010.5063788741,4,1.9079256458467,4180
"Minor_Damage_And_Injuries",57.9908675799087,11,18,68.4594348222425,0.388958528669311,80.83,2,28213.4276195929,0,0.382453188083348,5730
"Highly_Fatal_And_Damaging",17.4429223744292,16,2,79.0337283500456,0.342438514244501,79.47,1,28955.3468267006,1,1.06763304103432,8617
"Significant_Damage_And_Fatalities",48.6301369863014,17,1,62.5341841385597,0.339914172376487,81.92,5,43672.6180130857,2,0.0303240089034753,2837
"Significant_Damage_And_Fatalities",40.7762557077626,9,7,46.0802187784868,0.545828344752975,83.72,4,46283.8228895864,2,0.0847717786435794,4841
"Significant_Damage_And_Fatalities",32.1461187214612,12,17,56.563354603464,0.505078254597908,78.31,4,36601.5952977368,2,0.0674726358380376,10058
"Highly_Fatal_And_Damaging",69.8630136986301,11,5,54.0565177757521,0.672406058420483,79.03,3,38078.9002634437,1,0.18927904197012,11331
"Highly_Fatal_And_Damaging",27.2602739726027,20,6,56.8368277119417,0.786362062747926,82.96,6,27420.8273928111,1,0.00679996054074441,12183
"Highly_Fatal_And_Damaging",24.3835616438356,14,0,63.9927073837739,0.456033898305084,79.41,4,36968.4632169266,3,0.0675554068466956,4819
"Significant_Damage_And_Fatalities",39.4063926940639,10,8,53.9197812215132,0.620837360259647,79.28,1,29433.3007197522,2,1.08896280542045,1782
"Highly_Fatal_And_Damaging",48.675799086758,7,2,59.6171376481313,0.284739271547061,84.03,4,35803.9837737331,2,0.0653181121306263,4821
"Highly_Fatal_And_Damaging",35.4794520547945,17,8,43.0720145852325,0.508323836999639,76.52,3,44977.6137603199,3,0.222859387437907,11074
"Significant_Damage_And_Serious_Injuries",31.0958904109589,16,3,81.4038286235187,0.242186080057699,76.64,3,29575.3516590254,3,0.147316875425451,12132
"Highly_Fatal_And_Damaging",38.4474885844749,10,8,61.2579762989973,0.360830147854309,77.79,1,20142.4706831629,1,0.747757022448862,570
"Highly_Fatal_And_Damaging",31.9178082191781,12,17,68.7784867821331,0.399777136675081,87.51,4,34859.8063971959,2,0.0645381425247153,12355
"Significant_Damage_And_Serious_Injuries",38.5844748858447,13,9,61.6681859617138,0.37128813559322,80.53,3,32874.2637561158,1,0.163023626452417,11746
"Minor_Damage_And_Injuries",75.296803652968,5,4,57.5205104831358,0.401580238009376,83.04,3,40485.8932005406,2,0.200329336130819,121
"Highly_Fatal_And_Damaging",42.8310502283105,9,3,99.9544211485871,0.210812116840966,77.6,1,43705.3307750869,3,1.60598230838271,577
"Highly_Fatal_And_Damaging",27.1689497716895,13,7,64.3573381950775,0.444133429498738,79.77,6,38081.2358451794,1,0.00964423065045325,1028
"Significant_Damage_And_Serious_Injuries",73.1050228310502,9,2,56.7000911577028,0.542582762351244,86.47,7,26493.6569248442,2,0.00232444587038262,10286
"Highly_Fatal_And_Damaging",31.1415525114155,12,5,76.8003646308113,0.380303642264695,78.53,7,24720.9693935259,3,0.00223908837002849,793
"Highly_Fatal_And_Damaging",23.4246575342466,14,0,63.9015496809481,0.287624233681933,78.09,4,42659.8379450798,1,0.0784761948795453,5562
"Highly_Fatal_And_Damaging",20.3196347031963,15,26,58.4320875113947,0.463246303642264,82.39,4,47640.9683428423,3,0.0865139983925863,2387
"Minor_Damage_And_Injuries",57.8995433789954,11,0,74.8860528714676,0.325489361702128,87.27,1,25778.5919310072,4,0.939602703664536,8618
"Minor_Damage_And_Injuries",58.4018264840183,11,4,71.7411121239745,0.362272628921745,79.31,2,26391.6316884865,2,0.35682265469168,8948
"Significant_Damage_And_Serious_Injuries",44.6575342465753,12,5,60.5742935278031,0.33883231157591,77.09,6,38801.3690549755,1,0.0100173907512994,9574
"Highly_Fatal_And_Damaging",13.7899543378995,17,3,66.0893345487694,0.269953840605842,76.45,4,40238.3320935957,1,0.0735172155150491,772
"Significant_Damage_And_Fatalities",30.1369863013699,13,0,50.1367365542388,0.484522899386945,77.66,4,37668.3694904578,3,0.0685286480879056,6251
"Significant_Damage_And_Serious_Injuries",27.3972602739726,17,0,65.587967183227,0.414923187883159,80.62,5,23102.2576815429,2,0.0158176935689754,11771
"Highly_Fatal_And_Damaging",2.64840182648402,20,12,64.7219690063811,0.242186080057699,82.93,6,28976.8387515777,2,0.00742835558885906,774
"Minor_Damage_And_Injuries",58.4474885844749,7,0,54.4667274384686,0.454591417237649,77.48,5,27070.5380319051,1,0.0185634424474068,6689
"Significant_Damage_And_Fatalities",78.675799086758,9,0,71.6499544211486,0.243989181391994,82.26,7,46726.1664377831,1,0.0038918509197929,6299
"Significant_Damage_And_Fatalities",22.7853881278539,15,1,49.3163172288059,0.302049044356293,81.78,4,32880.6733545334,2,0.0604039658593619,11003
"Highly_Fatal_And_Damaging",24.8858447488584,14,19,58.5232452142206,0.393285971871619,78.16,4,34128.1254562718,1,0.0621354412786752,7848
"Significant_Damage_And_Serious_Injuries",37.8538812785388,14,8,67.3199635369189,0.415644428416877,75.35,4,22544.9814568305,1,0.0408942878895581,2717
"Highly_Fatal_And_Damaging",22.9223744292237,15,1,62.9443938012762,0.556286332491886,76.05,4,36624.2796276571,3,0.0670251454671363,4848
"Highly_Fatal_And_Damaging",20.5479452054795,15,32,59.845031905196,0.269953840605842,82.99,4,24854.1018365485,4,0.0452453456509353,4905
"Significant_Damage_And_Fatalities",37.5342465753425,10,6,51.7775752051048,0.466131265777136,77.25,4,26972.5039664084,2,0.0490861678801767,8124
"Highly_Fatal_And_Damaging",14.8858447488584,17,0,78.0309936189608,0.342438514244501,79.84,3,22310.9800560857,0,0.111428701057596,6532
"Significant_Damage_And_Fatalities",31.7351598173516,21,4,63.0811303555151,0.563138117562207,82,2,44363.1891191291,2,0.600585392120449,11544
"Highly_Fatal_And_Damaging",33.8812785388128,11,14,71.4676390154968,0.37128813559322,79.85,4,37519.0138460733,2,0.0686361610266386,9322
"Highly_Fatal_And_Damaging",21.2328767123288,15,0,63.8103919781222,0.338111071042192,80.5,4,27687.0184106358,3,0.0506356835000303,11530
"Significant_Damage_And_Fatalities",28.4018264840183,13,6,51.2762078395624,0.507241976199062,77.69,4,35509.2285154196,2,0.065604908734878,6091
"Highly_Fatal_And_Damaging",18.4931506849315,16,12,65.4512306289882,0.274641904075009,80.27,3,38399.455104896,1,0.190986047416388,3453
"Significant_Damage_And_Fatalities",20.5479452054795,15,1,53.9197812215132,0.300967183555716,76.74,1,26412.3256335554,2,0.978578768073676,8375
"Highly_Fatal_And_Damaging",13.6986301369863,18,1,76.0255241567913,0.388237288135593,79.27,4,21762.5037953773,1,0.0397720627256488,576
"Highly_Fatal_And_Damaging",50.7305936073059,6,3,72.151321786691,0.358666426253155,78.77,4,26241.6679862289,2,0.0486177274388598,9428
"Minor_Damage_And_Injuries",55.9817351598173,12,12,62.1695533272562,0.317916336098088,79.26,4,34328.0192022345,1,0.0633223123824082,8003
"Significant_Damage_And_Fatalities",68.4931506849315,11,0,60.7110300820419,0.496423368193292,79.6,4,16039.4043850768,2,0.0290802124759881,11295
"Significant_Damage_And_Fatalities",22.7397260273973,15,1,55.7885141294439,0.309261449693473,81.58,4,40212.040303841,2,0.0744031240416435,1847
"Highly_Fatal_And_Damaging",47.8995433789954,14,3,56.9735642661805,0.542582762351244,83.28,2,32272.8250191819,3,0.436714350501206,5070
"Significant_Damage_And_Fatalities",57.0776255707762,15,0,73.0173199635369,0.29591849981969,80.45,7,29454.4715561768,4,0.00277874039577012,1429
"Significant_Damage_And_Serious_Injuries",37.0776255707762,14,24,87.4658158614403,0.302409664623152,86.94,6,51862.7961315608,2,0.0127192033069789,131
"Significant_Damage_And_Fatalities",62.3287671232877,13,5,80.2643573381951,0.452788315903353,80.68,1,43754.1786822181,4,1.62466774612099,4451
"Minor_Damage_And_Injuries",63.972602739726,9,0,59.5715587967183,0.46108258204111,77.98,4,38281.2923716348,0,0.0705271027139023,3293
"Significant_Damage_And_Fatalities",36.2557077625571,11,5,45.1686417502279,0.476228633249188,77.46,1,34595.3633432901,2,1.28056792439571,11818
"Minor_Damage_And_Injuries",38.4018264840183,13,7,52.3245214220602,0.254447169130905,79.15,3,21369.8130817081,0,0.105891316867506,32
"Significant_Damage_And_Serious_Injuries",20.0456621004566,19,15,70.9206927985415,0.293754778218536,78.12,3,36662.2802611695,3,0.182899218902348,7507
"Minor_Damage_And_Injuries",50.2283105022831,10,1,39.8814949863264,0.538615939415795,77.25,5,10393.0547497419,2,0.00868877979364907,9872
"Minor_Damage_And_Injuries",21.7351598173516,21,4,73.0173199635369,0.340274792643346,79.89,7,42912.5244287391,1,0.0038918509197929,2282
"Highly_Fatal_And_Damaging",19.5890410958904,16,0,69.1431175934367,0.282575549945907,77.29,4,31224.5282436972,2,0.0566664273024785,6638
"Highly_Fatal_And_Damaging",31.0958904109589,12,5,87.5569735642662,0.181241254958529,82.2,3,25712.689152338,2,0.128632296654614,545
"Significant_Damage_And_Serious_Injuries",34.5205479452055,15,2,87.4658158614403,0.372009376126938,79.07,3,20487.8674821751,1,0.10271429105142,7527
"Significant_Damage_And_Serious_Injuries",87.4885844748858,6,16,32.7256153144941,0.563498737829066,86.52,7,43696.8024313571,4,0.00386405157779022,5215
"Significant_Damage_And_Serious_Injuries",18.9497716894977,19,15,71.1030082041933,0.355420843851424,81.3,3,41232.8372944868,3,0.203350840886945,12321
"Significant_Damage_And_Fatalities",68.7214611872146,11,15,93.4822242479489,0.27788748647674,86.47,6,34581.680402299,2,0.00860815483067114,2070
"Significant_Damage_And_Serious_Injuries",56.7579908675799,8,4,100,0.214418319509556,78.6,6,32088.9792504428,1,0.00817660609152242,4999
"Significant_Damage_And_Serious_Injuries",27.1689497716895,17,6,69.2342752962625,0.246874143526866,76.04,5,25598.804538292,0,0.0167112795961212,262
"Significant_Damage_And_Serious_Injuries",56.1643835616438,8,4,85.6882406563355,0.151670393076091,81.38,3,39207.1676150761,3,0.19399576228932,10850
"Significant_Damage_And_Serious_Injuries",38.5844748858447,13,6,69.5533272561531,0.312146411828345,76.12,3,22217.6763652911,1,0.109750715886031,7306
"Highly_Fatal_And_Damaging",19.1780821917808,16,20,76.5268915223336,0.298803461954562,88.57,3,20524.2616566958,2,0.102005621691898,1546
"Significant_Damage_And_Fatalities",48.6301369863014,17,13,37.9671832269827,0.571432383699964,76.04,4,38684.4373179293,1,0.0705595833499785,5179
"Significant_Damage_And_Serious_Injuries",47.9908675799087,11,1,84.0474020054695,0.270314460872701,81.53,1,22036.1723032917,3,0.813088558799784,12137
"Significant_Damage_And_Fatalities",80.958904109589,8,14,58.9334548769371,0.511208799134511,78.33,1,33179.9160046628,3,1.22329525541161,2482
"Significant_Damage_And_Serious_Injuries",23.6529680365297,18,0,78.0765724703738,0.36768193292463,77.36,1,32854.5589924577,3,1.21429210341827,1785
"Minor_Damage_And_Injuries",45.4794520547945,11,35,55.6061987237922,0.72758095924991,76.14,6,35760.9736156928,3,0.00832357668308559,6258
"Highly_Fatal_And_Damaging",1.14155251141552,20,9,70.4193254329991,0.198911648034619,78.7,6,38858.4503003868,0,0.0100523656008629,11665
"Highly_Fatal_And_Damaging",19.1780821917808,16,6,74.61257976299,0.204320952037505,77.1,1,24200.372415075,2,0.894409699247168,7464
"Significant_Damage_And_Serious_Injuries",36.8949771689498,14,5,57.8851412944394,0.350372160115398,84.82,1,49722.5743419767,2,1.81855821625422,70
"Significant_Damage_And_Serious_Injuries",32.648401826484,15,13,73.1084776663628,0.317916336098088,76.56,6,38661.0770201153,2,0.0102092534364529,4775
"Highly_Fatal_And_Damaging",28.7214611872146,13,0,71.8778486782133,0.409874504147133,82.43,4,33053.916313277,1,0.0599545335214721,3077
"Highly_Fatal_And_Damaging",25.1141552511416,14,8,65.8614402917047,0.391843490804183,78.63,7,46847.45838576,3,0.0038918509197929,7107
"Minor_Damage_And_Injuries",76.1187214611872,6,23,64.4940747493163,0.37128813559322,78.37,2,20083.3253932266,2,0.266623438582304,3742
"Minor_Damage_And_Injuries",57.7168949771689,11,7,77.073837739289,0.242907320591417,81.12,2,42650.2691402097,2,0.577778976533685,9708
"Significant_Damage_And_Fatalities",100,6,17,72.971741112124,0.363354489722322,84.03,6,36458.5802116072,2,0.00863399457726239,9162
"Highly_Fatal_And_Damaging",63.6529680365297,10,0,40.3372835004558,0.584414713306888,76.92,2,33751.1121700652,4,0.456771632508646,919
"Minor_Damage_And_Injuries",28.2191780821918,20,22,72.6526891522334,0.355420843851424,80.52,4,38630.4756847112,2,0.0705271027139023,10174
"Highly_Fatal_And_Damaging",24.3835616438356,14,4,80.4466727438469,0.375976199062387,80.64,1,35522.8141162109,2,1.30897084115327,8693
"Significant_Damage_And_Fatalities",68.4931506849315,11,0,60.7110300820419,0.368403173458348,84.38,7,831.69555342133,3,0.00129857213614497,829
"Minor_Damage_And_Injuries",38.4474885844749,17,6,73.746581586144,0.352535881716553,76.96,2,29821.7823571095,2,0.403086320643623,7059
"Significant_Damage_And_Serious_Injuries",40.0913242009132,13,0,66.9097538742024,0.420332491886044,88.71,6,38521.3038909916,2,0.0100809469366386,6068
"Significant_Damage_And_Fatalities",38.7671232876712,10,2,49.6809480401094,0.368403173458348,78.28,7,26005.3229868944,3,0.00243360517719337,10734
"Minor_Damage_And_Injuries",56.027397260274,12,3,57.4749316317229,0.416726289217454,76.09,5,28287.9926044483,3,0.0179458235336835,1788
"Minor_Damage_And_Injuries",46.8949771689498,11,1,51.3673655423883,0.480556076451497,79.89,2,40177.3017762019,3,0.542971582342991,8462
"Significant_Damage_And_Serious_Injuries",50.5022831050228,10,3,78.714676390155,0.232088712585647,80.98,3,26266.3679590952,1,0.131340504997494,10201
"Significant_Damage_And_Fatalities",46.8493150684931,18,0,57.7484047402006,0.448100252434187,82,7,41187.0679632975,2,0.00394519026872028,2171
"Significant_Damage_And_Serious_Injuries",57.4885844748858,8,3,67.7301731996354,0.255889650198341,79.52,6,29471.7022281809,3,0.00751330908190693,1878
"Highly_Fatal_And_Damaging",68.1278538812785,8,11,49.4074749316317,0.456755138838803,83.17,2,33490.6228695162,1,0.456771632508646,8560
"Highly_Fatal_And_Damaging",33.5616438356164,18,8,47.2196900638104,0.484522899386945,76.66,6,36997.329884366,2,0.00841403580719407,11812
"Highly_Fatal_And_Damaging",28.6301369863014,13,0,88.1494986326345,0.203960331770645,82.49,4,31646.7484368226,2,0.0570878909990524,654
"Significant_Damage_And_Fatalities",23.4703196347032,14,0,56.4721969006381,0.710992426974395,78.99,7,28162.0204173235,4,0.00279373923729723,12260
"Significant_Damage_And_Serious_Injuries",36.0730593607306,14,2,64.4940747493163,0.50796321673278,77.6,4,29091.2626956314,1,0.0528874696253254,4763
"Minor_Damage_And_Injuries",49.5890410958904,10,15,55.7885141294439,0.502914532996754,77.62,4,24023.5877451124,1,0.0435695366800226,7856
"Minor_Damage_And_Injuries",55.2511415525114,12,2,50.9571558796719,0.507602596465921,77.93,2,42036.9652735589,3,0.570660424199921,4199
"Highly_Fatal_And_Damaging",39.634703196347,10,4,74.1567912488605,0.388958528669311,79.37,4,29026.3214989417,2,0.05298780403596,11413
"Significant_Damage_And_Fatalities",60.5479452054795,14,30,72.3792160437557,0.38571294626758,85.4,7,34197.4538787785,0,0.00299856698273019,8965
"Highly_Fatal_And_Damaging",36.2557077625571,11,2,57.4293527803099,0.442690948431302,78.06,3,29407.4053655072,2,0.146834841957242,4683
"Significant_Damage_And_Serious_Injuries",43.013698630137,12,4,76.0711030082042,0.401940858276235,80.79,6,21905.4945297104,2,0.00569569732897192,7829
"Minor_Damage_And_Injuries",29.7716894977169,20,4,79.6262534184139,0.333783627839884,79.42,1,23811.1848692756,0,0.879176919566217,12241
"Significant_Damage_And_Serious_Injuries",40.6392694063927,13,1,76.6636280765725,0.281854309412189,79.99,3,27827.8514266594,3,0.138546714150985,3610
"Significant_Damage_And_Serious_Injuries",26.4840182648402,17,9,86.9644484958979,0.346405337179949,76.66,4,10813.8493443795,3,0.00727331278339437,11113
"Minor_Damage_And_Injuries",39.8173515981735,17,0,59.1613491340018,0.484522899386945,81.42,5,21701.2101990973,2,0.0145494650084558,7786
"Significant_Damage_And_Serious_Injuries",48.7214611872146,11,2,79.7629899726527,0.29555787955283,88.47,3,40757.3230112037,1,0.205286208938162,3930
"Highly_Fatal_And_Damaging",31.6438356164384,12,3,66.0893345487694,0.405547060944825,80.62,5,30528.1424459409,3,0.0200302301072619,10845
"Significant_Damage_And_Serious_Injuries",41.1415525114155,12,3,73.8377392889699,0.35686332491886,81.27,6,34987.9832316897,3,0.00836082267838141,12171
"Minor_Damage_And_Injuries",27.2602739726027,20,3,71.2397447584321,0.438002884962135,80.13,4,16252.9008928241,2,0.0299230513834068,4054
"Significant_Damage_And_Serious_Injuries",35.5251141552511,14,11,67.18322698268,0.27428128380815,77.1,6,40101.9196560567,2,0.00930781326945242,2847
"Highly_Fatal_And_Damaging",53.7899543378995,9,1,66.7274384685506,0.419971871619185,79.32,1,37933.3990008527,1,1.3895795978569,83
"Minor_Damage_And_Injuries",53.5616438356164,12,15,70.1002734731085,0.425020555355211,81.26,2,42371.6586881872,2,0.576201428940559,2361
"Highly_Fatal_And_Damaging",58.3561643835616,4,12,51.0027347310848,0.564219978362784,82.2,3,35387.6700736684,1,0.175707515440699,7625
"Significant_Damage_And_Serious_Injuries",38.7671232876712,13,8,64.6763901549681,0.388237288135593,76.4,3,12474.3600009115,2,0.0578625828464421,10541
"Highly_Fatal_And_Damaging",34.0639269406393,11,6,69.0975387420237,0.460000721240533,80.43,4,43780.0739571033,3,0.0803192879709049,11837
"Minor_Damage_And_Injuries",62.6940639269406,6,19,48.5870556061987,0.418529390551749,83.17,4,33757.0053641767,1,0.0619347693148817,5156
"Significant_Damage_And_Fatalities",36.2100456621005,11,13,51.2762078395624,0.422856833754057,85.26,4,34804.2208097873,1,0.0636202109984061,3817
"Minor_Damage_And_Injuries",43.7442922374429,15,5,82.0419325432999,0.319358817165525,87.79,7,31810.9878005079,2,0.00279628317028023,8893
"Significant_Damage_And_Fatalities",44.8858447488584,8,11,53.6463081130356,0.538615939415795,82.23,4,36601.5952977368,1,0.0677821045621251,1951
"Significant_Damage_And_Serious_Injuries",17.351598173516,20,12,67.6390154968095,0.231367472051929,77.3,3,42760.6401322885,1,0.211728167404242,4057
"Significant_Damage_And_Serious_Injuries",41.3698630136986,19,11,53.9653600729262,0.621197980526505,80.45,7,45955.0381368293,2,0.00400459826837736,2912
"Highly_Fatal_And_Damaging",33.7899543378995,11,0,72.4703737465816,0.374533717994951,76.3,4,37915.6428001746,2,0.0697014282624186,2000
"Highly_Fatal_And_Damaging",25.662100456621,14,8,71.8778486782133,0.430790479624955,76.86,2,33309.9400006456,1,0.450092606441285,11194
"Highly_Fatal_And_Damaging",29.2237442922374,13,3,64.9498632634458,0.458918860439956,80.43,2,40840.646356118,3,0.551419592392081,3450
"Significant_Damage_And_Fatalities",59.8173515981735,14,1,84.5487693710119,0.264183916336098,78.7,7,35819.066500176,3,0.00303519281585387,10917
"Significant_Damage_And_Fatalities",27.3972602739726,13,8,51.0483135824977,0.58369347277317,82.27,4,28144.1617335819,3,0.0522542716629988,189
"Minor_Damage_And_Injuries",69.5433789954338,8,1,58.3409298085688,0.244349801658853,81.16,2,26210.1922272661,5,0.354201915427497,2514
"Highly_Fatal_And_Damaging",33.5616438356164,11,7,63.1722880583409,0.551958889289578,75.95,4,36687.8536553496,1,0.0670328004795129,1263
"Highly_Fatal_And_Damaging",65.7534246575342,5,7,60.4375569735643,0.306376487558601,79.26,5,53831.7385266991,1,0.0339477574962329,10031
"Highly_Fatal_And_Damaging",18.1735159817352,16,7,71.8778486782133,0.224876307248467,81.23,4,34397.7574159421,3,0.0634078516306716,6203
"Minor_Damage_And_Injuries",55.5707762557078,12,21,64.5852324521422,0.414201947349441,79.59,5,26640.1090793987,3,0.0180341118872252,8099
"Significant_Damage_And_Serious_Injuries",49.7260273972603,10,10,59.024612579763,0.360108907320591,78.75,4,13364.5100535046,3,0.0250399969857958,8727
"Significant_Damage_And_Fatalities",62.5114155251141,13,3,60.9845031905196,0.368403173458348,80.67,7,46010.3087453711,1,0.00412999471383646,8241
"Highly_Fatal_And_Damaging",33.972602739726,11,14,71.4676390154968,0.37128813559322,79.33,4,31651.9369994542,2,0.0579346201443487,3045
"Highly_Fatal_And_Damaging",27.1689497716895,13,4,54.1932543299909,0.335226108907321,78.98,4,26544.3797697738,2,0.047659140392875,10946
"Minor_Damage_And_Injuries",56.3013698630137,8,0,52.6891522333637,0.269232600072124,78.97,2,40237.2227765323,2,0.547044613669324,2578
"Minor_Damage_And_Injuries",37.7625570776256,17,7,59.1157702825889,0.504717634331049,78.46,2,35540.8690617328,2,0.482687408542217,6211
"Significant_Damage_And_Serious_Injuries",51.0045662100457,10,1,62.2607110300821,0.525272989542012,83.85,3,34165.5287762916,4,0.170714949985897,2383
"Highly_Fatal_And_Damaging",36.9406392694064,11,0,73.7010027347311,0.369845654525784,82.2,2,7075.27378831759,2,0.0957534182118543,10046
"Significant_Damage_And_Serious_Injuries",59.1780821917808,11,1,50.5013673655424,0.319719437432383,83.51,7,28988.7326975845,2,0.00279373923729723,1674
"Significant_Damage_And_Serious_Injuries",62.6940639269406,6,20,75.3418413855971,0.32116191849982,86.09,7,40757.3230112037,1,0.00337829937705446,4373
"Highly_Fatal_And_Damaging",27.5799086757991,13,35,64.9498632634458,0.379582401730977,85.09,1,21051.9469877011,1,0.774457849340631,8320
"Minor_Damage_And_Injuries",51.0045662100457,10,12,46.718322698268,0.505799495131626,82.32,7,30336.890529747,2,0.00261196102218459,8678
"Highly_Fatal_And_Damaging",32.9680365296804,12,1,78.669097538742,0.224876307248467,81.26,4,24926.7672088726,3,0.0462059771710494,10507
"Significant_Damage_And_Serious_Injuries",42.3744292237443,12,4,61.8960802187785,0.37489433826181,79.68,6,38801.3690549755,5,0.00951409917260054,10053
"Highly_Fatal_And_Damaging",9.49771689497717,18,4,73.0628988149499,0.323325640100974,80.03,4,21240.300662289,1,0.0384089818644619,9711
"Significant_Damage_And_Serious_Injuries",28.4931506849315,16,17,80.0820419325433,0.295197259285972,78.78,3,26032.9419014836,2,0.128263029713891,5621
"Significant_Damage_And_Fatalities",12.6940639269406,18,13,53.6918869644485,0.54763144608727,79.03,1,22401.7922742848,1,0.826621420496725,7097
"Significant_Damage_And_Serious_Injuries",69.8630136986301,8,2,45.897903372835,0.657981247746123,79.74,7,38888.7530091818,2,0.00366521510048756,5296