"Severity","Safety_Score","Days_Since_Inspection","Total_Safety_Complaints","Control_Metric","Turbulence_In_gforces","Cabin_Temperature","Accident_Type_Code","Max_Elevation","Violations","Adverse_Weather_Metric","Accident_ID"
"Minor_Damage_And_Injuries",32.648401826484,15,3,55.4238833181404,0.19494482509917,80.54,3,26930.3762347395,2,0.134288189902806,5139
"Significant_Damage_And_Fatalities",69.8173515981735,11,3,57.338195077484,0.381746123332131,75.8,7,49860.8188729973,2,0.00434728367697683,10281
"Significant_Damage_And_Fatalities",65.3424657534246,4,8,53.9197812215132,0.284739271547061,86.98,6,33112.5218535072,2,0.0076510888242451,2629
"Significant_Damage_And_Fatalities",43.7899543378995,9,0,32.7256153144941,0.584775333573747,82.34,5,32628.399491092,1,0.0223033361226062,10448
"Minor_Damage_And_Injuries",77.3059360730594,2,14,49.4530537830446,0.380303642264695,87.08,2,15521.1855005986,2,0.217882733481642,152
"Highly_Fatal_And_Damaging",44.2009132420091,15,1,51.2306289881495,0.487407861521817,79.33,2,36091.5527721269,0,0.488682348438616,9364
"Significant_Damage_And_Fatalities",67.4885844748858,12,6,59.6627164995442,0.365878831590335,83.12,4,20739.6318796237,1,0.0375914964961934,6559
"Significant_Damage_And_Serious_Injuries",42.1004566210046,12,22,61.9416590701914,0.527436711143166,78.52,6,52249.6101461372,3,0.0126013358091873,7131
"Significant_Damage_And_Fatalities",83.6529680365297,7,0,70.0091157702826,0.305294626758024,78.08,7,38872.6795592111,4,0.00347140189585361,8702
"Minor_Damage_And_Injuries",46.4383561643836,11,7,52.461257976299,0.387155427335016,80.55,4,17731.5542769187,2,0.0317660254151927,7252
"Highly_Fatal_And_Damaging",20.5479452054795,15,2,86.6453965360073,0.346405337179949,79.07,3,18915.5090248707,4,0.0955986499335119,7128
"Significant_Damage_And_Serious_Injuries",20.5022831050228,19,4,79.6718322698268,0.350372160115398,77.19,1,23811.1848692756,0,0.874477270398786,449
"Significant_Damage_And_Serious_Injuries",39.4520547945205,13,3,59.2980856882407,0.318637576631806,77.16,6,28183.3231299795,2,0.00651342580152575,9687
"Highly_Fatal_And_Damaging",52.2374429223744,13,11,54.2844120328168,0.471179949513162,78.49,1,34349.7064689016,1,1.26281554046516,1860
"Significant_Damage_And_Serious_Injuries",44.6118721461187,12,13,63.8559708295351,0.245792282726289,78.54,6,32094.8041801564,3,0.00768575712754597,4590
"Significant_Damage_And_Fatalities",49.2237442922374,17,3,75.38742023701,0.39292535160476,77.47,7,22348.3081416156,4,0.00159551730388445,2463
"Highly_Fatal_And_Damaging",42.5114155251142,9,3,63.947128532361,0.277526866209881,79.26,4,43621.7313982517,2,0.0801631199888322,6714
"Significant_Damage_And_Fatalities",30.3196347031963,12,1,54.6490428441203,0.478392354850342,77.69,4,37599.7096257826,3,0.0679782706767918,4922
"Significant_Damage_And_Serious_Injuries",45.2054794520548,11,3,67.0920692798541,0.413841327082582,79.94,6,32471.8667825378,2,0.00770367258439507,5172
"Significant_Damage_And_Serious_Injuries",46.986301369863,11,1,77.073837739289,0.465049404976559,82.74,6,37987.349601721,3,0.00985056613714295,4321
"Highly_Fatal_And_Damaging",0,20,1,65.8614402917047,0.368042553191489,81.64,7,49433.3029790945,1,0.00457778430143531,7970
"Minor_Damage_And_Injuries",39.4520547945205,17,1,64.9042844120328,0.255168409664623,84.43,2,32629.2975573198,3,0.441152689524508,2647
"Highly_Fatal_And_Damaging",21.1872146118721,15,0,62.9443938012762,0.631295347998557,79.58,1,33313.7192567944,2,1.22513471747551,2584
"Significant_Damage_And_Fatalities",50.7762557077626,17,7,68.049225159526,0.362272628921745,78.89,2,38266.3884130149,2,0.51978130044264,6670
"Minor_Damage_And_Injuries",57.7168949771689,11,1,76.8915223336372,0.428266137756942,87.23,2,37649.2066549776,2,0.506953609449847,9962
"Minor_Damage_And_Injuries",30.5936073059361,19,3,62.2607110300821,0.307818968626037,78.31,4,40724.08357913,4,0.0736509209184376,1561
"Minor_Damage_And_Injuries",55.5707762557078,12,21,77.1194165907019,0.278969347277317,79.99,5,15958.6430707348,2,0.0106920734218189,11492
"Minor_Damage_And_Injuries",47.4885844748858,14,8,76.9826800364631,0.332701767039307,82.8,2,49881.2703654481,3,0.680017846372208,2424
"Highly_Fatal_And_Damaging",70,8,13,49.2707383773929,0.422496213487198,83.17,2,36037.4356530986,3,0.484710456352861,4205
"Minor_Damage_And_Injuries",76.6666666666667,6,1,63.9015496809481,0.205042192571222,76.28,6,48288.1424354103,2,0.0112415293720467,792
"Highly_Fatal_And_Damaging",28.0821917808219,13,2,60.6198723792161,0.380303642264695,76.8,1,25013.5087864795,1,0.920195563410704,7206
"Highly_Fatal_And_Damaging",40.2283105022831,10,1,69.1886964448496,0.445936530833032,84.48,4,26603.6943333191,2,0.0495178660399433,7234
"Significant_Damage_And_Serious_Injuries",31.9634703196347,15,1,61.5770282588879,0.43259358095925,83.57,1,39741.3462846585,2,1.46200242626009,10421
"Significant_Damage_And_Serious_Injuries",46.4840182648402,11,1,77.9854147675479,0.384631085467003,76.95,6,28967.6353257614,3,0.00754543847183463,8852
"Highly_Fatal_And_Damaging",1.14155251141552,21,4,68.7784867821331,0.271396321673278,85.22,3,31224.5282436972,1,0.156961862886295,5501
"Highly_Fatal_And_Damaging",38.1278538812785,10,4,86.9644484958979,0.346405337179949,77.08,2,38183.1809071596,2,0.516166765140638,1173
"Significant_Damage_And_Serious_Injuries",15.7534246575342,20,4,82.2242479489517,0.43619978362784,78.54,3,42777.4259397778,0,0.212171768586309,8204
"Significant_Damage_And_Fatalities",55.0228310502283,15,9,80.355515041021,0.247234763793725,81.35,3,31177.1180134519,1,0.155972033378461,7922
"Significant_Damage_And_Fatalities",36.7579908675799,10,2,56.1531449407475,0.543664623151821,81.79,4,35769.9337769873,2,0.0653794865659297,11767
"Highly_Fatal_And_Damaging",31.9634703196347,12,8,73.5186873290793,0.412398846015146,87.86,4,34859.8063971959,1,0.0640250122208822,6126
"Highly_Fatal_And_Damaging",25.662100456621,14,10,70.7383773928897,0.258053371799495,78.84,1,25158.3121080831,2,0.925964716461701,9369
"Significant_Damage_And_Serious_Injuries",69.9086757990868,4,21,74.7948951686418,0.32116191849982,79.83,6,22659.2573373519,2,0.0050566006059161,6355
"Highly_Fatal_And_Damaging",8.0365296803653,19,12,68.4594348222425,0.198911648034619,80.74,6,24534.8445012301,2,0.00608880394708359,496
"Significant_Damage_And_Serious_Injuries",56.7579908675799,8,21,63.2634457611668,0.373451857194374,82.36,2,26040.2990908391,3,0.351388022143726,10614
"Minor_Damage_And_Injuries",29.2237442922374,16,7,47.1741112123974,0.537173458348359,81.45,3,30708.3381124411,3,0.153305643846655,7141
"Minor_Damage_And_Injuries",50.7762557077626,13,6,72.0145852324522,0.225958168049044,80.98,5,26069.3550793519,3,0.0163890504418398,4460
"Significant_Damage_And_Serious_Injuries",45.2511415525114,11,1,60.1640838650866,0.345684096646231,79.15,6,32832.4176893392,1,0.00811790790848975,4653
"Significant_Damage_And_Serious_Injuries",32.9223744292237,15,5,78.3044667274385,0.267429498737829,76.61,6,14582.4606952481,3,0.00383897543189233,6533
"Significant_Damage_And_Fatalities",23.5616438356164,14,1,56.4721969006381,0.784558961413632,77.64,4,26257.3879229299,1,0.0485064756050535,4042
"Highly_Fatal_And_Damaging",14.2465753424657,17,0,71.6043755697357,0.290148575549946,77.36,4,24287.3133510699,3,0.0449289157473636,11727
"Minor_Damage_And_Injuries",52.5114155251141,13,7,69.9179580674567,0.426102416155788,84.2,2,37251.6714030235,3,0.505377819866193,1020
"Highly_Fatal_And_Damaging",44.8401826484018,8,10,66.7730173199635,0.373451857194374,78.47,4,29261.0724381254,2,0.0531058897859763,7723
"Significant_Damage_And_Serious_Injuries",36.8949771689498,14,0,57.5205104831358,0.560974395961053,77.04,2,25806.0480465467,2,0.348220671345902,2465
"Minor_Damage_And_Injuries",61.2785388127854,11,3,67.7757520510483,0.25264406779661,82.53,2,35370.911468562,2,0.4764803271249,3039
"Minor_Damage_And_Injuries",34.6575342465753,18,0,71.5587967183227,0.363715109989181,79.89,5,24905.0619902748,1,0.0166987552175787,8564
"Significant_Damage_And_Serious_Injuries",42.4200913242009,12,19,58.6144029170465,0.462164442841687,82.02,3,39034.3704321108,1,0.195713491083689,251
"Highly_Fatal_And_Damaging",44.4292237442922,8,2,66.7274384685506,0.316834475297511,77.02,5,42734.0613091042,1,0.0283736145115423,2131
"Minor_Damage_And_Injuries",52.9223744292237,9,2,51.5952597994531,0.509045077533357,83.39,3,38304.3259164758,0,0.190986047416388,4977
"Highly_Fatal_And_Damaging",60.1826484018265,14,33,38.9699179580674,0.631655968265416,85.4,5,21212.0283049257,3,0.0145680287210896,1239
"Significant_Damage_And_Serious_Injuries",48.310502283105,10,6,85.8705560619873,0.260217093400649,82.66,6,32213.6960035099,2,0.0082036562864502,6107
"Significant_Damage_And_Serious_Injuries",30.9132420091324,16,2,62.6253418413856,0.307818968626037,76.68,4,35012.6011594488,1,0.0638525434029938,9563
"Significant_Damage_And_Serious_Injuries",36.3926940639269,14,11,71.4220601640839,0.392564731337901,79.2,6,34804.2208097873,2,0.00855215642370388,4285
"Significant_Damage_And_Serious_Injuries",38.7214611872146,14,5,65.6791248860529,0.578644789037144,77.78,3,39759.0225919132,3,0.196796525569438,985
"Highly_Fatal_And_Damaging",43.0593607305936,9,1,62.8532360984503,0.312507032095204,83.44,1,26641.2465110544,3,0.978454626515347,3124
"Significant_Damage_And_Serious_Injuries",41.4155251141553,13,14,73.1540565177758,0.334504868373603,81.85,3,33680.0996768755,1,0.167563588643247,3190
"Significant_Damage_And_Serious_Injuries",39.634703196347,13,6,77.7575205104832,0.260938333934367,81.04,6,39739.718663767,2,0.0101310412085936,5332
"Significant_Damage_And_Serious_Injuries",25.2511415525114,17,3,73.3363719234275,0.432954201226109,78.75,3,15991.4147574307,2,0.0782363458011667,4915
"Minor_Damage_And_Injuries",60.5479452054795,11,0,61.2579762989973,0.456394518571944,79.97,5,33640.8300414984,1,0.0228367689591343,5265
"Highly_Fatal_And_Damaging",41.0958904109589,9,2,72.0145852324522,0.350011539848539,86.57,4,26023.2072563315,2,0.0484619583526901,7438
"Significant_Damage_And_Serious_Injuries",31.9634703196347,15,0,62.0783956244303,0.372369996393797,79.29,5,35701.0921344288,2,0.0253444907773519,3061
"Minor_Damage_And_Injuries",58.4474885844749,11,10,64.5852324521422,0.339553552109629,83.01,2,33226.1306928098,2,0.449741028719997,6110
"Significant_Damage_And_Serious_Injuries",47.7168949771689,11,2,75.9343664539654,0.293394157951677,82.19,5,26346.5048146761,1,0.0167112795961212,8836
"Significant_Damage_And_Serious_Injuries",65.4337899543379,12,9,56.9735642661805,0.634180310133429,78.71,4,36159.9008773321,4,0.0664064222070882,12242
"Significant_Damage_And_Fatalities",73.607305936073,10,11,71.4676390154968,0.309982690227191,81.13,7,16229.7283441618,3,0.0011026362175773,6885
"Minor_Damage_And_Injuries",50.2283105022831,13,12,68.5961713764813,0.359748287053732,83.97,2,38266.3884130149,0,0.51978130044264,10635
"Significant_Damage_And_Serious_Injuries",43.2876712328767,12,1,59.845031905196,0.430429859358096,77.25,7,32243.5526097867,4,0.00307261774491828,8076
"Minor_Damage_And_Injuries",61.4155251141552,10,1,66.3172288058341,0.315752614496934,83.71,5,30955.5308494645,1,0.0195855691124162,9460
"Highly_Fatal_And_Damaging",55.5707762557078,12,21,46.0802187784868,0.541140281283808,80.44,6,43993.907529507,3,0.0107524397887336,9777
"Minor_Damage_And_Injuries",54.4292237442922,12,11,64.5852324521422,0.348569058781104,81.26,2,16069.2651727545,1,0.22104033381928,3566
"Minor_Damage_And_Injuries",49.5890410958904,10,6,45.2142206016409,0.382467363865849,77.46,3,27686.2413636474,2,0.137435801532218,1049
"Significant_Damage_And_Fatalities",74.2009132420091,10,3,66.9097538742024,0.427905517490083,78.9,7,36281.1594419216,2,0.00308072264679319,3915
"Significant_Damage_And_Serious_Injuries",45.4794520547945,11,2,66.9097538742024,0.419971871619185,80.4,6,32471.8667825378,2,0.00814549614910403,4704
"Significant_Damage_And_Serious_Injuries",32.1004566210046,15,20,62.0783956244303,0.299524702488279,80.58,3,20692.5240026338,2,0.104226104747835,5405
"Significant_Damage_And_Serious_Injuries",47.7168949771689,11,9,74.7037374658159,0.225236927515326,78.56,3,41528.151296693,2,0.208475823050671,6956
"Significant_Damage_And_Serious_Injuries",14.8858447488584,20,13,75.9343664539654,0.29591849981969,81.33,6,22659.2573373519,4,0.00538399196490689,3371
"Minor_Damage_And_Injuries",37.4429223744292,17,16,69.5989061075661,0.354699603317706,77.86,2,23214.4912184096,2,0.3139417150984,3046
"Minor_Damage_And_Injuries",44.5662100456621,12,3,56.1075660893346,0.345323476379372,76.96,3,23159.6988748288,4,0.115019368264299,10986
"Minor_Damage_And_Injuries",61.2785388127854,10,3,79.3072014585233,0.31034331049405,84.53,2,60869.7486975738,2,0.77780180254329,7800
"Significant_Damage_And_Serious_Injuries",27.8538812785388,17,5,67.3199635369189,0.494620266858997,84.63,2,23407.410999469,1,0.315638700388621,3650
"Significant_Damage_And_Fatalities",26.4840182648402,13,5,57.0647219690064,0.502553912729895,78.31,4,14367.9657224963,3,0.0272796093112314,8404
"Minor_Damage_And_Injuries",48.9041095890411,14,1,68.7784867821331,0.323325640100974,76.87,7,36156.8263602184,2,0.00330924065880104,1090
"Significant_Damage_And_Fatalities",48.1278538812785,17,1,57.7484047402006,0.395810313739632,78.88,7,28203.4891265458,2,0.00288440827898333,488
"Significant_Damage_And_Serious_Injuries",31.9634703196347,15,0,62.0783956244303,0.466491886043996,82.45,3,23157.2982287448,1,0.115019368264299,9852
"Minor_Damage_And_Injuries",60.4566210045662,11,2,60.7110300820419,0.380303642264695,87.34,2,52077.3016680616,3,0.69735889274579,11228
"Minor_Damage_And_Injuries",35.2511415525114,18,8,67.6845943482224,0.343159754778218,78.18,4,38634.4918369471,1,0.070322073016045,6774
"Significant_Damage_And_Serious_Injuries",33.7899543378995,15,2,61.2123974475843,0.318276956364948,80.27,4,33538.2092577659,4,0.061124830982299,3507
"Highly_Fatal_And_Damaging",12.4657534246575,18,3,74.61257976299,0.235694915254237,79.84,6,24801.7379750678,0,0.00624651726327305,4517
"Significant_Damage_And_Serious_Injuries",45.5251141552511,11,0,69.8723792160438,0.381746123332131,79.32,3,41727.7322607161,1,0.208364579052776,3116
"Significant_Damage_And_Fatalities",24.7945205479452,14,12,39.8359161349134,0.433314821492968,81.45,4,34205.1278146446,0,0.0618281120215323,9355
"Highly_Fatal_And_Damaging",29.8173515981735,12,0,56.8824065633546,0.364436350522899,84.72,6,38521.3038909916,4,0.00957855306754419,4573
"Highly_Fatal_And_Damaging",38.9954337899543,10,0,67.0920692798541,0.385352326000721,78.68,4,44040.9929536786,0,0.0800323426961933,4327
"Significant_Damage_And_Serious_Injuries",23.8812785388128,18,7,58.4320875113947,0.282214929679048,76.75,7,30605.4321457317,2,0.00258767024506275,8383
"Significant_Damage_And_Serious_Injuries",24.8401826484018,18,2,84.1841385597083,0.333062387306166,78.92,1,19621.8759483386,2,0.717630663700448,227
"Significant_Damage_And_Serious_Injuries",70.5022831050228,11,0,46.8094804010939,0.459640100973675,75.54,7,22083.7153472564,5,0.00198107194251065,8661
"Significant_Damage_And_Fatalities",72.4657534246575,10,8,63.9015496809481,0.448100252434187,79.27,7,42647.0633080233,1,0.0037778342515366,9935
"Significant_Damage_And_Serious_Injuries",50.4109589041096,10,9,85.7793983591614,0.221270104579877,83.55,3,36676.100600582,3,0.183310929287326,9347
"Highly_Fatal_And_Damaging",34.703196347032,11,19,61.6681859617138,0.523469888207717,75.98,5,31702.3296639883,0,0.0222726152360583,11620
"Minor_Damage_And_Injuries",30.0913242009132,16,4,47.7666362807658,0.431151099891814,82.22,2,27933.3453552046,1,0.374914819213207,6677
"Significant_Damage_And_Serious_Injuries",45.4337899543379,11,1,62.7164995442115,0.23461305445366,79.17,4,29944.115484551,2,0.0548654683705585,1221
"Highly_Fatal_And_Damaging",34.7945205479452,11,10,55.1048313582498,0.440887847097007,82.03,2,38406.931881458,2,0.51978130044264,11759
"Significant_Damage_And_Serious_Injuries",43.972602739726,12,0,57.2014585232452,0.441609087630725,83.9,3,25050.0244984021,1,0.12374128673581,6643
"Minor_Damage_And_Injuries",45.0228310502283,15,8,74.0200546946217,0.238579877389109,77.95,2,32538.6591268151,1,0.441091386952033,1095
"Significant_Damage_And_Fatalities",24.7945205479452,14,7,40.2917046490429,0.577923548503426,84.38,3,22327.5246569269,3,0.112198793945968,5691
"Significant_Damage_And_Fatalities",23.4246575342466,15,7,44.7584320875114,0.522748647673999,76.18,4,24189.2775073753,1,0.0449289157473636,1890
"Highly_Fatal_And_Damaging",32.9680365296804,12,14,72.3336371923428,0.237858636855391,78.08,4,35054.2608595548,1,0.0640250122208822,9419
"Highly_Fatal_And_Damaging",53.972602739726,12,12,44.7128532360985,0.705583122971511,79.53,2,33768.9628637163,1,0.453246293181655,11673
"Significant_Damage_And_Fatalities",59.6803652968037,14,1,65.1321786690975,0.293033537684818,77.41,7,32218.4656381463,2,0.00296123311268106,11399
"Highly_Fatal_And_Damaging",40.2283105022831,10,10,74.9772105742936,0.326571222502704,78.4,5,35683.7170907573,1,0.0245347549298593,8828
"Highly_Fatal_And_Damaging",31.5525114155251,12,2,62.7164995442115,0.424299314821493,82.73,4,21651.0494588669,1,0.0400939791939182,7600
"Minor_Damage_And_Injuries",34.8401826484018,15,14,46.6271649954421,0.537173458348359,78.95,6,21768.7855190636,2,0.00532697752793188,895
"Minor_Damage_And_Injuries",28.9497716894977,16,7,42.0237010027347,0.47911359538406,81.45,2,11503.3885608342,3,0.134834939340907,11713
"Minor_Damage_And_Injuries",41.7351598173516,16,22,72.151321786691,0.272117562206996,79.73,2,28549.7555524629,0,0.383674121036191,12297
"Highly_Fatal_And_Damaging",40.365296803653,9,5,59.2069279854148,0.35686332491886,82.8,4,14251.9158934857,1,0.0264588314136203,9725
"Significant_Damage_And_Serious_Injuries",36.7123287671233,14,1,62.7164995442115,0.424299314821493,75.4,5,19872.4691787797,3,0.0128336115601887,8889
"Minor_Damage_And_Injuries",38.1735159817352,17,2,63.7192342752963,0.32080129823296,78.52,3,38835.975037127,1,0.193047058646099,7890
"Highly_Fatal_And_Damaging",33.6073059360731,18,12,56.7000911577028,0.293033537684818,80.54,3,27850.9170757979,2,0.138981059396441,7431
"Minor_Damage_And_Injuries",42.6027397260274,16,5,70.0091157702826,0.547270825820411,76.98,2,30649.1913215042,3,0.415919626722151,5696
"Minor_Damage_And_Injuries",40.9132420091324,16,3,61.7137648131267,0.386794807068157,83.1,1,23785.9624040255,1,0.876481842754786,5171
"Highly_Fatal_And_Damaging",27.945205479452,13,5,57.2470373746582,0.211172737107825,79.15,3,26044.9115519259,4,0.128032619795491,98
"Highly_Fatal_And_Damaging",45.7077625570776,15,7,41.6134913400182,0.676733501622791,82.49,7,48338.7786128591,2,0.00555060260851531,5599
"Highly_Fatal_And_Damaging",23.9269406392694,14,7,86.918869644485,0.234973674720519,81.35,1,28834.5769311732,3,1.0603906859471,10302
"Significant_Damage_And_Fatalities",76.3926940639269,9,5,66.362807657247,0.339914172376487,88.57,7,30197.0499678191,3,0.00291877179851606,3027
"Significant_Damage_And_Serious_Injuries",44.9315068493151,18,10,40.2917046490429,0.557368193292463,78.87,6,21720.5738257697,3,0.00522411044585368,7048
"Highly_Fatal_And_Damaging",58.0365296803653,11,0,46.4904284412033,0.634901550667147,77.69,2,9963.02930885873,1,0.167498543894157,7376
"Highly_Fatal_And_Damaging",5.20547945205479,20,6,77.848678213309,0.247234763793725,76.44,4,37164.6419753701,0,0.0680694161849972,1283
"Highly_Fatal_And_Damaging",36.1187214611872,11,3,79.6718322698268,0.284739271547061,81.21,3,33784.2260639489,1,0.16779486761915,8478
"Highly_Fatal_And_Damaging",70,7,20,42.0237010027347,0.575759826902272,86.52,2,33768.9628637163,1,0.456494522760392,6980
"Minor_Damage_And_Injuries",61.4611872146119,10,1,57.2470373746582,0.244349801658853,81.16,2,37177.3789253251,1,0.501262149716751,2363
"Minor_Damage_And_Injuries",28.6301369863014,20,1,61.6226071103008,0.355420843851424,81.23,4,26059.560509835,4,0.0478333679622759,11097
"Highly_Fatal_And_Damaging",17.3972602739726,16,19,68.6417502278943,0.267429498737829,81.23,7,15246.0930451473,2,0.00135806999799443,8344
"Significant_Damage_And_Serious_Injuries",26.3013698630137,17,30,61.485870556062,0.364436350522899,83.28,3,38168.2845511766,2,0.190028699243352,10320
"Minor_Damage_And_Injuries",28.8127853881279,16,2,47.9945305378305,0.407710782545979,83.22,1,11648.2642436251,1,0.428515694056208,4700
"Highly_Fatal_And_Damaging",40.6392694063927,16,1,56.9735642661805,0.303491525423729,81.62,5,27850.9170757979,2,0.0179965117276075,11918
"Highly_Fatal_And_Damaging",46.2557077625571,8,8,68.5050136736554,0.422496213487198,82.22,4,36056.3247444592,4,0.0665314538675571,11123
"Highly_Fatal_And_Damaging",71.324200913242,7,2,56.3810391978122,0.231728092318788,83.6,2,39521.7363015936,2,0.533684621923382,9201
"Minor_Damage_And_Injuries",22.9223744292237,19,7,52.9626253418414,0.449542733501623,83.97,3,56224.4463125981,3,0.27447787565096,11245
"Minor_Damage_And_Injuries",30,16,6,49.0428441203282,0.374533717994951,78.33,3,15252.2217803697,2,0.0756091709686122,12013
"Minor_Damage_And_Injuries",51.2328767123288,13,14,57.383773928897,0.412038225748287,80.81,4,20375.8154327724,1,0.0373196077530156,6797
"Highly_Fatal_And_Damaging",30.5936073059361,12,3,86.9644484958979,0.362993869455463,79.31,1,45265.3882053258,3,1.64589054204515,8790
"Significant_Damage_And_Serious_Injuries",57.3059360730593,8,5,77.4384685505925,0.414201947349441,80.79,3,37288.2119708137,2,0.186318355278325,10992
"Minor_Damage_And_Injuries",42.9680365296804,15,4,58.7055606198724,0.414923187883159,79.6,3,47462.7280298216,1,0.233867615945716,2355
"Significant_Damage_And_Fatalities",73.5159817351598,10,4,66.9097538742024,0.377779300396682,77.02,7,29676.601970759,3,0.00283482891951351,6800
"Minor_Damage_And_Injuries",35.5251141552511,18,0,79.1704649042844,0.32116191849982,80.39,2,26701.689501,2,0.362071260670276,7413
"Significant_Damage_And_Serious_Injuries",26.3013698630137,17,4,65.1777575205105,0.458918860439956,78.83,3,23070.4282654136,2,0.114395822423754,7807
"Significant_Damage_And_Serious_Injuries",38.7214611872146,14,5,71.9234275296263,0.27788748647674,76.3,5,26538.322262979,2,0.0193100351190768,4917
"Significant_Damage_And_Serious_Injuries",26.7123287671233,17,0,61.2579762989973,0.294476018752254,81.02,3,17011.9552427058,2,0.0841518390163713,207
"Significant_Damage_And_Fatalities",58.9954337899543,14,4,61.6226071103008,0.368403173458348,81.93,3,18915.5090248707,1,0.0958059182791733,126
"Significant_Damage_And_Serious_Injuries",38.8127853881278,20,2,51.5496809480401,0.491014064190407,81.42,7,35247.2887973971,1,0.00300586985694696,10073
"Minor_Damage_And_Injuries",59.7716894977169,10,17,68.7329079307201,0.192059862964299,78.56,2,46546.8888050703,3,0.637297326574672,5688
"Minor_Damage_And_Injuries",52.9680365296804,12,15,60.0273473108478,0.335947349441038,81.01,2,32215.0676113939,2,0.436765191481662,1694
"Minor_Damage_And_Injuries",38.4474885844749,17,10,78.9425706472197,0.262380815001803,78.47,1,23072.3623038096,0,0.846302653714557,3030
"Highly_Fatal_And_Damaging",29.7716894977169,12,2,78.1221513217867,0.276805625676163,79.68,3,38068.5442522449,4,0.189127877173483,4863
"Significant_Damage_And_Fatalities",22.7853881278539,15,4,37.2835004557886,0.59451208077894,77.91,1,37034.4056430355,3,1.34784952706186,42
"Significant_Damage_And_Serious_Injuries",38.7671232876712,13,2,68.1859617137648,0.237498016588532,81.07,3,27416.8061676674,2,0.135864511061758,6239
"Significant_Damage_And_Fatalities",83.6529680365297,7,9,62.5341841385597,0.410235124413992,86.09,3,53739.5291225594,3,0.264749960840887,5002
"Highly_Fatal_And_Damaging",50.5022831050228,6,5,61.3035551504102,0.483080418319509,84.14,4,36969.1983790329,3,0.067317117305982,457
"Significant_Damage_And_Serious_Injuries",39.8173515981735,13,2,70.6927985414767,0.205402812838081,81.52,4,31677.4511328005,2,0.0569905136266613,2522
"Minor_Damage_And_Injuries",30.0913242009132,16,3,41.6590701914312,0.497505228993869,81.74,6,28014.7185262694,3,0.00679482108393518,114
"Significant_Damage_And_Serious_Injuries",27.945205479452,17,6,60.0729261622607,0.381024882798413,82.98,3,25131.3222040264,2,0.125717901664781,1939
"Highly_Fatal_And_Damaging",23.3789954337899,15,4,63.9015496809481,0.456033898305084,78.67,7,19028.4936151418,2,0.00160333832093662,2294
"Minor_Damage_And_Injuries",47.4885844748858,14,1,65.0865998176846,0.502914532996754,76.65,7,23927.7372311182,1,0.00247774512911839,1364
"Significant_Damage_And_Serious_Injuries",16.6666666666667,20,20,65.9981768459435,0.499308330328164,77.3,1,16023.9644378645,1,0.589488708275267,6317
"Highly_Fatal_And_Damaging",23.9269406392694,14,16,69.644484958979,0.302409664623152,84.36,2,28793.1686940315,3,0.389545009608015,7171
"Significant_Damage_And_Serious_Injuries",31.3698630136986,15,12,71.8778486782133,0.314310133429499,81.85,6,25158.3121080831,3,0.0059310930744335,10260
"Significant_Damage_And_Fatalities",76.027397260274,9,7,57.5205104831358,0.393285971871619,86.43,7,30951.0633871869,4,0.00285419654463286,12271
"Highly_Fatal_And_Damaging",22.1917808219178,15,27,57.8851412944394,0.494620266858997,77.65,5,26607.9239914159,2,0.0179640495250665,5204
"Significant_Damage_And_Serious_Injuries",41.9634703196347,13,2,73.9288969917958,0.373451857194374,89.19,6,22719.4840947635,1,0.00559553599617865,8922
"Minor_Damage_And_Injuries",28.8584474885845,16,0,52.461257976299,0.401219617742517,82.53,2,37999.3671044333,1,0.516166765140638,1520
"Minor_Damage_And_Injuries",58.0365296803653,11,18,64.5852324521422,0.339192931842769,83.96,2,40909.5763164431,1,0.553451830919128,4434
"Highly_Fatal_And_Damaging",28.2191780821918,13,6,66.5451230628988,0.298803461954562,79.51,4,41982.5624801639,3,0.0776870335053078,1457
"Highly_Fatal_And_Damaging",44.703196347032,8,10,64.2206016408387,0.462525063108547,83.08,4,33892.7702492079,2,0.0621354412786752,1382
"Minor_Damage_And_Injuries",52.1917808219178,13,3,69.4165907019143,0.306376487558601,80.44,4,41493.4938799816,3,0.0758299007487241,11164
"Significant_Damage_And_Serious_Injuries",30.365296803653,16,9,70.6927985414767,0.424299314821493,79.21,2,37236.7491118675,0,0.50630490065634,4558
"Highly_Fatal_And_Damaging",32.7397260273973,12,0,69.5077484047402,0.337029210241615,79.14,4,26453.2769203909,3,0.0484508667497566,1206
"Significant_Damage_And_Serious_Injuries",52.1461187214612,6,3,73.2907930720146,0.244349801658853,81.53,3,27827.8514266594,3,0.138981059396441,10461
"Significant_Damage_And_Serious_Injuries",33.3333333333333,15,0,68.003646308113,0.240022358456545,75.55,1,45132.3048486348,2,1.69386357691072,6629
"Minor_Damage_And_Injuries",41.0958904109589,13,1,48.2224247948952,0.589824017309773,80.25,4,41437.8040405652,0,0.0758867263611491,11899
"Significant_Damage_And_Fatalities",67.6712328767123,12,0,77.3017319963537,0.344602235845654,78.64,7,28815.0595298404,1,0.00256331075226836,7745
"Highly_Fatal_And_Damaging",40.7762557077626,16,6,55.6061987237922,0.262020194734944,82.99,2,32028.7420815426,1,0.433461888131798,4920