"Severity","Safety_Score","Days_Since_Inspection","Total_Safety_Complaints","Control_Metric","Turbulence_In_gforces","Cabin_Temperature","Accident_Type_Code","Max_Elevation","Violations","Adverse_Weather_Metric","Accident_ID"
"Highly_Fatal_And_Damaging",29.1780821917808,13,4,82.3154056517776,0.174389469888207,82.43,4,35236.6318842485,1,0.0643079310837254,608
"Highly_Fatal_And_Damaging",29.1324200913242,13,11,75.7520510483136,0.339192931842769,84.96,4,23459.1137230837,4,0.0434717134034317,3504
"Highly_Fatal_And_Damaging",68.9954337899543,11,10,54.0565177757521,0.605691309051569,82.25,2,31738.5463084419,1,0.429074922493588,9145
"Minor_Damage_And_Injuries",42.5114155251142,16,0,64.4940747493163,0.354699603317706,76.36,2,38079.8427477091,3,0.515462917300368,6193
"Significant_Damage_And_Serious_Injuries",57.3972602739726,8,16,78.4412032816773,0.276084385142445,80.01,6,40413.0386474199,2,0.00961789780026553,752
"Highly_Fatal_And_Damaging",43.1963470319635,15,2,38.3318140382862,0.759315542733501,80.47,7,35769.9337769873,1,0.00301938466033513,3755
"Significant_Damage_And_Serious_Injuries",55.0228310502283,9,15,64.0838650865998,0.27788748647674,81.04,7,15738.4878024104,3,0.00136724003230083,349
"Minor_Damage_And_Injuries",40.4566210045662,16,2,58.7055606198724,0.4145625676163,82.22,2,48162.8722893482,2,0.650803040016768,1379
"Highly_Fatal_And_Damaging",25.5707762557078,14,8,83.3637192342753,0.29555787955283,82.16,1,29715.3910975432,2,1.08269875185483,5685
"Highly_Fatal_And_Damaging",28.2191780821918,13,0,83.8195077484048,0.185208077893978,82.49,7,32693.5776946736,2,0.00296137262935768,8131
"Minor_Damage_And_Injuries",19.5433789954338,19,5,52.5524156791249,0.638507753335737,80.65,3,35892.7983397101,3,0.179246049162375,7766
"Minor_Damage_And_Injuries",50.365296803653,13,5,58.3865086599818,0.416005048683736,80.81,1,26565.0475824998,2,0.972402662659163,12114
"Highly_Fatal_And_Damaging",16.8036529680365,16,16,67.7301731996354,0.505078254597908,81.18,2,30757.5517000084,2,0.416258197098539,1281
"Highly_Fatal_And_Damaging",2.64840182648402,23,5,60.9845031905196,0.275363144608727,87.11,4,26418.0517976765,1,0.0482410618460628,1484
"Minor_Damage_And_Injuries",33.7899543378995,15,2,54.9680948040109,0.372009376126938,81.71,2,44363.1891191291,1,0.600082621498808,3885
"Significant_Damage_And_Fatalities",76.1187214611872,9,6,67.4111212397448,0.463246303642264,86.47,7,29171.2113721281,3,0.00285419654463286,11042
"Significant_Damage_And_Serious_Injuries",43.4703196347032,12,3,82.0419325432999,0.317195095564371,78.36,3,40088.6022764906,2,0.198336004530739,1683
"Significant_Damage_And_Serious_Injuries",38.8584474885845,13,23,71.6955332725615,0.205042192571222,81.29,5,31424.3927488377,2,0.0223033361226062,10246
"Significant_Damage_And_Serious_Injuries",47.1689497716895,11,7,69.9179580674567,0.349290299314821,79.4,3,32679.287055112,0,0.16129916257788,3171
"Significant_Damage_And_Fatalities",16.4840182648402,16,16,45.5332725615314,0.496783988460151,77.56,1,20937.4352156767,1,0.771558067118472,673
"Minor_Damage_And_Injuries",50.7305936073059,13,0,68.4594348222425,0.399777136675081,79.61,1,33501.2328039891,2,1.23245464619173,3654
"Highly_Fatal_And_Damaging",27.4885844748858,13,3,61.2123974475843,0.369124413992066,78.66,4,21330.2737940527,1,0.0387908818557251,11099
"Highly_Fatal_And_Damaging",49.1780821917808,7,7,65.6335460346399,0.530682293544897,84.14,3,32578.5943530981,2,0.161430274694412,1510
"Highly_Fatal_And_Damaging",35.1598173515982,11,1,78.8969917958068,0.20576343310494,76.8,6,22834.1486913392,3,0.00538399196490689,1697
"Significant_Damage_And_Fatalities",72.0091324200913,10,4,75.7976298997265,0.325849981968986,82.15,7,37242.7749066967,2,0.00336390699429747,4974
"Significant_Damage_And_Fatalities",73.607305936073,10,19,71.4676390154968,0.388958528669311,76.56,7,42910.6380157239,1,0.0039729318398627,9425
"Significant_Damage_And_Serious_Injuries",50.5022831050228,10,2,63.9927073837739,0.24543166245943,78.94,3,41385.3685846249,2,0.205700937392858,10322
"Highly_Fatal_And_Damaging",12.9680365296804,18,2,70.5560619872379,0.324046880634692,76,4,22656.980469107,2,0.0419768073468294,5854
"Minor_Damage_And_Injuries",36.62100456621,14,5,41.6134913400182,0.558089433826181,84.94,6,30889.1456903206,2,0.00811692898317286,8577
"Significant_Damage_And_Fatalities",47.5342465753425,17,1,68.5050136736554,0.638147133068878,79.81,7,37921.073992065,4,0.00356776833668411,2536
"Significant_Damage_And_Fatalities",56.4840182648402,15,0,67.6390154968095,0.507602596465921,76.41,5,39083.4123264333,2,0.0257192489346566,2561
"Minor_Damage_And_Injuries",38.0365296803653,17,2,63.5824977210575,0.453509556437072,81.42,5,19433.6327994899,2,0.0128700652295364,8492
"Significant_Damage_And_Serious_Injuries",26.3013698630137,17,26,72.5615314494075,0.38571294626758,78.56,3,32099.6049465887,2,0.160120932295153,941
"Significant_Damage_And_Fatalities",78.2191780821918,8,1,75.8432087511395,0.342077893977641,82.49,3,36104.8569903325,1,0.179225376528475,11515
"Minor_Damage_And_Injuries",24.8401826484018,18,2,60.8021877848678,0.471179949513162,78.47,1,44135.7042932746,3,1.62444555920038,10280
"Significant_Damage_And_Fatalities",26.3926940639269,13,22,53.9653600729262,0.434396682293545,84.87,2,44340.4415424806,2,0.599383374249098,9211
"Minor_Damage_And_Injuries",57.9908675799087,11,0,61.5314494074749,0.414201947349441,76.95,2,47324.952775233,3,0.641936905014567,1287
"Highly_Fatal_And_Damaging",16.8036529680365,16,7,75.2506836827712,0.334865488640461,76.45,3,21862.3513750712,3,0.107173257715093,546
"Minor_Damage_And_Injuries",15.7534246575342,20,23,50.820419325433,0.493899026325279,76.53,7,36290.2303566085,2,0.0031758860473211,3590
"Minor_Damage_And_Injuries",47.4885844748858,11,16,52.6891522333637,0.366960692390912,81.55,3,23007.8887592863,2,0.115148815425775,4628
"Highly_Fatal_And_Damaging",35.8904109589041,11,6,68.5050136736554,0.400498377208799,76.18,4,33944.6431410097,2,0.0618935786043098,10973
"Significant_Damage_And_Fatalities",41.689497716895,19,6,69.8723792160438,0.23100685178507,76.94,2,44762.5045506306,3,0.607642842436207,6583
"Significant_Damage_And_Fatalities",44.6118721461187,8,12,52.8258887876026,0.366960692390912,78.67,1,21782.8175480912,3,0.804372516793261,3663
"Minor_Damage_And_Injuries",47.1232876712329,14,0,97.7666362807658,0.370927515326361,79.54,6,28145.0409199558,4,0.00678801516185438,10710
"Highly_Fatal_And_Damaging",56.027397260274,12,13,50.1823154056518,0.505799495131626,82.2,1,35415.675300555,3,1.3002817826989,2735
"Significant_Damage_And_Serious_Injuries",53.1050228310502,16,3,52.5524156791249,0.39292535160476,76.79,7,31087.6739161044,3,0.00259978665309837,7659
"Minor_Damage_And_Injuries",49.2237442922374,14,4,90.154968094804,0.300606563288856,78.64,5,36834.7828425541,2,0.0247122141214261,2323
"Highly_Fatal_And_Damaging",45.3881278538813,15,2,45.8067456700091,0.668078615218175,80.47,5,36297.4081004407,3,0.0239597925051858,12357
"Significant_Damage_And_Serious_Injuries",37.6712328767123,14,4,88.0127620783956,0.266708258204111,77.77,6,42113.4954189783,0,0.00997298902026605,6136
"Highly_Fatal_And_Damaging",36.1643835616438,11,13,65.4056517775752,0.35325712225027,79.73,4,34120.059024156,1,0.0621354412786752,6537
"Significant_Damage_And_Serious_Injuries",29.634703196347,16,3,66.7730173199635,0.355420843851424,84.62,6,40669.4425991241,2,0.00997298902026605,2347
"Significant_Damage_And_Serious_Injuries",54.2922374429224,12,6,51.0027347310848,0.768691669671836,82.86,3,33020.6826803039,3,0.166010239858908,3502
"Minor_Damage_And_Injuries",61.3698630136986,10,1,69.5989061075661,0.408071402812838,78.22,2,49803.0831353689,1,0.67013217659738,5626
"Significant_Damage_And_Fatalities",75.662100456621,9,15,66.9553327256153,0.557368193292463,78.67,7,20654.0788047055,0,0.00173178063293489,4993
"Significant_Damage_And_Fatalities",66.2557077625571,12,5,70.4193254329991,0.42177497295348,76.85,2,23642.1995766982,1,0.321537842277719,2716
"Significant_Damage_And_Serious_Injuries",33.1506849315068,15,0,68.6417502278943,0.404825820411107,80.67,3,41727.7322607161,4,0.20829681865897,2745
"Highly_Fatal_And_Damaging",41.7808219178082,9,1,71.1485870556062,0.516978723404255,88.78,1,24312.5763266109,2,0.905184703862421,5924
"Significant_Damage_And_Serious_Injuries",42.1004566210046,12,12,65.7247037374658,0.267790119004688,79.08,6,31076.1432081348,1,0.00817660609152242,568
"Significant_Damage_And_Serious_Injuries",36.8493150684931,14,0,66.2260711030082,0.340996033177064,77.59,3,32158.99176163,3,0.160120932295153,5847
"Highly_Fatal_And_Damaging",25.8904109589041,14,1,73.1084776663628,0.268150739271547,77.07,5,30693.4025236395,4,0.0202077464979155,10665
"Significant_Damage_And_Serious_Injuries",35.7077625570776,14,15,72.1969006381039,0.527076090876307,83.57,6,43914.0768249921,1,0.0105252032379729,849
"Highly_Fatal_And_Damaging",64.9315068493151,9,15,54.2388331814038,0.458918860439956,79.22,2,26637.374687927,1,0.359258711215434,4853
"Highly_Fatal_And_Damaging",35.296803652968,11,4,78.0765724703738,0.250840966462315,81.25,4,20515.550387688,1,0.0375914964961934,9206
"Minor_Damage_And_Injuries",31.1872146118721,19,4,61.485870556062,0.456033898305084,80.2,3,29589.3854076653,2,0.146661195079346,325
"Highly_Fatal_And_Damaging",33.972602739726,11,5,57.5205104831358,0.428626758023801,78.06,1,29989.0265842119,2,1.10323463410754,8770
"Highly_Fatal_And_Damaging",39.8173515981735,9,2,54.922515952598,0.384270465200144,77.48,4,29292.6903097503,2,0.0540647100858169,11259
"Significant_Damage_And_Serious_Injuries",33.1506849315068,15,2,62.0328167730173,0.368763793725207,80.36,6,36364.5237921726,3,0.00827687251883873,11998
"Significant_Damage_And_Serious_Injuries",31.1872146118721,16,4,61.7593436645397,0.456033898305084,80.06,6,21614.4889473999,3,0.00530726146776463,3662
"Minor_Damage_And_Injuries",64.5662100456621,9,2,78.5779398359162,0.309622069960331,78.2,2,28201.7353365839,1,0.381757277148022,5866
"Minor_Damage_And_Injuries",49.4063926940639,14,4,69.690063810392,0.351454020915975,79.8,1,32562.5772352937,1,1.18304526786249,11835
"Significant_Damage_And_Fatalities",38.0365296803653,20,2,58.20419325433,0.4145625676163,82,7,24371.5142179798,2,0.00221636476307407,1932
"Highly_Fatal_And_Damaging",47.3059360730593,8,6,59.6171376481313,0.284739271547061,80.34,6,29574.7363905462,3,0.00751256671759443,5260
"Minor_Damage_And_Injuries",19.5433789954338,19,12,48.9516864175023,0.590545257843491,80.53,3,45290.8837505859,2,0.224640366202277,6686
"Minor_Damage_And_Injuries",69.7260273972603,8,15,62.3518687329079,0.409513883880274,81.96,2,48274.055452493,2,0.653900333012144,9291
"Highly_Fatal_And_Damaging",30.5936073059361,12,0,78.1221513217867,0.276805625676163,78.53,4,28715.7080419414,2,0.0532825062350489,973
"Highly_Fatal_And_Damaging",23.013698630137,14,15,56.1987237921604,0.362633249188604,78.22,4,51330.7281929059,2,0.0966690299438388,1443
"Highly_Fatal_And_Damaging",38.4474885844749,10,1,67.8213309024613,0.399055896141363,78.59,7,36315.7270103316,2,0.00307977328659493,226
"Significant_Damage_And_Serious_Injuries",44.9315068493151,12,1,65.6335460346399,0.305294626758024,79.28,3,33141.6107312539,0,0.16646731576656,5926
"Highly_Fatal_And_Damaging",56.5296803652968,12,4,39.8359161349134,0.676733501622791,77.28,2,49762.7970613739,3,0.680017846372208,10716
"Highly_Fatal_And_Damaging",33.972602739726,11,4,64.3573381950775,0.324046880634692,76.23,1,31106.678555533,2,1.1470704674453,1329
"Minor_Damage_And_Injuries",35.2511415525114,18,0,71.5587967183227,0.424299314821493,80.76,7,24905.0619902748,1,0.00229414110951528,9989
"Significant_Damage_And_Serious_Injuries",24.703196347032,18,3,81.4038286235187,0.224876307248467,78.7,2,35183.5773073215,1,0.477812895620068,4984
"Highly_Fatal_And_Damaging",31.8264840182648,19,9,56.563354603464,0.695485755499459,78.95,4,40424.9322137671,2,0.0739977852573517,1047
"Significant_Damage_And_Serious_Injuries",40.2283105022831,13,2,82.2242479489517,0.238940497655968,79.43,3,21156.477787046,2,0.105814390731254,10290
"Minor_Damage_And_Injuries",41.7351598173516,16,0,89.1978122151322,0.317195095564371,80.5,2,13945.5728661169,2,0.2007875632122,6819
"Significant_Damage_And_Serious_Injuries",68.2191780821918,8,2,56.7000911577028,0.557007573025604,82.71,7,29654.872160627,3,0.0026777424402933,1452
"Significant_Damage_And_Serious_Injuries",79.4977168949772,8,13,56.7456700091158,0.458918860439956,83.26,7,31143.0404321038,4,0.00283987769225706,10673
"Significant_Damage_And_Fatalities",65.4337899543379,12,4,69.644484958979,0.232449332852506,78.22,7,12798.705832638,3,0.00112346443655095,5905
"Significant_Damage_And_Fatalities",39.1324200913242,10,1,52.6435733819508,0.387155427335016,77.48,3,27182.921710058,3,0.134224010429362,341
"Highly_Fatal_And_Damaging",24.1095890410959,14,5,71.0574293527803,0.331980526505589,76.36,4,42483.5374360881,1,0.0771509846485153,10723
"Minor_Damage_And_Injuries",29.5433789954338,20,12,63.9015496809481,0.409874504147133,81.8,5,42726.9586994413,3,0.0282456403562167,360
"Minor_Damage_And_Injuries",44.4292237442922,12,3,53.7374658158614,0.312867652362062,80.25,3,33608.5561174855,2,0.167563588643247,12037
"Significant_Damage_And_Serious_Injuries",40.7762557077626,13,6,79.0337283500456,0.205402812838081,78.38,5,42630.0016766009,2,0.0281059369478195,3034
"Minor_Damage_And_Injuries",40.2283105022831,13,19,53.6007292616226,0.393285971871619,78.62,3,47132.9571072998,3,0.23646452524774,2059
"Significant_Damage_And_Serious_Injuries",41.3698630136986,13,20,58.0674567000912,0.582611611972593,80.23,7,15196.4435200964,4,0.00129983141772071,11609
"Minor_Damage_And_Injuries",62.1461187214612,10,15,58.7511394712853,0.495702127659574,83.71,2,36517.8760767438,5,0.488682348438616,9589
"Significant_Damage_And_Serious_Injuries",65.662100456621,9,20,49.7721057429353,0.433675441759827,78.79,2,17182.4727749403,0,0.225648056800934,12400
"Significant_Damage_And_Serious_Injuries",56.62100456621,8,2,64.8131267092069,0.365518211323476,77.53,5,31387.7303250155,2,0.0202962591321259,1893
"Significant_Damage_And_Serious_Injuries",34.2465753424658,15,19,59.7538742023701,0.294836639019113,79.45,4,37917.1797061165,2,0.0697482164177026,7545
"Significant_Damage_And_Serious_Injuries",23.3333333333333,18,4,80.0820419325433,0.322965019834114,78.92,3,32624.4911271595,2,0.162552102201674,3290
"Highly_Fatal_And_Damaging",23.7899543378995,14,7,65.9981768459435,0.520945546339704,80.42,6,40424.9322137671,3,0.00985570910807226,5309
"Minor_Damage_And_Injuries",46.1187214611872,15,24,74.9772105742936,0.281133068878471,79.99,2,27206.7774652661,2,0.367490581778457,11138
"Minor_Damage_And_Injuries",60,10,1,70.3281677301732,0.318637576631806,77.82,2,19783.4713532385,2,0.272305673247602,10933
"Significant_Damage_And_Fatalities",80.3196347031963,8,11,68.5961713764813,0.388958528669311,79.89,4,48388.150295776,1,0.088524033837248,3564
"Significant_Damage_And_Fatalities",70.5022831050228,11,0,66.6818596171377,0.35325712225027,86.96,7,40160.7024034573,2,0.00337829937705446,2732
"Significant_Damage_And_Fatalities",17.5799086757991,16,9,38.1494986326345,0.59090587811035,79.53,6,31006.5572504406,2,0.00804897104676357,10087
"Minor_Damage_And_Injuries",31.5981735159817,19,3,62.2607110300821,0.427184276956365,79.29,4,41851.1444604899,1,0.0758299007487241,2932
"Highly_Fatal_And_Damaging",35.2511415525114,11,4,79.2160437556974,0.301327803822575,81.82,4,32806.2895663649,1,0.0602230539580057,6158
"Significant_Damage_And_Fatalities",31.2328767123288,12,2,55.3783044667274,0.240382978723404,79.89,1,32028.7420815426,1,1.18433439338999,9052
"Minor_Damage_And_Injuries",53.4246575342466,12,13,70.1002734731085,0.460361341507393,75.05,2,61815.4982895265,0,0.736627401114748,11751
"Significant_Damage_And_Fatalities",53.4703196347032,16,2,67.6390154968095,0.449542733501623,82.33,4,28356.8132043199,0,0.0520472009284067,2481
"Highly_Fatal_And_Damaging",65.3424657534246,4,17,58.20419325433,0.43619978362784,81.62,4,38242.1306477436,1,0.0707412082678978,12448
"Highly_Fatal_And_Damaging",42.8310502283105,9,0,59.7994530537831,0.474786152181753,85.1,4,24973.6836872682,3,0.0463365072382216,1166
"Highly_Fatal_And_Damaging",28.0365296803653,13,6,71.8322698268004,0.331980526505589,80.47,4,41117.873724951,1,0.0755380401037781,9334
"Minor_Damage_And_Injuries",40.9132420091324,13,1,57.0191431175934,0.303852145690588,77.24,3,40968.8743044528,2,0.203686644663722,9853
"Highly_Fatal_And_Damaging",44.4748858447489,15,7,56.7456700091158,0.487768481788677,81.89,2,28957.808823458,1,0.392272811672583,10095
"Significant_Damage_And_Fatalities",25.8904109589041,14,2,49.179580674567,0.51156941940137,77.39,4,14367.9657224963,3,0.027924193467896,154
"Minor_Damage_And_Injuries",54.1095890410959,12,6,75.2506836827712,0.288345474215651,79.47,2,35348.599583819,4,0.478778936314865,4238
"Significant_Damage_And_Serious_Injuries",56.62100456621,8,2,70.6927985414767,0.480556076451497,78.32,2,24904.9018319445,1,0.336595105059082,9581
"Significant_Damage_And_Serious_Injuries",35.7077625570776,14,8,80.4466727438469,0.31358889289578,81.48,3,24377.0453612042,2,0.122498421064204,9493
"Highly_Fatal_And_Damaging",53.1050228310502,16,0,32.7256153144941,0.682864046159394,78.23,6,38537.3634081449,0,0.00955562241640058,6248
"Significant_Damage_And_Fatalities",67.6712328767123,11,3,59.024612579763,0.360108907320591,82.81,4,35634.8941329161,2,0.065604908734878,4680
"Minor_Damage_And_Injuries",48.3561643835616,11,13,51.0027347310848,0.538976559682654,80.98,2,20134.1452289941,3,0.271798253042538,3413
"Minor_Damage_And_Injuries",46.1187214611872,15,3,72.3336371923428,0.268150739271547,79.09,2,39338.0906903955,2,0.534343511507069,7647
"Significant_Damage_And_Fatalities",14.4748858447489,17,5,38.1494986326345,0.556646952758745,77.5,1,31633.6906386513,4,1.16290206831625,954
"Significant_Damage_And_Serious_Injuries",40.6392694063927,13,2,87.4658158614403,0.372009376126938,81.53,6,29720.293822257,3,0.00751330908190693,4552
"Significant_Damage_And_Serious_Injuries",24.3835616438356,17,0,67.5478577939836,0.255168409664623,80.55,4,42659.8379450798,1,0.0785727187769532,2445
"Highly_Fatal_And_Damaging",40.5479452054794,9,1,75.7064721969006,0.325849981968986,79.51,4,41432.7487139018,2,0.0767512464095316,4351
"Significant_Damage_And_Serious_Injuries",33.9269406392694,15,1,79.8541476754786,0.215500180310133,75.68,4,46463.2666747296,3,0.0846928970724103,7228
"Minor_Damage_And_Injuries",43.972602739726,15,6,72.0145852324522,0.287624233681933,76.81,7,39338.0906903955,2,0.00353313922738211,10365
"Significant_Damage_And_Fatalities",42.1004566210046,19,0,76.5724703737466,0.335226108907321,78.09,7,41578.7169861032,1,0.00380218078016251,10905
"Significant_Damage_And_Serious_Injuries",47.7168949771689,11,0,83.8195077484048,0.203599711503786,81.83,1,19352.8761801669,3,0.723355681550488,11187
"Significant_Damage_And_Serious_Injuries",67.5342465753425,8,2,45.3965360072927,0.478392354850342,81.8,4,29654.872160627,1,0.0542862669246763,3361
"Significant_Damage_And_Fatalities",66.2557077625571,12,5,62.306289881495,0.314670753696357,79.88,7,38466.937091707,2,0.00352723325482144,9680
"Minor_Damage_And_Injuries",51.8264840182648,13,12,83.4092980856883,0.265987017670393,79.62,2,40745.7685865635,3,0.552348029450647,1894
"Highly_Fatal_And_Damaging",49.3607305936073,14,6,48.2224247948952,0.516618103137396,85.4,5,45350.7603179123,3,0.0295882262366942,5467
"Significant_Damage_And_Fatalities",30.1826484018265,12,0,50.5013673655424,0.35686332491886,77.21,6,32058.503196196,3,0.00794189349633051,5418
"Significant_Damage_And_Serious_Injuries",49.2694063926941,10,5,66.9097538742024,0.464328164442842,82.03,6,24203.6895848125,2,0.00609428775687228,9294
"Significant_Damage_And_Serious_Injuries",50.5022831050228,10,2,73.0628988149499,0.244349801658853,83.34,7,42627.7631749649,1,0.00397253120656083,9978
"Highly_Fatal_And_Damaging",50.5022831050228,7,0,78.9425706472197,0.343880995311936,80.5,4,26453.2769203909,2,0.0485064756050535,12162
"Significant_Damage_And_Fatalities",68.4931506849315,11,1,66.6818596171377,0.308900829426614,81.99,7,26493.1345735652,3,0.00228169437294458,7915
"Highly_Fatal_And_Damaging",11.5981735159817,18,31,89.6080218778487,0.200354129102055,77.63,1,34124.3376982382,4,1.24933997725514,2774
"Highly_Fatal_And_Damaging",47.4885844748858,14,8,50.1823154056518,0.564219978362784,77.89,3,45350.7603179123,3,0.225104799742964,5447
"Minor_Damage_And_Injuries",51.2328767123288,13,1,58.0674567000912,0.329456184637577,77.24,1,26949.9557733894,2,0.998432424921525,12311
"Minor_Damage_And_Injuries",63.4246575342466,6,0,33.6827711941659,0.4145625676163,75.98,2,49762.7970613739,4,0.67013217659738,11634
"Significant_Damage_And_Serious_Injuries",63.4246575342466,6,6,60.4375569735643,0.391482870537324,81.15,2,30232.1460175973,1,0.411084650236287,1532
"Minor_Damage_And_Injuries",46.027397260274,15,2,59.9817684594348,0.453509556437072,83.32,7,25648.6676085747,2,0.00218670673436361,3225
"Minor_Damage_And_Injuries",67.3059360730594,8,13,70.3737465815861,0.394007212405337,81.96,5,45578.4418966956,3,0.0297744341253541,3857
"Minor_Damage_And_Injuries",61.324200913242,10,1,61.2579762989973,0.395449693472773,81.76,5,31639.1855021958,1,0.0217946673291327,6914
"Significant_Damage_And_Serious_Injuries",26.62100456621,17,3,78.7602552415679,0.4145625676163,78.75,3,31959.5060139597,1,0.159286052499828,6455
"Significant_Damage_And_Fatalities",36.7579908675799,10,1,52.5979945305378,0.392564731337901,82.56,4,42176.9222862854,3,0.0774424735192348,10209
"Minor_Damage_And_Injuries",61.2328767123288,10,15,73.746581586144,0.334144248106743,78.18,2,9065.40417066948,3,0.122686904109192,11541
"Highly_Fatal_And_Damaging",25.8904109589041,14,5,66.7730173199635,0.478031734583483,83.73,1,39828.6197886984,3,1.46200242626009,8721
"Highly_Fatal_And_Damaging",40.2739726027397,9,6,76.8459434822243,0.370566895059502,80.24,3,53323.6708564959,1,0.27447787565096,11981
"Highly_Fatal_And_Damaging",15.9817351598174,17,7,84.2752962625342,0.481637937252074,76.66,1,27127.9246077737,1,0.996497974431902,4005
"Significant_Damage_And_Fatalities",57.945205479452,14,0,61.2579762989973,0.629852866931121,77.77,7,30982.4858135607,5,0.00292710508522188,2931
"Minor_Damage_And_Injuries",77.3059360730594,5,14,53.7374658158614,0.462164442841687,85.02,7,39964.6882619404,2,0.00355045388593748,4902
"Highly_Fatal_And_Damaging",37.5799086757991,10,12,62.2607110300821,0.375615578795528,80.53,4,32874.2637561158,1,0.0605866107345607,12481
"Significant_Damage_And_Serious_Injuries",37.2602739726027,14,19,60.2552415679125,0.299524702488279,79.45,7,20692.5240026338,1,0.00198107194251065,878
"Significant_Damage_And_Serious_Injuries",36.027397260274,14,2,72.926162260711,0.259135232600072,79.17,6,35966.6706508269,2,0.00900372099201005,4143
"Significant_Damage_And_Serious_Injuries",27.4885844748858,16,2,73.4731084776664,0.351454020915975,80.45,3,18241.0570937703,2,0.0926749837789125,10975
"Highly_Fatal_And_Damaging",38.8127853881278,17,2,54.3755697356427,0.42177497295348,79.56,2,30140.7322286987,2,0.413267080126156,9854
"Minor_Damage_And_Injuries",58.1278538812785,11,7,84.0018231540565,0.325489361702128,78.92,2,27607.247052704,2,0.371472025862616,10903
"Highly_Fatal_And_Damaging",20.1826484018265,15,0,64.1294439380128,0.219106382978723,85.88,1,28326.8604547061,1,1.0324299109381,4760
"Highly_Fatal_And_Damaging",23.4246575342466,15,18,74.7493163172288,0.296639740353408,76.75,3,32539.8451019905,2,0.162085006509895,12118
"Significant_Damage_And_Fatalities",78.675799086758,8,13,75.8432087511395,0.24543166245943,76.87,7,36485.4300529179,1,0.00326623839026802,4197
"Significant_Damage_And_Fatalities",58.8584474885845,14,7,64.4029170464904,0.445936530833032,77.78,6,47681.6955882409,1,0.0112415293720467,12039
"Minor_Damage_And_Injuries",37.4429223744292,14,13,55.5150410209663,0.541140281283808,79.61,2,23322.7206416509,2,0.316824530428867,4857
"Highly_Fatal_And_Damaging",21.2785388127854,15,5,67.7757520510483,0.505078254597908,82.54,6,14367.9657224963,3,0.003315418997916,11257
"Minor_Damage_And_Injuries",63.5159817351598,9,1,59.9817684594348,0.252283447529751,78.02,4,15928.1520352656,2,0.0296883507771248,12136
"Significant_Damage_And_Serious_Injuries",43.1963470319635,12,3,82.0419325432999,0.317916336098088,80.43,5,21156.477787046,3,0.0144372865277043,7795
"Significant_Damage_And_Fatalities",22.5570776255708,15,8,48.5870556061987,0.61939487919221,78.9,3,31006.5572504406,3,0.154092924830657,6049
"Significant_Damage_And_Serious_Injuries",26.7123287671233,17,8,61.4402917046491,0.381024882798413,79.67,6,26227.6377360108,4,0.00683385055298559,2037
"Highly_Fatal_And_Damaging",44.703196347032,8,0,67.5934366453965,0.245071042192571,77.11,7,34302.7258502924,2,0.00309622031037902,4481
"Significant_Damage_And_Fatalities",73.2876712328767,10,13,69.5533272561531,0.307097728092319,80.45,7,14993.6075495189,3,0.00124424510969441,2798
"Minor_Damage_And_Injuries",31.5981735159817,19,11,60.0273473108478,0.308540209159754,81.13,3,41238.4330086914,3,0.206458994146694,12349
"Significant_Damage_And_Serious_Injuries",20.1826484018265,19,30,75.2506836827712,0.325849981968986,79.75,3,32328.2199170687,1,0.160643633052364,4778
"Minor_Damage_And_Injuries",40.1369863013699,13,12,52.5524156791249,0.345323476379372,77.38,3,47132.9571072998,2,0.234985280834006,5565
"Highly_Fatal_And_Damaging",44.4748858447489,8,6,67.5934366453965,0.269232600072124,80.06,4,28202.759653544,3,0.0515805396340857,2031
"Significant_Damage_And_Serious_Injuries",18.3561643835616,20,20,68.5050136736554,0.443772809231878,76.53,1,31038.9017902922,1,1.14117623817193,6111
"Significant_Damage_And_Serious_Injuries",33.3333333333333,15,0,67.0009115770283,0.50796321673278,80.72,2,23661.9454078897,3,0.321537842277719,7504
"Highly_Fatal_And_Damaging",22.0091324200913,15,5,64.3117593436645,0.281854309412189,80.35,3,20584.3239850503,2,0.101502669686354,8626
"Highly_Fatal_And_Damaging",26.3013698630137,14,13,70.464904284412,0.306737107825459,79.17,4,33596.650764814,2,0.0610195919364493,425
"Highly_Fatal_And_Damaging",26.3470319634703,14,0,82.0875113947128,0.238940497655968,80.79,2,18807.9837594115,4,0.253283470951117,11569
"Significant_Damage_And_Serious_Injuries",45.7077625570776,11,0,62.7620783956244,0.302770284890011,79.15,4,21402.7601137385,2,0.0398260252450034,7511
"Significant_Damage_And_Serious_Injuries",38.3561643835616,13,1,80.6289881494986,0.229203750450775,81.82,3,24759.2173609027,3,0.122797458811414,11106
"Minor_Damage_And_Injuries",73.3333333333333,7,0,59.2980856882407,0.438724125495853,86.39,2,35580.6487001058,2,0.482865676422502,5421
"Minor_Damage_And_Injuries",48.9954337899543,14,6,64.3573381950775,0.45387017670393,81.75,2,39207.8409430981,3,0.525000448580524,9564
"Significant_Damage_And_Serious_Injuries",36.3926940639269,14,13,63.3546034639927,0.252283447529751,86.57,7,38340.1216892705,2,0.00355045388593748,6595