"Severity","Safety_Score","Days_Since_Inspection","Total_Safety_Complaints","Control_Metric","Turbulence_In_gforces","Cabin_Temperature","Accident_Type_Code","Max_Elevation","Violations","Adverse_Weather_Metric","Accident_ID"
"Highly_Fatal_And_Damaging",53.8812785388128,12,3,51.3217866909754,0.494259646592138,79.97,7,16629.6337259716,2,0.00103595243589963,5101
"Significant_Damage_And_Serious_Injuries",98.4018264840183,5,13,88.4685505925251,0.168980165885323,77.95,7,43717.2844019346,2,0.00400200391853314,4243
"Significant_Damage_And_Serious_Injuries",58.675799086758,4,12,62.6253418413856,0.346405337179949,77.29,5,11265.9177885903,2,0.00565999846684,10210
"Significant_Damage_And_Fatalities",54.7488584474886,15,4,58.6144029170465,0.387876667868734,85.97,7,19398.1511532957,1,0.00180026227255609,8104
"Significant_Damage_And_Serious_Injuries",43.7899543378995,12,8,76.6636280765725,0.374533717994951,87.47,6,30361.8731058024,3,0.00756716995374567,4501
"Highly_Fatal_And_Damaging",51.8721461187215,6,1,66.1804922515953,0.298803461954562,79.31,3,13688.0852967169,3,0.0693979507759365,1306
"Minor_Damage_And_Injuries",48.1735159817352,14,6,85.7793983591614,0.199632888568337,78.56,3,22151.6148638974,3,0.110391364869765,6758
"Highly_Fatal_And_Damaging",51.7351598173516,13,9,41.6134913400182,0.782395239812477,79.13,2,33768.9628637163,2,0.454650608785892,4690
"Significant_Damage_And_Fatalities",52.3744292237443,16,0,76.4813126709207,0.492095924990984,82.12,6,49696.2613236884,2,0.0123600829136333,414
"Significant_Damage_And_Serious_Injuries",36.6666666666667,14,7,66.6362807657247,0.313228272628922,78.64,4,24094.6791285332,3,0.0437525280036623,3414
"Highly_Fatal_And_Damaging",32.4200913242009,12,7,66.2260711030082,0.450263974035341,78.52,4,23078.0997172158,1,0.0423343749014067,4407
"Significant_Damage_And_Serious_Injuries",16.986301369863,20,20,74.2023701002735,0.206484673638658,77.96,3,30176.470252091,0,0.150443509700188,2007
"Significant_Damage_And_Serious_Injuries",47.2146118721461,11,12,71.7411121239745,0.496423368193292,78.67,6,32803.7517033394,1,0.0078701384699587,3528
"Minor_Damage_And_Injuries",42.9680365296804,15,3,58.3865086599818,0.414923187883159,85.97,1,33105.8525511885,3,1.22513471747551,5758
"Highly_Fatal_And_Damaging",31.1415525114155,12,0,86.052871467639,0.280051208077894,79.83,3,28568.1625189766,1,0.142969916949184,11832
"Minor_Damage_And_Injuries",42.9680365296804,16,22,78.669097538742,0.40374395961053,78.47,5,31363.1224768785,1,0.0207209616607708,11956
"Highly_Fatal_And_Damaging",14.2465753424657,17,0,80.6289881494986,0.30313090515687,77.27,1,38564.129227285,0,1.42252211161246,7972
"Minor_Damage_And_Injuries",59.4063926940639,11,1,66.5451230628988,0.40013775694194,79.8,2,40101.8250426003,0,0.541604994410513,6441
"Minor_Damage_And_Injuries",42.6027397260274,12,15,49.8632634457612,0.354338983050847,80.44,3,40442.7281475776,2,0.20122391367316,9551
"Minor_Damage_And_Injuries",51.8264840182648,13,5,82.1786690975388,0.434757302560403,80.85,2,27009.1612134643,3,0.367070924216606,4058
"Significant_Damage_And_Serious_Injuries",43.4703196347032,12,0,57.5205104831358,0.43259358095925,78.13,5,33637.1800839273,3,0.0237990658424012,11319
"Significant_Damage_And_Serious_Injuries",42.7853881278539,12,6,80.5834092980857,0.396892174540209,78.83,3,33680.0996768755,1,0.168147873107599,7770
"Highly_Fatal_And_Damaging",17.351598173516,16,14,96.3081130355515,0.245071042192571,77.74,4,22016.952274007,2,0.0402197748879124,6658
"Minor_Damage_And_Injuries",62.4657534246575,10,27,82.3609845031905,0.395810313739632,76.21,3,17474.5485605647,2,0.0860681777332208,2633
"Highly_Fatal_And_Damaging",23.1050228310502,14,7,61.9416590701914,0.223433826181031,81.82,4,29492.566397426,1,0.0537586126419105,6781
"Significant_Damage_And_Fatalities",26.3470319634703,14,2,51.0483135824977,0.763282365668951,78.37,5,32372.4222574949,0,0.0222726152360583,75
"Highly_Fatal_And_Damaging",42.4657534246575,16,8,45.077484047402,0.473704291381176,81.45,4,14515.7951542876,3,0.0279354186380137,8181
"Minor_Damage_And_Injuries",20.958904109589,19,2,35.8249772105743,0.754627479264334,81.43,3,41508.4400941862,1,0.208414226253688,11955
"Significant_Damage_And_Fatalities",66.2557077625571,12,8,61.6681859617138,0.368403173458348,82.52,4,40406.3063322322,4,0.0733737553451417,5212
"Significant_Damage_And_Serious_Injuries",53.8356164383562,9,1,58.0218778486782,0.482359177785791,77.2,3,39820.4192512397,2,0.198336004530739,2311
"Significant_Damage_And_Serious_Injuries",37.6712328767123,14,18,69.0519598906108,0.203960331770645,85.27,3,37349.2494569828,1,0.186378615413655,6021
"Highly_Fatal_And_Damaging",37.5342465753425,10,0,67.3199635369189,0.491735304724126,80.71,4,36884.0023856598,2,0.0675235373533295,10790
"Significant_Damage_And_Serious_Injuries",45.5707762557078,18,0,49.6809480401094,0.696206996033177,84.74,4,37386.7912712908,2,0.0680573980642769,11851
"Highly_Fatal_And_Damaging",50.3196347031963,13,5,52.0966271649954,0.494620266858997,80.14,2,16200.3364300591,2,0.209716720905563,10777
"Significant_Damage_And_Serious_Injuries",33.6073059360731,15,4,69.5533272561531,0.333062387306166,77.81,3,20387.3561978739,2,0.101519827745638,3219
"Minor_Damage_And_Injuries",50.7305936073059,13,6,74.5214220601641,0.207205914172377,81.58,2,15282.2248119916,2,0.178843572386274,3236
"Highly_Fatal_And_Damaging",77.8538812785388,3,2,71.3764813126709,0.304573386224305,79.58,3,32463.032918282,2,0.161821162714402,10546
"Minor_Damage_And_Injuries",58.7671232876712,7,3,30.4010938924339,0.774822214208438,84.96,4,22753.2773234342,2,0.0419814175319841,5821
"Highly_Fatal_And_Damaging",50.5022831050228,6,1,70.464904284412,0.249759105661738,82.26,4,18418.6699875871,2,0.0344640314807206,7622
"Minor_Damage_And_Injuries",20.958904109589,23,7,97.7666362807658,0.370927515326361,78.3,4,38630.4756847112,4,0.0704870568565678,12458
"Highly_Fatal_And_Damaging",31.1872146118721,12,0,62.7164995442115,0.35686332491886,82.23,6,34889.6759220544,3,0.00898285702476395,753
"Highly_Fatal_And_Damaging",20.2283105022831,15,5,71.1030082041933,0.388958528669311,79.49,4,31115.766134544,3,0.0576905077338298,2889
"Significant_Damage_And_Serious_Injuries",35.4794520547945,14,1,61.6226071103008,0.430429859358096,80.62,4,41691.6811624843,3,0.0765664060964708,11723
"Significant_Damage_And_Serious_Injuries",50.7762557077626,10,0,79.7174111212398,0.333423007573026,82.19,3,28759.0997547688,2,0.143183126568889,12092
"Highly_Fatal_And_Damaging",54.0182648401826,12,3,56.3810391978122,0.456033898305084,81.96,2,32702.1479935482,1,0.444452039038506,3627
"Highly_Fatal_And_Damaging",28.9497716894977,13,0,62.7620783956244,0.329095564370718,78.66,4,44040.9929536786,1,0.0805377053035853,601
"Minor_Damage_And_Injuries",73.4246575342466,6,8,75.8432087511395,0.292672917417959,76.02,4,33959.191621618,4,0.0619950696061957,3020
"Significant_Damage_And_Serious_Injuries",6.02739726027397,22,2,68.7784867821331,0.291230436350523,80.74,6,31224.5282436972,2,0.00794189349633051,9045
"Highly_Fatal_And_Damaging",54.703196347032,5,6,39.9726526891522,0.585496574107465,79.53,2,32840.8104973964,1,0.443808474464164,1540
"Highly_Fatal_And_Damaging",68.4018264840182,8,11,54.2388331814038,0.607855030652723,81.72,2,40177.3017762019,3,0.541152830444993,8009
"Significant_Damage_And_Serious_Injuries",41.3698630136986,12,20,82.7256153144941,0.462885683375405,77.98,6,49040.7161051711,2,0.0126772159034145,7670
"Significant_Damage_And_Fatalities",63.9269406392694,13,7,57.5205104831358,0.439084745762712,80.07,2,40741.8822675604,2,0.550393965793601,1338
"Highly_Fatal_And_Damaging",30.7305936073059,12,3,67.5934366453965,0.255168409664623,81.7,1,36027.6632015151,3,1.3253909471456,3922
"Minor_Damage_And_Injuries",49.2694063926941,14,0,79.1248860528715,0.218385142445005,81.85,2,28782.5290094453,3,0.38932566963731,5955
"Minor_Damage_And_Injuries",42.1004566210046,16,15,65.587967183227,0.426102416155788,75.27,2,61815.4982895265,0,0.746908740126634,4747
"Highly_Fatal_And_Damaging",12.9223744292237,18,1,68.003646308113,0.330538045438154,80.03,2,35101.9550099566,2,0.4741097524186,2268
"Significant_Damage_And_Fatalities",73.5159817351598,10,6,78.669097538742,0.239661738189686,79.88,7,29157.1074392488,1,0.00284298516544317,11112
"Minor_Damage_And_Injuries",41.8264840182648,12,0,52.1422060164084,0.510848178867652,79.37,2,22671.8172128642,2,0.303007316955657,10942
"Significant_Damage_And_Fatalities",11.7808219178082,18,3,36.7821330902462,0.662308690948431,75.5,5,31647.884323696,2,0.0221611608546171,1254
"Minor_Damage_And_Injuries",72.9680365296803,7,10,68.5050136736554,0.359748287053732,77.69,2,22913.2170491522,1,0.3116315447563,2321
"Highly_Fatal_And_Damaging",32.1461187214612,12,7,73.5186873290793,0.30313090515687,76.99,1,31180.8011630734,2,1.14214380855523,4813
"Minor_Damage_And_Injuries",52.4657534246575,13,2,68.1403828623519,0.21333645870898,84.43,7,27762.7996722579,2,0.00212511012983095,701
"Highly_Fatal_And_Damaging",18.310502283105,16,1,86.8277119416591,0.230646231518211,79.15,4,17933.0502822011,4,0.031134858517972,11795
"Significant_Damage_And_Fatalities",55.9360730593607,15,11,70.3281677301732,0.555925712225027,80.35,2,27009.1612134643,4,0.366224285097702,10617
"Highly_Fatal_And_Damaging",47.3059360730593,7,0,70.8751139471286,0.323686260367832,75.88,4,29978.3820723515,1,0.055119247113463,5763
"Significant_Damage_And_Serious_Injuries",36.62100456621,14,5,61.485870556062,0.512290659935088,80.52,4,45329.8896427857,2,0.0827923767001147,4316
"Minor_Damage_And_Injuries",51.6438356164384,13,13,77.5296262534184,0.313228272628922,81.01,1,35815.5275372957,3,1.30960836210872,10976
"Minor_Damage_And_Injuries",41.9634703196347,12,8,49.8632634457612,0.337029210241615,80.44,3,42607.0710974919,2,0.210513625790142,3543
"Significant_Damage_And_Serious_Injuries",32.0547945205479,15,3,62.0783956244303,0.368763793725207,81,4,37550.3987735086,0,0.0679645047747395,10530
"Significant_Damage_And_Fatalities",11.6438356164384,18,4,51.1850501367366,0.59415146051208,75.98,4,36350.8751542663,4,0.0658927127051911,11264
"Significant_Damage_And_Fatalities",29.634703196347,13,0,50.1367365542388,0.506881355932203,77.75,1,30282.7718455263,2,1.1096272722118,10196
"Minor_Damage_And_Injuries",31.1872146118721,19,9,74.1567912488605,0.275723764875586,79.88,7,32850.2820042211,3,0.00304411324082503,2928
"Significant_Damage_And_Serious_Injuries",56.2100456621004,8,21,73.0173199635369,0.260938333934367,80.39,6,38733.2954698762,3,0.00956279453232168,3978
"Significant_Damage_And_Serious_Injuries",20.0456621004566,19,17,73.9744758432088,0.334865488640461,79.75,1,33776.6521906592,0,1.23917731272885,1039
"Significant_Damage_And_Fatalities",52.3744292237443,6,6,42.9808568824066,0.645359538406058,79.64,5,5142.28607310439,4,0.0085309014094308,5746
"Highly_Fatal_And_Damaging",24.2922374429224,14,4,69.1431175934367,0.407710782545979,82.17,1,38266.75565052,2,1.40775526841574,5701
"Minor_Damage_And_Injuries",51.2328767123288,13,1,58.97903372835,0.340274792643346,79.27,2,57329.6806139297,2,0.780994745413651,6681
"Significant_Damage_And_Fatalities",53.2876712328767,16,1,56.4266180492252,0.466491886043996,78.84,7,22921.0773301534,2,0.00234606575500546,11192
"Highly_Fatal_And_Damaging",48.6301369863014,7,22,57.8395624430264,0.308540209159754,79.76,4,38817.0897087123,1,0.0701068078993242,6050
"Significant_Damage_And_Fatalities",58.7214611872146,14,7,75.2051048313583,0.249398485394879,88.93,7,23410.3422885626,4,0.00240576243206873,8293
"Highly_Fatal_And_Damaging",60.1826484018265,14,23,54.6490428441203,0.438002884962135,85.4,3,10299.8217544906,2,0.0549491320280569,3468
"Minor_Damage_And_Injuries",73.7899543378995,6,4,72.7894257064722,0.427905517490083,82.17,2,33357.8873971167,2,0.449666780816813,9256
"Minor_Damage_And_Injuries",57.0319634703196,12,5,63.7192342752963,0.306015867291742,79.68,2,30615.0043937329,1,0.414941704093137,1936
"Highly_Fatal_And_Damaging",48.675799086758,7,3,61.9416590701914,0.321883159033537,81.31,4,24523.4215423173,0,0.0442690631810244,9916
"Minor_Damage_And_Injuries",50.365296803653,10,10,54.4667274384686,0.381024882798413,77.8,4,29832.3547137758,0,0.0548654683705585,2286
"Significant_Damage_And_Serious_Injuries",50.5022831050228,10,0,70.3281677301732,0.325849981968986,79.75,6,26501.859027862,0,0.00678801516185438,6711
"Highly_Fatal_And_Damaging",29.7260273972603,13,4,84.2297174111213,0.262380815001803,78.97,4,23660.1874670774,2,0.0434099096156099,3026
"Significant_Damage_And_Fatalities",68.4931506849315,11,3,59.1157702825889,0.416005048683736,86.42,7,19398.1511532957,1,0.00192218331023255,1590
"Significant_Damage_And_Serious_Injuries",45.7534246575342,11,24,72.2880583409298,0.362633249188604,86.4,6,36313.3505407666,2,0.00841764201499157,9937
"Highly_Fatal_And_Damaging",28.9041095890411,13,7,52.7803099361896,0.280411828344753,81.25,5,26412.3256335554,2,0.0186352687732008,8211
"Highly_Fatal_And_Damaging",25.7077625570776,14,5,33.9562443026436,0.607133790119004,79.74,7,31682.6709389972,1,0.00255869218943849,12010
"Significant_Damage_And_Fatalities",73.6986301369863,10,1,69.8268003646308,0.322604399567255,81.94,7,34529.6257428931,3,0.0031758860473211,4890
"Highly_Fatal_And_Damaging",22.0091324200913,15,10,92.3883318140383,0.185208077893978,78.76,4,28994.8333817836,2,0.0531635622842917,10479
"Significant_Damage_And_Serious_Injuries",54.8401826484018,9,15,78.0765724703738,0.341356653443924,80.65,5,29922.9354047502,1,0.0194114223825463,2766
"Significant_Damage_And_Serious_Injuries",66.4383561643835,12,5,54.7857793983592,0.367321312657771,80.4,4,28287.9926044483,3,0.0523085891514352,3873
"Significant_Damage_And_Serious_Injuries",64.6118721461187,6,39,58.1130355515041,0.564219978362784,82.38,3,35730.4510938833,1,0.17903915907143,3720
"Highly_Fatal_And_Damaging",44.0182648401826,8,3,71.8778486782133,0.258413992066354,79.51,4,40360.2154058748,1,0.0736509209184376,4213
"Highly_Fatal_And_Damaging",31.3698630136986,12,5,64.5396536007293,0.419611251352326,78.59,6,52480.1219846828,1,0.0122327246872577,1129
"Minor_Damage_And_Injuries",36.027397260274,14,2,52.4156791248861,0.456033898305084,78.28,5,25032.8277022329,2,0.0165716965977314,11171
"Highly_Fatal_And_Damaging",27.2602739726027,13,1,69.5989061075661,0.323686260367832,76.94,3,39202.4925208187,1,0.195276856518634,527
"Significant_Damage_And_Serious_Injuries",51.1872146118721,10,1,61.7593436645397,0.323325640100974,82.48,6,19949.517832695,1,0.00497222435160952,1625
"Highly_Fatal_And_Damaging",43.7899543378995,8,3,85.1868732907931,0.249759105661738,82.45,2,43154.905667115,2,0.587529548070556,11669
"Highly_Fatal_And_Damaging",29.4063926940639,13,0,69.5533272561531,0.415644428416877,75.31,1,22950.5810160187,1,0.852433505816292,7618
"Significant_Damage_And_Serious_Injuries",49.0867579908676,10,10,81.7228805834093,0.474786152181753,78.31,6,38151.5060215647,2,0.00985570910807226,11752
"Minor_Damage_And_Injuries",59.3150684931507,7,0,54.9680948040109,0.25985647313379,88.71,2,29133.3615239579,1,0.395623222652356,10354
"Significant_Damage_And_Fatalities",69.8173515981735,11,3,79.7174111212398,0.235334294987378,79.68,6,8232.84365471706,2,0.00265777562407155,7543
"Minor_Damage_And_Injuries",76.986301369863,6,21,64.8131267092069,0.399055896141363,76.63,2,21098.2703267995,3,0.28708841944468,1504
"Highly_Fatal_And_Damaging",15.4337899543379,17,17,73.2907930720146,0.250480346195456,77.75,4,17117.8257190775,2,0.0311441175214931,9317
"Significant_Damage_And_Fatalities",29.634703196347,13,0,53.7830446672744,0.46865560764515,78.47,4,35828.5368182915,3,0.065586019703793,6662
"Minor_Damage_And_Injuries",41.324200913242,16,2,80.0364630811304,0.224876307248467,79.94,2,38314.8168765976,1,0.517879251431761,1413
"Significant_Damage_And_Fatalities",72.0091324200913,10,3,96.0346399270739,0.209009015506671,79.71,3,35819.066500176,1,0.180345250583197,4371
"Highly_Fatal_And_Damaging",44.7945205479452,8,6,62.5797629899727,0.284739271547061,82.14,2,32996.0938469542,1,0.447798128438708,11244
"Minor_Damage_And_Injuries",33.1963470319635,15,2,51.640838650866,0.258053371799495,81.92,1,27350.1299160024,2,0.991433466950959,2369
"Highly_Fatal_And_Damaging",39.4520547945205,10,0,69.5533272561531,0.24903786512802,76.77,4,21376.9966971613,2,0.0397882618618052,3496
"Highly_Fatal_And_Damaging",18.310502283105,16,3,57.8395624430264,0.589824017309773,78.23,2,38033.854208112,0,0.514732243183487,8331
"Significant_Damage_And_Serious_Injuries",39.4977168949772,13,6,77.7575205104832,0.301688424089434,78.28,3,40538.7808167345,4,0.200404041434698,6054
"Significant_Damage_And_Serious_Injuries",40.2283105022831,13,0,63.8559708295351,0.302770284890011,76.04,6,44592.2197927135,2,0.0106970316356193,5606
"Minor_Damage_And_Injuries",72.9680365296803,7,2,72.7438468550593,0.272838802740714,78.01,2,31484.4366438126,3,0.42760965194734,10954
"Significant_Damage_And_Fatalities",38.7671232876712,10,4,41.6134913400182,0.558089433826181,80.46,1,36638.3487690938,3,1.35127487616787,7580
"Minor_Damage_And_Injuries",31.5525114155251,19,4,79.6262534184139,0.199993508835196,80.44,3,31046.6876028269,2,0.153870216557604,8313
"Significant_Damage_And_Fatalities",44.2009132420091,19,4,65.587967183227,0.261659574468085,77.61,4,22674.8476547938,3,0.0422835255042087,3348
"Significant_Damage_And_Fatalities",41.0045662100457,9,12,46.0802187784868,0.610739992787594,81.42,4,45290.8837505859,1,0.082953147172737,8709
"Significant_Damage_And_Fatalities",56.4840182648402,15,7,71.3764813126709,0.228843130183916,81.78,7,50476.5268180962,2,0.00510546972779216,11431
"Significant_Damage_And_Serious_Injuries",62.1004566210046,6,1,63.126709206928,0.392204111071042,79.81,6,28815.0595298404,1,0.00706945023006998,10293
"Significant_Damage_And_Serious_Injuries",37.3972602739726,14,1,73.0628988149499,0.308900829426614,78.82,6,29660.9634883589,3,0.00741715412667714,6450
"Significant_Damage_And_Serious_Injuries",13.9269406392694,20,6,58.5688240656335,0.328734944103858,77.18,4,31041.7385112057,2,0.0566174512939566,9929
"Significant_Damage_And_Fatalities",51.5981735159817,17,8,81.7228805834093,0.435478543094122,81.76,7,25156.0607252909,2,0.00245160903803558,381
"Minor_Damage_And_Injuries",51.0502283105023,10,1,50.2278942570647,0.663029931482149,82.86,3,40528.3297651214,1,0.199990448988869,12384
"Highly_Fatal_And_Damaging",32.4200913242009,12,2,68.3226982680037,0.134,81.39,6,33079.1686288525,4,0.00814549614910403,5715
"Highly_Fatal_And_Damaging",12.6940639269406,18,1,71.3764813126709,0.290148575549946,78.16,7,23905.2920621382,2,0.00209293652588338,1666
"Highly_Fatal_And_Damaging",62.0091324200913,10,1,53.2360984503191,0.392564731337901,79.1,3,24527.6418291237,1,0.123159947775821,11823
"Minor_Damage_And_Injuries",56.3013698630137,11,20,63.947128532361,0.448100252434187,78.12,3,39759.020002548,1,0.197841727574669,2823
"Significant_Damage_And_Serious_Injuries",56.8949771689498,8,2,69.1431175934367,0.32116191849982,82.59,7,26062.3673281312,0,0.00253163963344349,12396
"Significant_Damage_And_Fatalities",24.1552511415525,14,1,56.4721969006381,0.523469888207717,76.43,7,22345.0322593983,4,0.00197907711742809,10478
"Significant_Damage_And_Serious_Injuries",14.1095890410959,21,15,70.5560619872379,0.222712585647313,75.07,3,27171.7746672583,2,0.133100818437916,8459
"Highly_Fatal_And_Damaging",37.4885844748858,10,0,73.7010027347311,0.291230436350523,78.7,4,23568.4726202252,1,0.0433673691025239,11654
"Minor_Damage_And_Injuries",56.3013698630137,12,9,59.9361896080219,0.42177497295348,82.01,2,37411.153141132,1,0.505802785572527,926
"Significant_Damage_And_Serious_Injuries",47.4885844748858,11,23,71.0574293527803,0.278608727010458,79.99,3,33980.6616754711,3,0.170794962939637,9341
"Minor_Damage_And_Injuries",51.2328767123288,13,13,64.8587055606199,0.24543166245943,81.01,1,39310.1055152739,2,1.43260534928215,6186
"Minor_Damage_And_Injuries",29.2694063926941,16,0,47.0829535095716,0.491014064190407,83.27,2,33717.6108535464,2,0.454618023939776,4342
"Highly_Fatal_And_Damaging",61.5068493150685,10,12,56.6545123062899,0.586939055174901,82.2,2,37581.5714856955,4,0.506953609449847,11375
"Significant_Damage_And_Serious_Injuries",36.8949771689498,14,3,62.7620783956244,0.28149368914533,81.8,3,43148.0017161796,0,0.217024047581729,952
"Minor_Damage_And_Injuries",46.1187214611872,15,13,69.9179580674567,0.403022719076812,77.59,2,37626.225581993,2,0.506946640432922,22
"Significant_Damage_And_Serious_Injuries",46.2100456621004,11,1,69.2798541476755,0.306376487558601,81.2,6,36790.5008094017,3,0.00897850103346247,3985
"Significant_Damage_And_Fatalities",28.2191780821918,13,0,56.9279854147676,0.322243779300397,79.27,7,38818.4708957809,2,0.0034477026932488,10026
"Significant_Damage_And_Serious_Injuries",51.689497716895,10,3,67.7757520510483,0.507602596465921,86.51,2,25377.6139205903,2,0.339951974566805,4911
"Highly_Fatal_And_Damaging",18.9497716894977,16,3,75.4785779398359,0.22379444644789,80.78,3,30206.1645673772,1,0.15193198627823,1916
"Highly_Fatal_And_Damaging",34.4748858447488,11,7,74.7493163172288,0.300606563288856,79.73,5,36131.6524441203,2,0.0239138624241046,4435
"Significant_Damage_And_Fatalities",33.2420091324201,12,1,49.6353691886965,0.366960692390912,81.08,4,36789.6854758482,3,0.0674837302135489,3417
"Significant_Damage_And_Serious_Injuries",37.7625570776256,14,0,91.3855970829535,0.15924341868013,83.7,6,51312.928443233,4,0.0129833111717393,5748
"Highly_Fatal_And_Damaging",62.5570776255708,10,18,54.2388331814038,0.377418680129823,79.22,2,44097.2431589665,0,0.596791289287252,77
"Significant_Damage_And_Serious_Injuries",48.310502283105,10,4,57.5205104831358,0.432954201226109,83.53,6,29541.1841118771,2,0.00747291862275318,4084
"Significant_Damage_And_Serious_Injuries",43.7899543378995,12,0,79.8997265268915,0.240022358456545,84.52,5,25377.6648055458,2,0.0169084447733504,9812
"Minor_Damage_And_Injuries",60.1369863013699,10,7,68.3682771194166,0.241104219257122,77.83,2,25777.0071444142,2,0.349246882159703,12212
"Significant_Damage_And_Fatalities",31.7351598173516,12,15,54.922515952598,0.487407861521817,77.37,1,24135.4433661131,3,0.901972619496758,12048
"Significant_Damage_And_Fatalities",46.6666666666667,18,11,75.38742023701,0.388597908402452,81.76,7,31108.8785742791,2,0.00271660416896328,10932
"Highly_Fatal_And_Damaging",52.1004566210046,9,8,67.18322698268,0.464328164442842,79,1,17945.3617192645,1,0.655500113007298,2687
"Significant_Damage_And_Fatalities",93.4703196347032,6,11,72.971741112124,0.391122250270465,84.03,2,20120.8189568361,1,0.272486024729301,4544
"Highly_Fatal_And_Damaging",25.8904109589041,14,3,59.5715587967183,0.509766318067075,82.75,1,37533.1751075407,2,1.37530557650739,1679
"Minor_Damage_And_Injuries",48.5844748858447,14,29,71.5587967183227,0.355420843851424,76.86,5,3470.00217523393,3,0.00565999846684,5527
"Highly_Fatal_And_Damaging",14.2465753424657,17,0,70.464904284412,0.290148575549946,76.55,4,27801.6840675044,1,0.0506356835000303,1557
"Significant_Damage_And_Fatalities",36.2557077625571,11,4,52.9626253418414,0.467573746844573,81.46,4,38286.9508972876,2,0.0705965089914202,7757
"Minor_Damage_And_Injuries",51.1872146118721,10,1,37.8304466727438,0.54041904075009,76.92,5,31051.2779663587,2,0.0208654093668965,4004
"Significant_Damage_And_Fatalities",62.0547945205479,13,17,85.5970829535096,0.351093400649116,81.27,2,31661.6288095643,3,0.430069222346108,9036
"Minor_Damage_And_Injuries",36.027397260274,14,2,35.9161349134002,0.455673278038226,75.12,4,24707.1969908956,1,0.0462099576306868,2408
"Significant_Damage_And_Serious_Injuries",16.4840182648402,20,3,69.8268003646308,0.316834475297511,78.78,3,30696.568878763,3,0.152942206224691,885
"Highly_Fatal_And_Damaging",21.1872146118721,15,0,61.3491340018232,0.522748647673999,77.25,6,20993.9622286411,3,0.00520288981336876,5409
"Minor_Damage_And_Injuries",46.5753424657534,15,0,62.0783956244303,0.26346267580238,78.93,5,22674.8476547938,1,0.014990810229226,11573
"Significant_Damage_And_Serious_Injuries",33.8356164383562,15,1,79.8541476754786,0.215500180310133,75.68,3,16837.0598386233,1,0.0840330252227932,7183
"Significant_Damage_And_Serious_Injuries",56.62100456621,8,5,85.6882406563355,0.158882798413271,80.16,6,35024.8216656218,2,0.00861070374879613,8972
"Significant_Damage_And_Serious_Injuries",47.5342465753425,17,22,55.6517775752051,0.568186801298233,76.13,7,28245.641261576,2,0.00275349500295359,9207
"Minor_Damage_And_Injuries",52.1917808219178,13,11,78.9425706472197,0.390761630003606,84.2,6,37477.5074617678,3,0.00969449788957227,770
"Highly_Fatal_And_Damaging",33.1963470319635,11,11,83.59161349134,0.289066714749369,82.53,3,41770.8047803057,2,0.208458585806466,5923
"Highly_Fatal_And_Damaging",27.1689497716895,13,1,64.0382862351869,0.339192931842769,77.56,4,24317.5614601505,1,0.0449289157473636,4242
"Minor_Damage_And_Injuries",34.0182648401826,18,1,71.5587967183227,0.424299314821493,78.75,4,37047.5511597612,2,0.0679180602164867,1265
"Highly_Fatal_And_Damaging",35.7534246575342,11,6,64.6763901549681,0.298082221420844,79.9,4,41238.4330086914,3,0.0753117470472317,9316
"Minor_Damage_And_Injuries",60.1369863013699,10,1,62.6253418413856,0.317195095564371,83.73,5,48197.220754101,0,0.0331848565099239,6527
"Significant_Damage_And_Serious_Injuries",55.8447488584475,8,10,66.3172288058341,0.416726289217454,78.31,3,31035.6551968925,2,0.153635639691209,4448
"Significant_Damage_And_Fatalities",62.3287671232877,13,5,75.0683682771194,0.237858636855391,78.56,7,13696.9970624703,4,0.00140758473987318,10289
"Significant_Damage_And_Fatalities",39.6803652968037,10,0,54.3755697356427,0.261659574468085,78.35,4,15261.9932578438,3,0.0279903711072892,4086
"Significant_Damage_And_Serious_Injuries",19.5433789954338,19,4,64.5396536007293,0.286542372881356,79.37,3,23081.8398280032,2,0.114395822423754,11296
"Highly_Fatal_And_Damaging",13.7899543378995,17,1,57.8851412944394,0.404465200144248,77.62,1,33766.6231497173,2,1.24142731174916,5371
"Minor_Damage_And_Injuries",40.6849315068493,16,0,68.5050136736554,0.255168409664623,83.6,7,42983.7928902949,3,0.00398650032291419,1534
"Minor_Damage_And_Injuries",68.1278538812785,8,8,45.4421148587056,0.575759826902272,78.87,1,52118.2696447033,2,1.81855821625422,3248
"Significant_Damage_And_Serious_Injuries",26.1187214611872,17,6,70.5560619872379,0.295197259285972,80.95,7,36866.602231857,2,0.00348072307499041,4348
"Significant_Damage_And_Fatalities",34.2922374429224,12,7,54.876937101185,0.633459069599711,80.52,1,35654.721933341,3,1.30792861200427,5067
"Significant_Damage_And_Serious_Injuries",24.6575342465753,18,4,60.4831358249772,0.381746123332131,79.45,3,22547.1952415476,2,0.111897062828597,2098
"Significant_Damage_And_Serious_Injuries",47.1232876712329,11,7,66.40838650866,0.287263613415074,77.23,7,34655.4612574307,2,0.00305669674149674,7940