"Severity","Safety_Score","Days_Since_Inspection","Total_Safety_Complaints","Control_Metric","Turbulence_In_gforces","Cabin_Temperature","Accident_Type_Code","Max_Elevation","Violations","Adverse_Weather_Metric","Accident_ID"
"Significant_Damage_And_Fatalities",67.5342465753425,11,0,73.3363719234275,0.333423007573026,79.2,7,24792.9284845235,3,0.00229126092821169,2083
"Minor_Damage_And_Injuries",62.4657534246575,10,20,58.7511394712853,0.672406058420483,75.83,3,47156.9384261401,4,0.233684409670316,6566
"Minor_Damage_And_Injuries",50.1369863013699,13,6,73.4275296262534,0.25264406779661,80.98,2,27855.9015760181,3,0.374914819213207,9189
"Minor_Damage_And_Injuries",64.337899543379,9,0,65.4968094804011,0.578644789037144,78.78,4,25490.6441643368,2,0.0468858459906645,1374
"Highly_Fatal_And_Damaging",25.9817351598173,14,7,59.6171376481313,0.503996393797331,81.64,4,45760.7560852147,2,0.0827860671099331,10225
"Significant_Damage_And_Fatalities",56.7123287671233,15,3,64.5852324521422,0.284018031013343,79.72,7,30615.0043937329,3,0.00267087052186686,56
"Highly_Fatal_And_Damaging",29.5433789954338,13,0,81.5861440291705,0.433675441759827,75.31,1,45416.5825159865,2,1.66486418964678,9512
"Significant_Damage_And_Serious_Injuries",30.9132420091324,16,0,70.510483135825,0.295197259285972,76.68,2,30451.5660126614,0,0.409374818142981,2662
"Highly_Fatal_And_Damaging",20.2739726027397,15,2,66.9097538742024,0.413120086548864,80.85,2,45020.5543496115,3,0.610441182645266,1873
"Highly_Fatal_And_Damaging",24.7945205479452,14,7,75.8887876025524,0.451345834835918,85.04,4,31236.0295960564,2,0.058088147653132,8476
"Highly_Fatal_And_Damaging",44.7945205479452,8,4,57.6116681859617,0.256610890732059,86.98,4,44502.4966181395,2,0.0811200932683146,480
"Minor_Damage_And_Injuries",74.6575342465753,5,6,53.7374658158614,0.311064551027768,77.98,2,36219.5213082148,2,0.492287322989391,4018
"Highly_Fatal_And_Damaging",22.0547945205479,15,19,62.1239744758432,0.330898665705012,78.59,7,28164.6002001739,3,0.00262759331216413,6281
"Significant_Damage_And_Fatalities",22.6027397260274,15,5,51.3673655423883,0.526354850342589,77.67,4,27296.4950902876,2,0.0502229972557038,9843
"Minor_Damage_And_Injuries",57.6712328767123,11,4,64.1294439380128,0.409874504147133,82.69,2,23317.6699020617,2,0.316784859744895,8005
"Significant_Damage_And_Serious_Injuries",44.5662100456621,12,1,63.8559708295351,0.284739271547061,84.48,6,27372.9129741752,0,0.00683385055298559,1169
"Significant_Damage_And_Fatalities",51.5981735159817,17,4,74.0200546946217,0.25264406779661,79.51,7,45934.1334754439,4,0.0039231913300046,7920
"Significant_Damage_And_Serious_Injuries",46.7579908675799,11,1,66.362807657247,0.252283447529751,76.98,3,33599.0902717774,1,0.16875836276271,11054
"Significant_Damage_And_Fatalities",20.5479452054795,15,1,56.4266180492252,0.466131265777136,79.86,1,32621.5261592713,3,1.20364148403587,4624
"Highly_Fatal_And_Damaging",20.5022831050228,15,5,80.6289881494986,0.381746123332131,89.19,4,32626.6055861269,1,0.0600603540074943,3474
"Significant_Damage_And_Serious_Injuries",55.3424657534247,9,15,78.0765724703738,0.333062387306166,76.87,3,35851.210781326,1,0.178257538798474,8847
"Minor_Damage_And_Injuries",37.4429223744292,14,4,54.4667274384686,0.410235124413992,80.2,3,22418.7974598276,3,0.112255875099451,2205
"Highly_Fatal_And_Damaging",35.296803652968,11,4,60.665451230629,0.272117562206996,81.1,4,20390.8024862066,2,0.0379490753135521,7055
"Minor_Damage_And_Injuries",61.324200913242,10,9,68.3682771194166,0.398695275874504,81.12,5,15509.4345048147,2,0.0102392831013005,6822
"Minor_Damage_And_Injuries",37.4885844748858,17,0,96.8094804010939,0.211172737107825,76.8,1,37268.6477821181,2,1.37237416777423,3166
"Highly_Fatal_And_Damaging",50.3196347031963,13,5,55.6061987237922,0.434396682293545,78.75,1,25291.404885318,3,0.925208520778178,6500
"Highly_Fatal_And_Damaging",32.1004566210046,12,14,88.4685505925251,0.245071042192571,80.21,1,25712.689152338,2,0.948341399376559,6313
"Highly_Fatal_And_Damaging",32.9223744292237,12,7,75.2506836827712,0.316473855030653,79.86,6,35683.7717435303,1,0.00869999330387092,1469
"Significant_Damage_And_Serious_Injuries",49.5890410958904,10,3,73.0628988149499,0.242186080057699,79.99,3,12479.625278258,4,0.0578625828464421,803
"Significant_Damage_And_Serious_Injuries",47.4885844748858,11,23,72.2880583409298,0.205042192571222,78.2,3,26471.4004943625,3,0.132090952785728,4891
"Highly_Fatal_And_Damaging",49.6803652968036,7,0,81.5861440291705,0.434036062026686,77.85,4,30497.8886605549,4,0.056073195938879,57
"Minor_Damage_And_Injuries",46.1643835616438,11,1,52.5979945305378,0.392564731337901,79.72,2,37871.0557631729,0,0.510633766071412,9384
"Highly_Fatal_And_Damaging",30.3196347031963,13,0,82.9079307201459,0.283296790479625,77.09,3,33924.8014530873,1,0.168173042884736,8440
"Significant_Damage_And_Serious_Injuries",37.351598173516,14,1,68.049225159526,0.253004688063469,78.21,3,28202.759653544,1,0.141000605097377,5373
"Significant_Damage_And_Serious_Injuries",24.1552511415525,18,3,72.0601640838651,0.319358817165525,77.36,2,46240.755011011,0,0.620903116405641,3917
"Highly_Fatal_And_Damaging",23.9269406392694,14,0,89.9726526891523,0.282936170212766,75.2,4,35048.0265895625,4,0.0640170538543537,5123
"Highly_Fatal_And_Damaging",21.2785388127854,15,15,81.2670920692799,0.201075369635773,75.97,1,12221.2510024507,1,0.3894869352415,2250
"Significant_Damage_And_Serious_Injuries",46.986301369863,11,3,73.9744758432088,0.335586729174179,78.03,6,35902.3547465078,1,0.0091876148524485,309
"Significant_Damage_And_Serious_Injuries",42.3744292237443,12,19,35.2780309936189,0.754627479264334,77.64,6,24798.3540796078,1,0.00605108745987546,9752
"Minor_Damage_And_Injuries",63.3333333333333,10,13,64.8587055606199,0.339553552109629,80.42,2,22472.1674595243,3,0.302231914191802,1528
"Highly_Fatal_And_Damaging",23.9269406392694,14,6,87.3746581586144,0.199632888568337,80.09,1,25712.689152338,3,0.938862345359132,133
"Highly_Fatal_And_Damaging",18.310502283105,16,1,80.6745670009116,0.269953840605842,82.97,4,17933.0502822011,3,0.0311427687291141,9112
"Minor_Damage_And_Injuries",55.5707762557078,12,10,65.5423883318141,0.278969347277317,77.99,5,27917.3025835836,1,0.0193428547975353,10264
"Significant_Damage_And_Fatalities",93.7899543378995,4,2,63.9015496809481,0.24543166245943,79.72,7,47715.8314627323,4,0.0043585994435759,11475
"Highly_Fatal_And_Damaging",34.0182648401826,11,14,57.6572470373747,0.395089073205914,86.13,5,18842.7886746802,1,0.0128700652295364,7736
"Significant_Damage_And_Serious_Injuries",62.1917808219178,7,0,47.9489516864175,0.735153984853949,79.74,5,42768.509481535,2,0.0286321409870276,727
"Minor_Damage_And_Injuries",41.324200913242,16,4,58.8422971741112,0.219467003245582,77.29,1,28509.7596822488,1,1.03274750346758,1120
"Significant_Damage_And_Fatalities",76.1187214611872,9,12,66.9553327256153,0.306376487558601,78.5,7,23787.7963047131,2,0.00237053279223547,5658
"Minor_Damage_And_Injuries",30.7762557077626,19,3,59.8906107566089,0.439084745762712,78.25,3,24242.431985579,2,0.119911593140671,5720
"Significant_Damage_And_Serious_Injuries",45.7990867579909,11,2,82.9079307201459,0.362993869455463,77.73,6,28520.1977697407,3,0.00707764783638461,1945
"Significant_Damage_And_Serious_Injuries",27.4885844748858,16,0,67.4111212397448,0.414923187883159,84.72,3,22592.5502620738,1,0.111897062828597,6148
"Highly_Fatal_And_Damaging",40.5479452054794,9,24,60.9845031905196,0.416726289217454,78.64,7,47132.9571072998,2,0.00387806385854065,2041
"Significant_Damage_And_Serious_Injuries",30.9132420091324,16,0,84.8678213309025,0.312146411828345,81.7,3,36366.1530073838,1,0.180699125679212,8641
"Highly_Fatal_And_Damaging",28.9041095890411,13,0,61.8505013673656,0.312146411828345,77.53,4,30580.7516297544,2,0.0556051582561625,1853
"Highly_Fatal_And_Damaging",40.7305936073059,9,1,85.9617137648131,0.281854309412189,81.53,1,36065.2085271643,1,1.32780561980098,6591
"Significant_Damage_And_Serious_Injuries",36.8493150684931,14,11,59.7082953509572,0.308540209159754,79.99,3,43459.9317547451,4,0.217592818863117,9865
"Significant_Damage_And_Serious_Injuries",53.4703196347032,9,2,80.4466727438469,0.523469888207717,77.85,3,30187.3009874332,3,0.150293721810262,5858
"Highly_Fatal_And_Damaging",12.9680365296804,18,2,75.432999088423,0.270314460872701,77.58,4,41371.6365588084,2,0.0763609776836303,10602
"Minor_Damage_And_Injuries",71.689497716895,7,0,46.9917958067457,0.355781464118283,82.08,2,15496.0861565499,2,0.210809444881712,8505
"Highly_Fatal_And_Damaging",15.4337899543379,17,3,67.5022789425707,0.505078254597908,85.07,1,27361.8000012909,2,1.00658436939197,8300
"Significant_Damage_And_Serious_Injuries",18.9497716894977,19,5,59.1613491340018,0.456033898305084,76.87,3,22708.3165036149,2,0.113058050628457,5089
"Significant_Damage_And_Serious_Injuries",32.5570776255708,15,22,76.0711030082042,0.380303642264695,78.27,6,41263.0253571304,3,0.00997298902026605,5855
"Minor_Damage_And_Injuries",29.4977168949772,20,10,57.6116681859617,0.366600072124053,78.73,4,38630.4756847112,1,0.0708873270749383,3458
"Significant_Damage_And_Fatalities",40.5479452054794,20,1,40.975387420237,0.663751172015867,81.06,1,28633.146501218,1,1.0603906859471,10432
"Significant_Damage_And_Fatalities",25.296803652968,14,0,48.5870556061987,0.590545257843491,82.72,4,37386.7912712908,3,0.0686361610266386,11845
"Highly_Fatal_And_Damaging",40.7762557077626,16,8,55.6973564266181,0.317555715831229,79.73,2,48722.4847633761,3,0.664582259241775,2362
"Significant_Damage_And_Fatalities",59.4520547945205,14,16,85.5970829535096,0.351093400649116,80.07,1,35415.675300555,3,1.30122311447791,9132
"Minor_Damage_And_Injuries",38.4018264840183,14,14,56.9735642661805,0.538976559682654,85.61,2,49106.3559589155,2,0.653900333012144,2216
"Significant_Damage_And_Serious_Injuries",31.8264840182648,15,0,69.1431175934367,0.335947349441038,86.96,6,40561.6926747208,2,0.00945681285940533,11507
"Highly_Fatal_And_Damaging",28.2191780821918,13,14,82.8623518687329,0.211893977641543,80.27,1,23197.1080931768,0,0.849133433713455,6395
"Significant_Damage_And_Serious_Injuries",53.7442922374429,9,3,63.4457611668186,0.353617742517129,78.9,3,34501.86147776,4,0.171426427391359,9435
"Highly_Fatal_And_Damaging",35.9817351598173,11,4,60.665451230629,0.272117562206996,79.72,5,39103.4153008276,1,0.0266123032873258,403
"Minor_Damage_And_Injuries",70.3196347031963,4,5,55.6061987237922,0.300967183555716,79.04,3,22841.7634088089,3,0.113058050628457,10991
"Minor_Damage_And_Injuries",57.6712328767123,11,0,76.8915223336372,0.426823656689506,77.81,1,41139.7992021811,3,1.52687530274715,5535
"Significant_Damage_And_Serious_Injuries",39.1324200913242,13,0,66.9097538742024,0.294476018752254,84.74,3,11938.9093113064,4,0.0578625828464421,11034
"Significant_Damage_And_Serious_Injuries",35.296803652968,14,5,65.8614402917047,0.362272628921745,78.63,4,22429.3371752232,2,0.040335527894257,5711
"Significant_Damage_And_Fatalities",28.9497716894977,20,7,68.5505925250684,0.443772809231878,79.88,6,25239.6627058985,3,0.00638052631766798,7898
"Significant_Damage_And_Serious_Injuries",36.0730593607306,14,4,61.6226071103008,0.462525063108547,78.04,5,42708.8544741583,3,0.0287891983148949,10474
"Significant_Damage_And_Serious_Injuries",56.7579908675799,8,4,69.1431175934367,0.32116191849982,83.74,6,28510.1224862741,2,0.00707802165652397,880
"Significant_Damage_And_Fatalities",40.6392694063927,9,3,54.0565177757521,0.487407861521817,78.08,1,20142.4706831629,2,0.744647606073311,4689
"Highly_Fatal_And_Damaging",54.0182648401826,12,3,56.7912488605287,0.469376848178867,83.31,2,20482.4787022466,1,0.277200205655643,5120
"Highly_Fatal_And_Damaging",32.7397260273973,12,9,73.1996353691887,0.325489361702128,82.53,4,34386.2469928113,2,0.0634078516306716,11203
"Significant_Damage_And_Serious_Injuries",66.5753424657534,9,37,45.3965360072927,0.725777857915614,80.24,1,48367.5893217614,2,1.78728887212675,3541
"Highly_Fatal_And_Damaging",36.4383561643836,10,0,63.7648131267092,0.379221781464118,75.95,4,19689.9918669284,4,0.035517130695692,5879
"Significant_Damage_And_Serious_Injuries",42.3287671232877,12,10,73.4275296262534,0.319358817165525,77.49,3,29977.7218016701,1,0.149220529070526,5967
"Minor_Damage_And_Injuries",51.7351598173516,10,1,40.1093892433911,0.509766318067075,79.35,2,49762.7970613739,3,0.675069585310998,1763
"Highly_Fatal_And_Damaging",17.4885844748858,16,1,62.8988149498633,0.477671114316625,78.72,4,40580.037740715,3,0.0736990760111261,10924
"Significant_Damage_And_Serious_Injuries",36.1187214611872,14,3,62.7164995442115,0.443772809231878,80.62,3,25272.1248912302,2,0.125121485674668,5766
"Significant_Damage_And_Fatalities",48.6301369863014,17,3,71.8778486782133,0.395810313739632,77.41,4,34315.1924134604,4,0.0627929235604574,9251
"Highly_Fatal_And_Damaging",8.0365296803653,19,36,85.5059252506837,0.219827623512441,76.96,1,31250.1583662827,2,1.14117623817193,3375
"Minor_Damage_And_Injuries",37.3972602739726,17,15,60.0273473108478,0.391482870537324,79.17,1,25631.3457142277,1,0.938862345359132,9958
"Highly_Fatal_And_Damaging",23.8356164383562,14,0,72.7438468550593,0.219106382978723,77.91,5,32944.3336789672,3,0.0215533582053583,5820
"Highly_Fatal_And_Damaging",39.2694063926941,10,5,72.0145852324522,0.239661738189686,79.86,5,35594.722894088,1,0.0245406632757047,8896
"Minor_Damage_And_Injuries",64.2922374429224,9,1,78.5779398359162,0.40374395961053,78.7,4,17700.9200928918,1,0.032193074705009,3151
"Significant_Damage_And_Serious_Injuries",75.4337899543379,10,1,49.2251595259799,0.524191128741435,88.39,7,44888.7631382465,1,0.00391311571229848,2577
"Significant_Damage_And_Serious_Injuries",38.4931506849315,13,14,70.1914311759344,0.439805986296429,79.51,6,33528.5133497288,1,0.00910387785121973,3555
"Highly_Fatal_And_Damaging",48.675799086758,7,8,86.0072926162261,0.270314460872701,81.28,1,26663.9608352054,2,0.984261737000859,8051
"Minor_Damage_And_Injuries",56.4840182648402,12,20,63.947128532361,0.245792282726289,76.5,2,33495.7760928761,2,0.453246293181655,7237
"Minor_Damage_And_Injuries",31.689497716895,19,17,70.6016408386509,0.388958528669311,77.83,6,34956.4722310962,3,0.00869999330387092,11817
"Highly_Fatal_And_Damaging",29.2237442922374,13,1,64.9498632634458,0.438002884962135,79.51,2,23407.410999469,2,0.316958074115973,1881
"Minor_Damage_And_Injuries",49.3150684931507,14,2,81.9051959890611,0.158882798413271,81.83,1,17287.2556177208,2,0.664870453860243,4604
"Highly_Fatal_And_Damaging",47.351598173516,14,1,48.0856882406563,0.447739632167328,80.43,3,38720.4523704446,0,0.191866234671853,107
"Significant_Damage_And_Fatalities",69.5433789954338,11,9,78.669097538742,0.208287774972954,79.77,7,19550.4236118066,3,0.00202569521884603,5221
"Minor_Damage_And_Injuries",33.0593607305936,15,3,52.5979945305378,0.401219617742517,79.22,4,28716.2754578791,2,0.0537586126419105,1211
"Highly_Fatal_And_Damaging",29.2237442922374,13,1,77.7119416590702,0.362272628921745,86.43,5,29078.8571072623,1,0.0195516826413514,2530
"Minor_Damage_And_Injuries",64.2922374429224,9,0,65.4968094804011,0.578644789037144,89.82,1,18897.2774645504,1,0.703984357896898,6603
"Highly_Fatal_And_Damaging",50.1369863013699,14,2,51.9143117593437,0.494620266858997,79.46,2,16200.3364300591,2,0.213127819478228,4409
"Minor_Damage_And_Injuries",69.7716894977169,8,2,71.0574293527803,0.330538045438154,76.14,2,29821.7823571095,3,0.403561045518032,5671
"Minor_Damage_And_Injuries",38.3561643835616,17,3,59.2980856882407,0.524551749008294,82.69,5,19433.6327994899,2,0.0125144123549024,1092
"Significant_Damage_And_Fatalities",42.0547945205479,20,15,72.8805834092981,0.240022358456545,81.62,4,35684.8827698476,0,0.0654085850714836,11720
"Significant_Damage_And_Serious_Injuries",45.7990867579909,11,4,81.9051959890611,0.317195095564371,81.75,3,46567.4965536468,1,0.23187073722273,11332
"Highly_Fatal_And_Damaging",24.8858447488584,14,19,74.3391066545123,0.373451857194374,78.54,4,32099.6049465887,2,0.0585884246430177,9276
"Highly_Fatal_And_Damaging",28.0821917808219,13,5,59.1157702825889,0.426823656689506,85.11,5,30677.1054511937,2,0.0199273006311425,12119
"Highly_Fatal_And_Damaging",28.9954337899543,13,22,87.5569735642662,0.302409664623152,80.8,4,42829.4991682479,2,0.0790283218204027,3396
"Significant_Damage_And_Fatalities",45.5707762557078,8,17,48.5414767547858,0.514093761269383,79.45,1,39029.7335633133,3,1.45138366021503,4347
"Minor_Damage_And_Injuries",42.1004566210046,16,5,70.0091157702826,0.493899026325279,76.3,2,28473.7861502813,2,0.383236113744959,5134
"Significant_Damage_And_Serious_Injuries",45.1598173515982,11,4,68.7329079307201,0.276084385142445,82.73,3,36790.5008094017,2,0.183423033462332,7465
"Minor_Damage_And_Injuries",38.8127853881278,17,20,66.1349134001823,0.449542733501623,80.04,1,25958.1374625071,1,0.959037977829188,2433
"Significant_Damage_And_Fatalities",24.7945205479452,14,3,38.9699179580674,0.654375045077533,77.91,7,32734.2222720854,2,0.00300620419812047,8516
"Significant_Damage_And_Serious_Injuries",51.0502283105023,10,6,69.8268003646308,0.350372160115398,85.64,6,25227.6087401299,2,0.00630093883464786,3091
"Highly_Fatal_And_Damaging",33.1963470319635,11,3,58.7967183226983,0.609658131987018,81.13,1,33313.7192567944,0,1.22297120835898,1586
"Minor_Damage_And_Injuries",40.1369863013699,13,12,55.0592525068368,0.448100252434187,85.26,3,50314.7204576381,4,0.247733688843325,1749
"Highly_Fatal_And_Damaging",43.7899543378995,9,24,66.1349134001823,0.530682293544897,79.65,6,31702.3296639883,2,0.00806007658873008,10391
"Significant_Damage_And_Fatalities",38.9041095890411,10,0,54.3299908842297,0.204681572304363,79.31,1,15261.9932578438,4,0.563737503783226,10735
"Significant_Damage_And_Serious_Injuries",41.1415525114155,13,3,69.1431175934367,0.253725928597187,86.18,6,36790.5008094017,3,0.00869067328026623,10410
"Highly_Fatal_And_Damaging",31.2785388127854,12,2,82.9079307201459,0.264183916336098,84.55,4,20578.6728343934,1,0.036900366110634,12312
"Significant_Damage_And_Serious_Injuries",18.9041095890411,19,9,70.9206927985415,0.424299314821493,78.42,1,22087.4860136636,5,0.819092324798317,11589
"Highly_Fatal_And_Damaging",24.3835616438356,14,0,59.2980856882407,0.392564731337901,81.32,2,43290.0146033709,2,0.588559894511099,12301
"Significant_Damage_And_Fatalities",36.0730593607306,11,3,45.8067456700091,0.456033898305084,79.12,4,43562.3600966702,3,0.0801631199888322,9706
"Minor_Damage_And_Injuries",63.3333333333333,6,1,52.6435733819508,0.307818968626037,76.65,7,36219.5213082148,3,0.00332459217846874,164
"Highly_Fatal_And_Damaging",40.6392694063927,9,10,75.7064721969006,0.24543166245943,84.48,4,40666.4707114104,3,0.0739977852573517,2641
"Minor_Damage_And_Injuries",46.027397260274,15,8,68.8240656335461,0.278248106743599,84.36,2,19364.5453914156,1,0.264253743919955,4089
"Highly_Fatal_And_Damaging",33.4703196347032,11,1,65.1321786690975,0.514093761269383,80.36,4,31168.9323784204,2,0.0576727377660007,3921
"Minor_Damage_And_Injuries",38.2648401826484,17,0,68.003646308113,0.339914172376487,80.96,1,33745.4930288049,3,1.24220464545647,10202
"Minor_Damage_And_Injuries",39.7260273972603,17,8,69.4165907019143,0.306376487558601,76.92,2,49422.6277653414,3,0.673466223494712,1781
"Minor_Damage_And_Injuries",75.9817351598173,6,12,65.9070191431176,0.335586729174179,81.26,4,34804.4674968751,2,0.0639321880002275,1648
"Highly_Fatal_And_Damaging",12.1004566210046,18,13,74.61257976299,0.290509195816805,77.58,4,25262.9323082404,1,0.0454597222702216,3608
"Significant_Damage_And_Serious_Injuries",68.675799086758,11,16,56.1987237921604,0.466131265777136,80.53,7,47797.8467413316,1,0.00445126854005271,7018
"Highly_Fatal_And_Damaging",19.1780821917808,21,3,50.6836827711942,0.527076090876307,76.64,3,21741.0794070774,3,0.108435417579846,2650
"Highly_Fatal_And_Damaging",31.2328767123288,12,0,73.3363719234275,0.342799134511359,84.48,5,43276.564582851,1,0.0292830716747344,8358
"Significant_Damage_And_Fatalities",39.6803652968037,10,12,54.9680948040109,0.46865560764515,78.67,1,24314.5667574427,1,0.901972619496758,1035
"Highly_Fatal_And_Damaging",13.6986301369863,18,17,70.3281677301732,0.333423007573026,78.93,4,26501.394552042,2,0.0484619583526901,5167
"Highly_Fatal_And_Damaging",44.2009132420091,8,6,85.7793983591614,0.174750090155067,79.87,3,41205.6890305526,4,0.205151045690906,1902
"Highly_Fatal_And_Damaging",15.0684931506849,17,0,61.2579762989973,0.395089073205914,79.45,4,32880.4096681099,2,0.059734503402076,3776
"Highly_Fatal_And_Damaging",17.3972602739726,16,2,68.6417502278943,0.246874143526866,84.93,1,18000.5056289736,1,0.651623743243857,9248
"Significant_Damage_And_Fatalities",65.4337899543379,12,9,62.306289881495,0.289066714749369,78.52,7,31436.6445716366,3,0.00256162599965324,6656
"Significant_Damage_And_Serious_Injuries",39.4520547945205,13,13,58.8422971741112,0.472622430580599,85.11,3,29640.2094341724,3,0.147491835955148,3165
"Significant_Damage_And_Serious_Injuries",42.2374429223744,12,4,66.9553327256153,0.419971871619185,81.27,7,35247.2887973971,1,0.00330924065880104,5104
"Significant_Damage_And_Serious_Injuries",45.4794520547945,11,2,59.4804010938925,0.340274792643346,80.66,6,35902.3547465078,3,0.00857914982031401,4114
"Minor_Damage_And_Injuries",33.0593607305936,15,2,47.9033728350046,0.429708618824378,81.14,2,41045.6940016465,2,0.556857560648621,294
"Minor_Damage_And_Injuries",56.4840182648402,12,4,59.9817684594348,0.37489433826181,77.74,3,42110.1776481671,3,0.209524889907619,11806
"Highly_Fatal_And_Damaging",29.1780821917808,12,2,82.3154056517776,0.177995672556798,82.38,6,26360.6831350803,1,0.00644871247685485,1574
"Significant_Damage_And_Serious_Injuries",51.6438356164384,9,1,88.9243391066545,0.276805625676163,78.84,6,36295.1033532213,4,0.00901683250305683,3128
"Significant_Damage_And_Fatalities",57.6712328767123,4,12,42.9808568824066,0.735153984853949,84.9,3,27604.7186624325,3,0.137841679162109,8829
"Highly_Fatal_And_Damaging",27.6712328767123,13,2,69.4165907019143,0.314310133429499,77.86,4,49422.6277653414,3,0.0897757319620174,10227
"Minor_Damage_And_Injuries",56.9406392694064,11,5,73.9288969917958,0.232809953119365,78.16,2,33256.4668152374,2,0.452214632161678,5303
"Highly_Fatal_And_Damaging",39.1324200913242,10,8,57.4749316317229,0.333423007573026,77.13,3,40698.9993170453,2,0.20178360182813,9633
"Minor_Damage_And_Injuries",55.3424657534247,12,4,61.6681859617138,0.633098449332852,77.16,2,29071.495945068,3,0.395809075803932,1136
"Highly_Fatal_And_Damaging",23.7899543378995,14,0,66.4995442114859,0.360108907320591,85.22,6,831.69555342133,1,0.00120635874796911,9169
"Highly_Fatal_And_Damaging",9.68036529680365,19,9,49.5897903372835,0.302049044356293,81.91,2,30448.4700050566,1,0.411684928045418,9134
"Highly_Fatal_And_Damaging",29.0867579908676,13,0,66.2260711030082,0.455673278038226,82.81,4,25836.4874397067,2,0.0475274351310079,6177
"Significant_Damage_And_Fatalities",53.4703196347032,16,0,76.4813126709207,0.296279120086549,82.66,7,22214.4454585654,4,0.00159551730388445,2372
"Significant_Damage_And_Serious_Injuries",41.1872146118721,13,4,60.1185050136736,0.548352686620988,76.79,4,13468.0085006978,2,0.0250399969857958,4584
"Highly_Fatal_And_Damaging",47.8995433789954,7,14,78.0765724703738,0.329456184637577,80.2,5,18887.3161579666,3,0.0133018956111364,8741
"Significant_Damage_And_Serious_Injuries",52.9680365296804,9,16,68.3682771194166,0.398334655607645,75.98,3,26782.0242843159,1,0.133099569852491,2733
"Highly_Fatal_And_Damaging",55.662100456621,12,10,56.0619872379216,0.281133068878471,79.28,6,37014.2169525702,2,0.00842757143418226,11159
"Highly_Fatal_And_Damaging",14.1095890410959,17,9,66.7274384685506,0.254447169130905,75.55,4,21193.4253281044,2,0.0382112476922794,10659
"Significant_Damage_And_Serious_Injuries",34.4292237442922,15,23,70.8751139471286,0.224876307248467,79.2,6,19271.92218715,2,0.00431639490470017,3800
"Highly_Fatal_And_Damaging",41.6438356164383,16,8,53.2360984503191,0.724335376848178,79.61,1,36597.9702560012,2,1.36336943621395,10544
"Significant_Damage_And_Serious_Injuries",24.703196347032,17,12,41.0665451230629,0.578284168770285,77.4,7,21720.5738257697,2,0.00194914579673514,7752
"Significant_Damage_And_Fatalities",1.41552511415525,21,5,53.7374658158614,0.488129102055535,77.62,1,22401.7922742848,1,0.821132663396067,11230
"Highly_Fatal_And_Damaging",58.0821917808219,11,2,52.4156791248861,0.313228272628922,77.4,2,32053.6698420435,1,0.432315045915542,9375
"Minor_Damage_And_Injuries",38.4474885844749,17,5,66.7730173199635,0.419971871619185,78.64,1,21489.4750236165,2,0.788798022717649,10052
"Minor_Damage_And_Injuries",53.013698630137,12,7,59.2980856882407,0.504717634331049,78.37,5,53455.0451129203,1,0.0350479665945333,3096
"Significant_Damage_And_Serious_Injuries",37.6712328767123,14,16,59.0701914311759,0.44701839163361,83.92,7,35110.9406963034,1,0.00302207857730641,11021
"Minor_Damage_And_Injuries",57.5799086757991,11,7,76.8915223336372,0.428266137756942,78.52,2,25723.8293580535,3,0.349502745439655,7888
"Significant_Damage_And_Fatalities",58.1735159817352,15,3,61.6226071103008,0.656538766678687,80.98,5,33871.586283706,4,0.0236089231156199,4363
"Significant_Damage_And_Serious_Injuries",37.4885844748858,14,1,79.7629899726527,0.251201586729174,80.58,3,26266.3679590952,2,0.131453133849679,5140
"Minor_Damage_And_Injuries",53.6529680365297,9,4,45.3965360072927,0.63742589253516,77.41,7,30664.9684488475,2,0.00269001027366561,9828
"Highly_Fatal_And_Damaging",18.1278538812785,16,14,61.0300820419326,0.523469888207717,78.91,2,46832.9870941548,2,0.63077436941814,11865
"Significant_Damage_And_Serious_Injuries",38.8584474885845,13,19,61.0300820419326,0.366960692390912,77,3,29921.1344954976,1,0.149082972484455,368
"Significant_Damage_And_Serious_Injuries",42.8767123287671,12,14,68.9608021877849,0.192059862964299,79.08,3,48088.2017203851,4,0.23473522219048,112
"Significant_Damage_And_Serious_Injuries",3.28767123287671,23,3,64.1294439380128,0.406628921745402,78.84,3,24998.0502221417,3,0.124336649713543,1572
"Highly_Fatal_And_Damaging",29.7260273972603,13,0,64.6308113035552,0.438363505228994,77.56,2,20377.444266255,2,0.275745471201112,7877
"Significant_Damage_And_Serious_Injuries",45.5707762557078,11,1,63.4457611668186,0.334865488640461,81.03,3,30772.6016390184,1,0.153207762165885,5693
"Minor_Damage_And_Injuries",36.027397260274,14,4,51.0938924339107,0.375615578795528,79.97,2,57472.2115284175,2,0.736627401114748,11636
"Highly_Fatal_And_Damaging",33.7899543378995,11,2,63.9015496809481,0.502553912729895,75.95,1,44739.9435207394,1,1.70002688793202,2977
"Highly_Fatal_And_Damaging",52.1004566210046,6,1,80.0364630811304,0.134,79.3,4,22331.8751251695,1,0.0413384526477102,9154
"Minor_Damage_And_Injuries",29.3607305936073,20,10,69.0519598906108,0.241464839523981,77.13,1,36086.8999557426,2,1.32973480117051,987
"Significant_Damage_And_Serious_Injuries",51.1872146118721,10,1,59.6627164995442,0.531764154345474,81.72,6,41050.3418331489,1,0.00979693726207845,7089