"Severity","Safety_Score","Days_Since_Inspection","Total_Safety_Complaints","Control_Metric","Turbulence_In_gforces","Cabin_Temperature","Accident_Type_Code","Max_Elevation","Violations","Adverse_Weather_Metric","Accident_ID"
"Significant_Damage_And_Fatalities",38.8584474885845,10,7,54.3299908842297,0.261659574468085,77.13,4,18614.2680854717,2,0.0344048446195062,7283
"Significant_Damage_And_Serious_Injuries",32.8767123287671,15,5,79.535095715588,0.267429498737829,76.9,6,38631.0171950936,3,0.009890619145082,1713
"Significant_Damage_And_Fatalities",43.2420091324201,19,4,62.5797629899727,0.28870609448251,80.96,2,37967.5513248833,1,0.512288112606264,7833
"Minor_Damage_And_Injuries",38.1735159817352,17,0,74.0656335460346,0.264905156869816,81.73,2,34379.3077561369,2,0.46264184239205,12063
"Highly_Fatal_And_Damaging",35.1598173515982,11,2,83.6827711941659,0.351093400649116,76.8,7,42374.4708608255,2,0.00383954490498635,6269
"Significant_Damage_And_Fatalities",27.8538812785388,13,2,47.2652689152234,0.444133429498738,87,2,30701.4903580148,1,0.413957736616592,3265
"Minor_Damage_And_Injuries",56.2557077625571,12,13,62.1695533272562,0.317916336098088,79.23,5,41329.4435546774,0,0.0271944992276457,4377
"Significant_Damage_And_Fatalities",26.2557077625571,14,2,55.1504102096627,0.260938333934367,79.49,1,40987.1094313103,3,1.50734589361924,1906
"Minor_Damage_And_Injuries",68.3561643835616,8,2,64.9954421148587,0.336668589974756,78.13,4,15868.4439388883,3,0.0297934856381292,12015
"Significant_Damage_And_Fatalities",72.4657534246575,10,10,60.5742935278031,0.474064911648034,78.31,7,29171.2113721281,2,0.00282523700614346,5727
"Minor_Damage_And_Injuries",40.7305936073059,13,10,45.6700091157703,0.521306166606563,81.42,3,39380.2913549638,1,0.195566783180496,3515
"Significant_Damage_And_Fatalities",44.4292237442922,8,0,38.7876025524157,0.707746844572664,84.9,3,30129.0234626743,3,0.149678160752922,9130
"Significant_Damage_And_Serious_Injuries",59.8173515981735,14,15,48.8149498632635,0.560613775694194,79.54,7,28245.641261576,3,0.00290087927234828,3351
"Significant_Damage_And_Fatalities",70.3196347031963,11,4,66.1349134001823,0.278608727010458,78.52,7,40019.496871603,4,0.00347140189585361,2799
"Highly_Fatal_And_Damaging",45.5251141552511,8,3,69.7356426618049,0.305294626758024,82.37,7,38872.6795592111,2,0.0034535908318688,8514
"Significant_Damage_And_Serious_Injuries",50.2739726027397,16,0,51.9143117593437,0.480556076451497,77.27,7,35960.9764022568,3,0.00322758081539916,2644
"Minor_Damage_And_Injuries",50.1369863013699,13,6,73.4731084776664,0.28870609448251,82.52,1,32433.0364877786,1,1.18304526786249,2635
"Minor_Damage_And_Injuries",46.1187214611872,15,3,72.3336371923428,0.302409664623152,77.56,2,31603.8816790219,4,0.424911513212429,892
"Highly_Fatal_And_Damaging",32.1461187214612,12,2,59.9817684594348,0.244349801658853,81.26,2,22730.4709071459,1,0.305294200382334,12046
"Significant_Damage_And_Serious_Injuries",46.1643835616438,11,3,72.105742935278,0.351454020915975,78.03,3,32471.8667825378,3,0.16258386348284,10739
"Highly_Fatal_And_Damaging",72.5570776255708,7,19,47.4020054694622,0.438724125495853,83.5,6,39964.6882619404,1,0.00957855306754419,5496
"Significant_Damage_And_Fatalities",64.2009132420091,13,7,70.4193254329991,0.2923122971511,78.14,7,16229.7283441618,1,0.00141891090081298,4179
"Highly_Fatal_And_Damaging",56.6666666666667,11,14,70.6927985414767,0.3785005409304,79.23,2,26391.6316884865,2,0.35682265469168,9550
"Highly_Fatal_And_Damaging",25.296803652968,14,3,76.8003646308113,0.361190768121168,80.64,4,36539.8993329714,3,0.0677018072057364,5330
"Highly_Fatal_And_Damaging",43.1963470319635,9,22,73.6098450319052,0.404104579877389,80.83,4,49040.7161051711,3,0.0905402526442483,10180
"Significant_Damage_And_Serious_Injuries",26.1187214611872,17,6,63.1722880583409,0.330898665705012,76.98,6,28164.6002001739,1,0.00687215599404899,11328
"Significant_Damage_And_Serious_Injuries",62.7853881278539,6,5,76.8915223336372,0.4866866209881,78.44,1,33179.9160046628,1,1.22513471747551,7923
"Significant_Damage_And_Serious_Injuries",49.7260273972603,10,7,71.9690063810392,0.362272628921745,78.14,6,35974.8217427248,2,0.0092353588658826,6306
"Minor_Damage_And_Injuries",40.2283105022831,13,9,56.7912488605287,0.564219978362784,81.71,4,36204.5409885204,3,0.0658927127051911,9195
"Significant_Damage_And_Fatalities",21.8721461187215,15,24,47.0829535095716,0.804753696357736,78.59,1,46768.8221857607,1,1.73422879922716,8006
"Highly_Fatal_And_Damaging",33.8356164383562,11,5,50.0911577028259,0.745972592859718,78.37,3,28135.9173146792,3,0.140526429214543,4585
"Significant_Damage_And_Serious_Injuries",45.7077625570776,11,9,67.4111212397448,0.312507032095204,79.17,3,26069.4968678269,2,0.129889248308694,9704
"Significant_Damage_And_Fatalities",44.8858447488584,8,12,52.8258887876026,0.366960692390912,79.39,1,15470.4108911639,1,0.56145735508579,4885
"Significant_Damage_And_Serious_Injuries",54.6575342465753,9,3,56.9735642661805,0.469376848178867,76.48,7,24997.8752590926,2,0.00234606575500546,4889
"Highly_Fatal_And_Damaging",44.8401826484018,8,10,83.8195077484048,0.199632888568337,76.89,4,31213.7522212017,2,0.0577524992640029,3879
"Significant_Damage_And_Serious_Injuries",61.2328767123288,10,1,52.1877848678213,0.404825820411107,75.98,7,33573.2699399035,3,0.0033047001729781,5486
"Highly_Fatal_And_Damaging",34.6118721461187,11,5,59.3892433910666,0.390761630003606,80.27,2,32793.2571499654,1,0.442575446115247,4359
"Highly_Fatal_And_Damaging",39.8173515981735,9,6,76.8459434822243,0.492456545257843,78.4,1,24314.5667574427,2,0.898387825256726,11951
"Highly_Fatal_And_Damaging",37.5342465753425,10,1,64.3573381950775,0.204320952037505,81.26,4,39996.5548245716,1,0.0731233481438206,5047
"Significant_Damage_And_Serious_Injuries",41.9634703196347,12,2,74.5214220601641,0.321883159033537,84.62,6,13740.0130399566,3,0.00339293712236319,764
"Significant_Damage_And_Fatalities",68.0365296803653,12,5,68.049225159526,0.527797331410025,77.62,7,21977.3775684116,4,0.00189097153609756,1141
"Minor_Damage_And_Injuries",44.4292237442922,12,15,57.1558796718323,0.366960692390912,78.47,7,39241.561083223,1,0.00371708742935262,2019
"Significant_Damage_And_Serious_Injuries",57.0776255707762,8,21,65.0865998176846,0.293394157951677,80.8,6,39242.1984983224,2,0.0100809469366386,9271
"Significant_Damage_And_Serious_Injuries",43.4246575342466,12,1,59.2069279854148,0.412038225748287,83.63,6,42442.8852384222,1,0.0105864665990747,7450
"Significant_Damage_And_Serious_Injuries",34.0182648401826,15,2,51.1850501367366,0.644998918139199,78.37,3,26385.0415378019,3,0.131340504997494,7057
"Significant_Damage_And_Serious_Injuries",77.5799086757991,4,2,54.922515952598,0.427905517490083,86.39,7,22753.2773234342,3,0.00166863062454567,7148
"Minor_Damage_And_Injuries",51.2328767123288,13,1,58.97903372835,0.362633249188604,79.01,1,34626.8862524966,1,1.27597904434728,10552
"Significant_Damage_And_Serious_Injuries",51.0045662100457,10,15,56.3810391978122,0.311785791561485,79.43,3,27384.8076695731,3,0.135825197385825,711
"Significant_Damage_And_Serious_Injuries",36.0730593607306,14,3,82.9079307201459,0.372009376126938,80.64,3,15865.8721701261,2,0.0803772078482256,3591
"Highly_Fatal_And_Damaging",54.0182648401826,12,17,54.4667274384686,0.388237288135593,75.8,1,47529.6867723926,2,1.72052881699442,11622
"Highly_Fatal_And_Damaging",4.79452054794521,20,1,68.915223336372,0.203960331770645,78.7,6,16238.5861110973,4,0.00340580872302167,450
"Significant_Damage_And_Serious_Injuries",48.9041095890411,17,16,49.1340018231541,0.422496213487198,77.78,7,29289.6517614832,3,0.0025795310297736,1735
"Significant_Damage_And_Serious_Injuries",26.3013698630137,17,9,62.4886052871468,0.509405697800216,77.78,2,15019.8612615203,3,0.201188155107519,4826
"Significant_Damage_And_Serious_Injuries",15.0228310502283,20,2,76.7547857793984,0.224876307248467,79.15,3,34522.3491637318,0,0.170645148830517,2382
"Significant_Damage_And_Serious_Injuries",45.7990867579909,11,24,63.9015496809481,0.387516047601875,79.59,3,22420.8488354324,2,0.111288342389772,1588
"Significant_Damage_And_Serious_Injuries",66.4383561643835,9,2,48.9061075660894,0.543664623151821,76.99,7,26531.1770939678,2,0.00248905628236379,1970
"Minor_Damage_And_Injuries",68.0365296803653,5,6,55.6061987237922,0.419611251352326,81.63,5,33757.0053641767,1,0.0238176990487667,3427
"Significant_Damage_And_Fatalities",33.9269406392694,12,1,55.1048313582498,0.269232600072124,79.28,4,40987.1094313103,3,0.0753117470472317,846
"Highly_Fatal_And_Damaging",25.1598173515982,14,10,75.2506836827712,0.335586729174179,79.81,2,31463.5685651779,3,0.427244633172575,7849
"Minor_Damage_And_Injuries",34.3835616438356,18,23,56.9279854147676,0.302770284890011,76.89,5,30742.7250427216,3,0.0194887706984389,3816
"Highly_Fatal_And_Damaging",52.648401826484,6,4,60.4375569735643,0.306376487558601,84.41,6,28379.6637179817,3,0.00743073431673884,3481
"Minor_Damage_And_Injuries",42.9680365296804,15,3,77.894257064722,0.362272628921745,81.63,1,26622.2917360185,4,0.979178721893077,5945
"Minor_Damage_And_Injuries",50.365296803653,10,12,54.9680948040109,0.605691309051569,82.2,3,38340.917759317,0,0.191468099821186,6456
"Significant_Damage_And_Serious_Injuries",48.310502283105,10,7,100,0.303491525423729,83.07,6,41620.6186844805,3,0.00994702906462167,10313
"Significant_Damage_And_Serious_Injuries",36.5753424657534,14,5,57.8851412944394,0.350372160115398,83.92,3,38660.0959485539,1,0.192253394616584,10357
"Significant_Damage_And_Fatalities",19.4063926940639,16,0,51.4585232452142,0.42177497295348,79.07,2,36091.5527721269,2,0.488682348438616,293
"Significant_Damage_And_Fatalities",32.1461187214612,12,0,49.5442114858706,0.498947710061305,77.66,1,24135.4433661131,0,0.905184703862421,8337
"Highly_Fatal_And_Damaging",27.4885844748858,13,0,72.1969006381039,0.346765957446808,77.57,7,41401.7229807727,2,0.0038460374795458,6866
"Significant_Damage_And_Fatalities",40.5479452054794,20,0,60.1640838650866,0.375615578795528,78.09,7,32880.4096681099,1,0.0031164589957626,2305
"Minor_Damage_And_Injuries",30.1369863013699,16,5,44.7584320875114,0.556286332491886,84.94,6,24604.4655931727,3,0.00613262984073078,2490
"Highly_Fatal_And_Damaging",28.9041095890411,13,8,52.7803099361896,0.280411828344753,78.98,1,29232.8218621799,2,1.09257988690076,7295
"Minor_Damage_And_Injuries",59.5433789954338,11,1,66.5451230628988,0.386794807068157,76.95,5,34274.994375982,1,0.0235713550866848,8121
"Minor_Damage_And_Injuries",49.0867579908676,14,1,72.151321786691,0.467213126577713,80.42,5,41870.0262217125,3,0.0287891983148949,5741
"Highly_Fatal_And_Damaging",6.98630136986301,19,11,66.9553327256153,0.504717634331049,78.96,4,36354.4884269448,3,0.0657718263164252,167
"Minor_Damage_And_Injuries",38.1735159817352,17,0,68.003646308113,0.294115398485395,77.94,2,25093.1260664619,3,0.339886381510903,8630
"Significant_Damage_And_Serious_Injuries",47.7168949771689,11,1,77.4840474020055,0.331980526505589,81.13,3,28145.0409199558,2,0.141031133810539,6563
"Significant_Damage_And_Fatalities",53.7442922374429,16,15,48.9061075660894,0.374533717994951,76.18,6,21287.7996759686,0,0.00525582108950875,2390
"Highly_Fatal_And_Damaging",33.6073059360731,18,1,50.820419325433,0.562777497295348,83.57,3,33673.5787819803,1,0.167541354018373,8193
"Significant_Damage_And_Serious_Injuries",48.8127853881278,10,11,77.5296262534184,0.185568698160836,84.48,3,36736.2901448529,4,0.183423033462332,3981
"Highly_Fatal_And_Damaging",49.2694063926941,13,2,45.4876937101185,0.38210674359899,76.12,2,30732.5345449627,1,0.414941704093137,6181
"Significant_Damage_And_Serious_Injuries",29.634703196347,16,7,66.7730173199635,0.357223945185719,83.64,3,33101.085724826,2,0.16646731576656,11568
"Highly_Fatal_And_Damaging",34.6575342465753,11,5,57.5205104831358,0.282214929679048,76.66,4,38394.5509317175,0,0.0710287636448836,5199
"Minor_Damage_And_Injuries",60.5479452054795,10,2,62.0783956244303,0.37128813559322,77.97,2,40101.8250426003,1,0.543740651556515,10392
"Minor_Damage_And_Injuries",17.8995433789954,20,12,52.9626253418414,0.366600072124053,88.39,3,47592.316643138,2,0.236948192249694,6841
"Significant_Damage_And_Serious_Injuries",36.3926940639269,14,11,71.4220601640839,0.314310133429499,79.2,3,28973.3033136983,1,0.144311406658945,4186
"Significant_Damage_And_Serious_Injuries",59.8173515981735,10,1,50.5013673655424,0.329095564370718,78.4,7,29213.8409826863,2,0.00290611292624657,9895
"Highly_Fatal_And_Damaging",13.6986301369863,17,8,62.5341841385597,0.258413992066354,75.25,4,22535.7301853887,0,0.0408942878895581,8692
"Minor_Damage_And_Injuries",38.7214611872146,13,0,52.3245214220602,0.323325640100974,82.43,3,27520.4924785671,1,0.136897973743858,9374
"Minor_Damage_And_Injuries",27.2602739726027,20,3,71.2397447584321,0.446657771366751,79.58,7,40075.9286978829,1,0.00343974015422181,6460
"Highly_Fatal_And_Damaging",38.8584474885845,17,7,55.0592525068368,0.338471691309052,77.44,4,39523.6657956433,0,0.0723885206448047,3533
"Significant_Damage_And_Serious_Injuries",24.703196347032,18,0,59.2980856882407,0.355420843851424,83.21,6,30063.5797319462,3,0.00706686288686091,7648
"Significant_Damage_And_Serious_Injuries",30.4566210045662,16,5,83.3637192342753,0.337750450775333,78.78,3,20487.8674821751,1,0.10271429105142,10780
"Significant_Damage_And_Fatalities",62.3744292237443,13,13,63.2634457611668,0.32116191849982,78.01,7,43558.4831611401,3,0.00376240883215811,5366
"Minor_Damage_And_Injuries",73.37899543379,7,10,68.5050136736554,0.417447529751172,77.02,2,22472.1674595243,3,0.307623471832018,3849
"Minor_Damage_And_Injuries",46.4383561643836,11,1,52.6891522333637,0.328374323837,80.26,1,32468.868616417,1,1.19173458023308,5784
"Significant_Damage_And_Serious_Injuries",29.0867579908676,16,3,64.9498632634458,0.395810313739632,80.12,3,40669.4425991241,2,0.20122391367316,8275
"Significant_Damage_And_Fatalities",22.1004566210046,15,19,33.9562443026436,0.499308330328164,80.98,1,26597.1543122835,3,0.978454626515347,7985
"Minor_Damage_And_Injuries",38.1735159817352,17,3,67.1376481312671,0.414923187883159,76.05,2,32060.6340734313,1,0.432315045915542,8342
"Significant_Damage_And_Serious_Injuries",48.3561643835616,11,2,79.7629899726527,0.317555715831229,81.13,3,29216.4159909021,3,0.144311406658945,12368
"Minor_Damage_And_Injuries",33.7442922374429,18,1,95.077484047402,0.256610890732059,79.6,6,22068.2222270981,1,0.00537408755776568,12457
"Significant_Damage_And_Serious_Injuries",33.1050228310502,15,0,76.8003646308113,0.383188604399567,80.64,3,37935.8016532287,1,0.189029307357235,5522
"Significant_Damage_And_Serious_Injuries",54.6575342465753,9,7,88.4685505925251,0.40374395961053,80.75,2,45300.0270165971,1,0.619279392671491,12266
"Significant_Damage_And_Serious_Injuries",44.9315068493151,18,21,49.4530537830446,0.52599423007573,77.78,7,29573.3521901497,3,0.00277805661424645,7363
"Significant_Damage_And_Serious_Injuries",43.607305936073,12,1,61.3947128532361,0.510848178867652,83.24,3,26603.6943333191,2,0.132583630829837,5916
"Significant_Damage_And_Serious_Injuries",27.1689497716895,17,2,73.4731084776664,0.463246303642264,79.77,3,21253.388520372,2,0.106394034490747,11875
"Significant_Damage_And_Serious_Injuries",36.7123287671233,14,3,60.3008204193255,0.404825820411107,78.04,4,39230.7767992872,3,0.0718018696549619,2689
"Significant_Damage_And_Fatalities",41.6438356164383,19,6,62.6253418413856,0.427544897223224,80.76,7,17377.6273066295,1,0.00196638455370176,7583
"Highly_Fatal_And_Damaging",48.2648401826484,7,6,61.6226071103008,0.485244139920663,77.62,1,40353.5539105044,1,1.48034246635466,9215
"Significant_Damage_And_Fatalities",59.8173515981735,14,1,59.7538742023701,0.474786152181753,76.19,6,30982.4858135607,2,0.00767279670465018,484
"Highly_Fatal_And_Damaging",27.5799086757991,13,30,58.4776663628077,0.494620266858997,77.83,4,38859.9855662169,2,0.0714750024770554,11358
"Minor_Damage_And_Injuries",45.7990867579909,15,0,83.5460346399271,0.346405337179949,80.14,4,34727.7751753632,2,0.0644981911503426,289
"Minor_Damage_And_Injuries",49.2237442922374,14,6,63.947128532361,0.246152902993148,81.34,2,17006.4611648321,2,0.234689040083959,7968
"Minor_Damage_And_Injuries",39.4520547945205,17,4,78.9425706472197,0.32116191849982,80.5,1,35006.6478704957,2,1.29142485015568,7178
"Highly_Fatal_And_Damaging",42.4657534246575,16,1,42.5706472196901,0.432232960692391,78.99,5,8706.41207763477,3,0.00868877979364907,91
"Significant_Damage_And_Fatalities",33.9269406392694,12,7,52.5524156791249,0.38931914893617,81.89,4,33553.4782836866,3,0.0611836711383713,11366
"Highly_Fatal_And_Damaging",21.7351598173516,15,10,81.2670920692799,0.291230436350523,80.84,4,36065.2085271643,2,0.0659924427036663,3387
"Minor_Damage_And_Injuries",61.0045662100457,10,8,72.7438468550593,0.272838802740714,81.81,2,36048.3668190144,2,0.484710456352861,51
"Significant_Damage_And_Fatalities",14.4748858447489,17,3,47.7666362807658,0.511930039668229,77.67,1,32227.7131370942,2,1.18372103996504,3846
"Significant_Damage_And_Serious_Injuries",41.324200913242,13,8,64.9954421148587,0.32116191849982,81.2,3,22318.1217237451,2,0.111669094338871,2061
"Highly_Fatal_And_Damaging",34.1095890410959,11,0,81.7228805834093,0.296279120086549,80.66,7,27179.0519600046,0,0.00238037353454408,1472
"Minor_Damage_And_Injuries",56.7123287671233,12,10,70.1914311759344,0.394007212405337,78.47,7,26424.9508350846,2,0.00223621061938481,1852
"Highly_Fatal_And_Damaging",24.1095890410959,14,4,71.0574293527803,0.467213126577713,81.02,4,27009.5953686171,2,0.0490861678801767,2274
"Significant_Damage_And_Serious_Injuries",46.4840182648402,11,1,72.3336371923428,0.416726289217454,78.75,3,28145.0409199558,1,0.139944845040627,9582
"Significant_Damage_And_Fatalities",25.2511415525114,14,13,47.1741112123974,0.438724125495853,76.61,4,29722.8399085569,3,0.0543696861900085,9701
"Highly_Fatal_And_Damaging",17.3972602739726,16,15,96.3081130355515,0.314310133429499,76.45,3,30415.652244998,1,0.151840046781855,6974
"Minor_Damage_And_Injuries",20.8675799086758,19,7,48.9516864175023,0.582250991705733,79.2,5,28547.658421273,4,0.0179965117276075,487
"Highly_Fatal_And_Damaging",34.3835616438356,11,9,64.2661804922516,0.236416155787955,80.86,1,23362.5382988508,3,0.859867417828303,9371
"Significant_Damage_And_Fatalities",72.3287671232876,10,10,59.5259799453054,0.423217454020916,76.37,7,30951.0633871869,2,0.00267114760160348,5257
"Highly_Fatal_And_Damaging",36.986301369863,10,14,72.0145852324522,0.302409664623152,81.15,1,36377.5107854939,4,1.34219324869291,6320
"Significant_Damage_And_Fatalities",24.7488584474886,14,0,46.0346399270738,0.599921384781825,82.72,1,31633.6906386513,2,1.16322851754797,1323
"Highly_Fatal_And_Damaging",18.310502283105,16,9,68.5050136736554,0.640671474936891,77.42,4,40424.9322137671,1,0.0735958717115776,3955
"Highly_Fatal_And_Damaging",35.296803652968,11,0,60.1640838650866,0.231728092318788,79.7,1,20285.7112878375,2,0.744647606073311,6766
"Minor_Damage_And_Injuries",71.689497716895,3,1,52.0966271649954,0.404825820411107,82.82,3,23861.037409217,2,0.118795587606853,5110
"Significant_Damage_And_Serious_Injuries",26.986301369863,17,2,78.8969917958068,0.397974035340786,78.1,3,20487.8674821751,2,0.101519827745638,1360
"Significant_Damage_And_Serious_Injuries",33.2876712328767,15,0,80.355515041021,0.196387306166606,80.54,3,34791.7595740731,2,0.172539381894356,4701
"Highly_Fatal_And_Damaging",77.8538812785388,4,2,56.9279854147676,0.487768481788677,79.78,6,25094.3570432439,3,0.00618362691761325,4252
"Highly_Fatal_And_Damaging",30.7762557077626,20,2,56.2898814949863,0.633098449332852,80.13,4,24371.5142179798,1,0.0443025905213973,1558
"Minor_Damage_And_Injuries",19.9086757990868,21,6,71.1030082041933,0.526354850342589,78.49,4,53455.0451129203,1,0.0961825861517461,10296
"Significant_Damage_And_Fatalities",52.1004566210046,6,2,53.9197812215132,0.620837360259647,79.03,4,37292.1290296158,1,0.068210006095578,6636
"Highly_Fatal_And_Damaging",52.648401826484,6,4,80.0364630811304,0.224876307248467,79.76,1,9125.60962563028,2,0.387799082295146,5845
"Significant_Damage_And_Fatalities",70.0913242009132,11,11,64.8131267092069,0.438002884962135,80.55,4,14139.9067872575,3,0.0279354186380137,10971
"Highly_Fatal_And_Damaging",21.7351598173516,15,9,67.5022789425707,0.343159754778218,81.1,4,27007.9663942613,2,0.0495178660399433,7512
"Significant_Damage_And_Fatalities",35.2511415525114,11,6,52.5524156791249,0.393285971871619,81.37,4,32666.8093913512,1,0.0601777442176999,9526
"Highly_Fatal_And_Damaging",41.5525114155251,9,6,57.5660893345488,0.29591849981969,83.32,4,32108.8944544788,2,0.0593966255335747,9118
"Significant_Damage_And_Serious_Injuries",35.4794520547945,14,1,71.8322698268004,0.363715109989181,80.98,6,37935.8016532287,1,0.00990625580190773,8409
"Significant_Damage_And_Serious_Injuries",44.5662100456621,12,2,67.228805834093,0.261298954201226,82.66,3,28945.1811088658,2,0.14597123365178,8891
"Highly_Fatal_And_Damaging",21.2785388127854,15,1,65.587967183227,0.413120086548864,79.58,4,21762.5037953773,1,0.039655280345073,3753
"Significant_Damage_And_Serious_Injuries",45.2054794520548,11,3,71.4220601640839,0.247234763793725,84.75,3,36166.0039080309,1,0.178257538798474,7925
"Minor_Damage_And_Injuries",46.4840182648402,15,3,63.3546034639927,0.452427695636495,80.98,2,34007.9856713151,1,0.458859033557303,3759
"Significant_Damage_And_Serious_Injuries",47.4429223744292,11,1,60.4375569735643,0.355060223584565,80.13,3,32832.4176893392,2,0.16396237774711,6856
"Significant_Damage_And_Fatalities",59.3150684931507,14,4,61.485870556062,0.220548864046159,78.95,7,44899.0705087481,4,0.0037845533395528,2467
"Highly_Fatal_And_Damaging",70.1369863013699,7,8,49.1340018231541,0.422496213487198,84.52,2,15521.1855005986,3,0.217882733481642,498
"Significant_Damage_And_Serious_Injuries",45.9817351598173,18,4,53.9653600729262,0.542582762351244,77.78,7,31087.6739161044,2,0.00262759331216413,286
"Highly_Fatal_And_Damaging",31.2328767123288,12,10,62.1695533272562,0.444494049765597,79.3,2,37050.8568808506,2,0.499845233093124,5353
"Significant_Damage_And_Serious_Injuries",24.703196347032,18,0,70.7839562443026,0.339192931842769,77.85,1,28955.3468267006,4,1.06763304103432,8222
"Significant_Damage_And_Serious_Injuries",40.9132420091324,13,2,73.8377392889699,0.269953840605842,78.35,3,46794.8062833652,2,0.231845913463668,4215
"Highly_Fatal_And_Damaging",28.0821917808219,13,2,68.6417502278943,0.246874143526866,76.13,7,40589.5179998994,1,0.00346277084197133,8886
"Minor_Damage_And_Injuries",69.7260273972603,8,2,70.464904284412,0.322965019834114,77.82,5,44362.5365040698,1,0.0297744341253541,5839
"Highly_Fatal_And_Damaging",12.1917808219178,18,4,41.6134913400182,0.47911359538406,75.5,6,25175.0086940981,2,0.00639050712106452,9744
"Significant_Damage_And_Fatalities",26.3926940639269,14,1,45.6700091157703,0.404825820411107,80.23,7,36511.6143171361,2,0.00321926666714331,9802
"Highly_Fatal_And_Damaging",43.1963470319635,8,1,72.6526891522334,0.258413992066354,76.17,4,30465.0899917416,4,0.055390533687851,8381
"Minor_Damage_And_Injuries",42.1917808219178,16,7,72.7894257064722,0.317195095564371,77.17,7,29454.4715561768,2,0.00259659848763858,11279
"Minor_Damage_And_Injuries",51.2328767123288,13,14,64.8587055606199,0.485604760187523,76.48,7,34472.083799485,0,0.00295124691136514,7058
"Significant_Damage_And_Fatalities",31.7351598173516,23,5,75.6153144940748,0.316473855030653,80.47,7,26271.6146432469,1,0.00213992086633605,8282
"Significant_Damage_And_Fatalities",11.0045662100457,18,2,51.1850501367366,0.487407861521817,77.82,1,20348.9050245361,2,0.750477041789785,1336
"Significant_Damage_And_Serious_Injuries",42.1004566210046,19,9,53.9653600729262,0.634180310133429,79.39,6,47156.9384261401,2,0.0115992727931572,2840
"Significant_Damage_And_Serious_Injuries",48.7214611872146,10,10,79.8997265268915,0.234973674720519,77.93,3,32932.7239225323,2,0.162966110820739,1798
"Highly_Fatal_And_Damaging",31.3698630136986,12,12,69.2342752962625,0.33161990623873,79.83,4,22736.3823339225,1,0.041833791060618,4661
"Significant_Damage_And_Serious_Injuries",31.8264840182648,15,0,73.6098450319052,0.318276956364948,79.81,3,26632.0129708879,3,0.132638956145098,5633
"Highly_Fatal_And_Damaging",33.7442922374429,11,7,59.9817684594348,0.358305805986296,86.13,2,39765.5148626154,3,0.538862339469786,2773
"Highly_Fatal_And_Damaging",70.1369863013699,7,2,66.1349134001823,0.346405337179949,79.65,2,50138.8533250908,2,0.668862532692016,7160
"Minor_Damage_And_Injuries",41.5068493150685,16,6,87.1011850501367,0.192781103498016,78.5,1,28834.5769311732,2,1.05885006874956,10695
"Minor_Damage_And_Injuries",21.324200913242,19,20,52.9626253418414,0.478392354850342,76.21,3,25239.6627058985,3,0.12514403561123,10725
"Highly_Fatal_And_Damaging",15.4337899543379,17,3,60.8477666362808,0.401940858276235,80.6,4,40808.477420646,1,0.0755380401037781,6838
"Highly_Fatal_And_Damaging",14.337899543379,17,1,69.1431175934367,0.290148575549946,75.07,3,26009.2327462011,2,0.128453568773262,9863
"Significant_Damage_And_Serious_Injuries",27.5799086757991,17,3,67.3199635369189,0.36407573025604,83.11,3,20743.3374704144,2,0.103487089845279,11543
"Significant_Damage_And_Serious_Injuries",58.4931506849315,8,37,76.3445761166819,0.405547060944825,76.21,2,35730.4510938833,2,0.48369584645779,2659
"Significant_Damage_And_Fatalities",34.8858447488584,11,13,54.922515952598,0.414923187883159,78.13,1,29989.0265842119,5,1.10131814762192,2694
"Minor_Damage_And_Injuries",39.634703196347,17,8,69.4165907019143,0.19133862243058,77.91,2,27295.816524348,1,0.367490581778457,172
"Significant_Damage_And_Fatalities",20.1826484018265,15,0,56.1531449407475,0.375976199062387,77.13,4,31533.3961527062,2,0.0574972647652242,3910
"Significant_Damage_And_Serious_Injuries",46.1643835616438,11,3,72.3336371923428,0.351454020915975,76.87,6,32471.8667825378,3,0.00796044211582625,393
"Minor_Damage_And_Injuries",31.689497716895,19,7,71.1941659070192,0.460361341507393,79.4,5,27487.6888024332,2,0.0185203892363935,5869
"Highly_Fatal_And_Damaging",30.2283105022831,12,0,78.1221513217867,0.36046952758745,77.29,5,21744.2730155049,2,0.0141300920233201,5333
"Significant_Damage_And_Serious_Injuries",46.6666666666667,11,0,69.8723792160438,0.417808150018031,79.32,3,40619.7789673451,3,0.202036111336748,2919
"Highly_Fatal_And_Damaging",21.5525114155251,15,0,63.8103919781222,0.556286332491886,78.41,4,40729.8147773945,2,0.0742239344888381,7053
"Significant_Damage_And_Fatalities",31.1872146118721,12,2,45.6700091157703,0.414923187883159,79.46,4,43852.8453519078,3,0.0801631199888322,3226
"Highly_Fatal_And_Damaging",35.1598173515982,11,0,63.9015496809481,0.401580238009376,76.56,5,46371.5275238705,2,0.0316848087451912,7688
"Highly_Fatal_And_Damaging",31.1872146118721,12,5,61.7593436645397,0.430429859358096,82.72,3,29319.1060323609,1,0.145497843024578,1985