"Severity","Safety_Score","Days_Since_Inspection","Total_Safety_Complaints","Control_Metric","Turbulence_In_gforces","Cabin_Temperature","Accident_Type_Code","Max_Elevation","Violations","Adverse_Weather_Metric","Accident_ID"
"Significant_Damage_And_Serious_Injuries",29.4063926940639,16,19,60.9845031905196,0.420332491886044,76.07,2,32060.6340734313,2,0.433461888131798,11547
"Significant_Damage_And_Serious_Injuries",30.5936073059361,16,0,72.151321786691,0.413480706815723,82.25,6,23226.0148728971,1,0.00517393423609584,9210
"Significant_Damage_And_Serious_Injuries",35.5251141552511,14,6,65.8614402917047,0.236776776054814,81.34,6,22140.4259004508,3,0.00507961089685079,3169
"Minor_Damage_And_Injuries",54.1552511415525,12,1,87.693710118505,0.316113234763794,88.74,2,23410.3422885626,2,0.31714926711129,6716
"Highly_Fatal_And_Damaging",19.9543378995434,16,13,72.0145852324522,0.302409664623152,76.9,7,30056.215219895,2,0.00292710508522188,4312
"Highly_Fatal_And_Damaging",21.8264840182648,15,9,81.2670920692799,0.233891813919942,79.32,4,21267.7043733175,3,0.0385759451956623,1183
"Significant_Damage_And_Fatalities",17.7168949771689,16,1,54.9680948040109,0.311425171294627,85.9,4,33403.2551232866,1,0.0608983656909154,4776
"Minor_Damage_And_Injuries",56.2557077625571,12,13,62.7620783956244,0.46829498737829,76.48,5,32937.2182500384,0,0.0212246538797448,1017
"Highly_Fatal_And_Damaging",54.7945205479452,5,15,71.6499544211486,0.3785005409304,79.03,7,14552.7349096771,1,0.00145523988109246,8334
"Significant_Damage_And_Serious_Injuries",36.027397260274,14,3,48.9061075660894,0.662308690948431,79.14,6,38304.3259164758,2,0.0101532118856562,3352
"Significant_Damage_And_Serious_Injuries",29.9543378995434,16,0,68.003646308113,0.294115398485395,80.46,6,36027.6632015151,2,0.00916356586669669,1659
"Significant_Damage_And_Serious_Injuries",42.0547945205479,12,2,69.5077484047402,0.409513883880274,79.42,3,23573.0067284607,2,0.11743832832642,2074
"Minor_Damage_And_Injuries",45.0228310502283,15,3,57.7028258887876,0.387876667868734,81.43,4,43786.173360848,0,0.0802287917843594,1313
"Highly_Fatal_And_Damaging",22.0091324200913,15,10,65.3600729261623,0.316473855030653,76.79,4,32342.1093451256,2,0.0594585122059251,9608
"Highly_Fatal_And_Damaging",17.2602739726027,16,0,79.0337283500456,0.394367832672196,80.4,4,31164.4523117872,2,0.0576727377660007,2787
"Significant_Damage_And_Serious_Injuries",43.6529680365297,12,10,62.6253418413856,0.419250631085467,78.85,4,39649.8076802642,3,0.0731732009419454,3740
"Significant_Damage_And_Fatalities",41.689497716895,19,6,66.6818596171377,0.340274792643346,76.92,2,46974.390404833,2,0.637457086688145,1412
"Minor_Damage_And_Injuries",53.4703196347032,12,8,73.7010027347311,0.370927515326361,75.33,2,46273.2400084029,0,0.622444465973777,5422
"Significant_Damage_And_Fatalities",65.4337899543379,12,1,63.2634457611668,0.383188604399567,79.08,5,28815.0595298404,2,0.0199273006311425,5
"Significant_Damage_And_Fatalities",63.1963470319635,13,8,67.8669097538742,0.158882798413271,78.11,7,23665.6603699134,2,0.0022939358099787,9765
"Significant_Damage_And_Fatalities",32.9223744292237,11,1,49.6353691886965,0.470819329246303,81.08,1,33960.5815774007,3,1.25637083671277,11683
"Significant_Damage_And_Fatalities",34.6575342465753,11,5,49.4530537830446,0.531042913811756,79.88,4,28875.5800147687,2,0.0536168001945233,399
"Highly_Fatal_And_Damaging",40.8219178082192,16,2,56.517775752051,0.386434186801298,79.49,3,33055.491886596,2,0.166419156005053,3641
"Significant_Damage_And_Serious_Injuries",38.8127853881278,13,30,68.1403828623519,0.253365308330328,87.51,6,15675.4747793816,4,0.00359810588347333,6496
"Highly_Fatal_And_Damaging",34.3835616438356,11,5,74.7493163172288,0.369485034258925,82.2,4,17417.2482375906,2,0.0320805077660302,2014
"Highly_Fatal_And_Damaging",33.0593607305936,12,5,79.535095715588,0.403022719076812,83.01,4,29660.0149931199,4,0.0544392802512786,2518
"Highly_Fatal_And_Damaging",46.8493150684931,7,15,88.4685505925251,0.29591849981969,75.35,2,40311.896520282,1,0.546221486814704,11556
"Highly_Fatal_And_Damaging",56.4383561643835,11,4,55.9708295350957,0.456394518571944,83.23,7,46010.3087453711,2,0.0038460374795458,4781
"Highly_Fatal_And_Damaging",40.7305936073059,16,7,55.8796718322698,0.317555715831229,79.73,2,41817.9806038586,2,0.568255920408837,7760
"Highly_Fatal_And_Damaging",31.1872146118721,12,5,67.8213309024613,0.399055896141363,76.13,4,21651.0494588669,4,0.0397882618618052,3006
"Minor_Damage_And_Injuries",32.8767123287671,18,11,54.1932543299909,0.323686260367832,81.49,1,28475.1600066966,3,1.05028681182213,4894
"Significant_Damage_And_Serious_Injuries",32.3744292237443,15,13,76.0255241567913,0.307097728092319,76.75,6,40538.7808167345,2,0.00947138341406335,10628
"Highly_Fatal_And_Damaging",35.9360730593607,11,2,62.5797629899727,0.426823656689506,81.21,2,12376.5613732312,3,0.162877092965986,5613
"Significant_Damage_And_Fatalities",29.7260273972603,12,13,55.9252506836828,0.487407861521817,78.16,1,24135.4433661131,2,0.901972619496758,8557
"Highly_Fatal_And_Damaging",31.5981735159817,12,5,61.9416590701914,0.321883159033537,82.12,3,27108.1286016377,0,0.133480825287782,11466
"Minor_Damage_And_Injuries",15.2054794520548,21,3,84.8678213309025,0.245071042192571,79.6,1,48513.2945923516,1,1.77934417304994,1964
"Minor_Damage_And_Injuries",32.8767123287671,19,9,55.6973564266181,0.368403173458348,79.21,5,35834.1533292146,2,0.0240955544858232,10176
"Highly_Fatal_And_Damaging",45.5251141552511,15,1,49.6809480401094,0.434396682293545,79.34,5,14874.3455650257,2,0.0121842629372386,8720
"Minor_Damage_And_Injuries",29.0867579908676,16,7,42.0237010027347,0.456033898305084,81.47,3,36093.8087038102,1,0.179528293028085,4193
"Minor_Damage_And_Injuries",46.1643835616438,15,18,70.0091157702826,0.354699603317706,77.03,2,38183.1809071596,2,0.515462917300368,2688
"Significant_Damage_And_Serious_Injuries",41.8264840182648,12,8,64.3573381950775,0.2201882437793,79.17,5,30878.7985441465,2,0.0194114223825463,10088
"Minor_Damage_And_Injuries",69.3607305936073,8,1,58.3409298085688,0.421053732419762,83.9,2,31288.3431555066,1,0.424285998664813,8069
"Significant_Damage_And_Serious_Injuries",38.0365296803653,13,0,92.1148587055606,0.185208077893978,77.86,3,42630.0016766009,0,0.212243576123403,12098
"Significant_Damage_And_Fatalities",46.8949771689498,17,4,69.9179580674567,0.2923122971511,82.66,7,47182.8146074081,3,0.00380218078016251,742
"Significant_Damage_And_Fatalities",58.8584474885845,14,3,58.6144029170465,0.413480706815723,80.2,3,11809.795062478,2,0.0587975074186055,5813
"Significant_Damage_And_Fatalities",70.5022831050228,11,5,40.154968094804,0.46144320230797,76.05,7,26005.3229868944,2,0.00227951116259479,6273
"Minor_Damage_And_Injuries",30.9132420091324,15,3,57.1558796718323,0.502553912729895,81.45,2,36109.0128717011,3,0.488682348438616,681
"Significant_Damage_And_Serious_Injuries",41.5981735159817,19,12,55.9708295350957,0.717483591777858,81.06,6,46104.7029866108,0,0.0116123239444989,7086
"Significant_Damage_And_Serious_Injuries",43.4246575342466,12,11,58.5232452142206,0.511208799134511,78.86,6,43319.3836375384,3,0.0111252879892656,11896
"Minor_Damage_And_Injuries",59.9086757990868,11,17,79.5806745670009,0.292672917417959,77.99,2,17326.7709003087,3,0.232539481970194,8454
"Significant_Damage_And_Serious_Injuries",52.283105022831,6,20,91.2032816773017,0.326571222502704,79.96,3,14552.7349096771,3,0.0719620691714514,10464
"Significant_Damage_And_Fatalities",57.0776255707762,15,16,57.9762989972653,0.620476739992787,77.34,5,31988.1959886504,3,0.0219848426435965,4009
"Significant_Damage_And_Fatalities",14.4748858447489,17,1,52.8258887876026,0.40735016227912,77.53,2,34602.277539951,0,0.466552141197506,8411
"Significant_Damage_And_Fatalities",82.2374429223744,7,1,59.024612579763,0.362633249188604,83.72,3,36104.8569903325,3,0.179067509065716,10049
"Minor_Damage_And_Injuries",23.1963470319635,18,5,50.5925250683683,0.444854670032455,76.87,6,25797.6766845836,2,0.00604311628541286,10419
"Significant_Damage_And_Serious_Injuries",32.3744292237443,15,1,52.9170464904284,0.416365668950595,77.35,3,20985.5640745089,2,0.104738442481832,3540
"Significant_Damage_And_Fatalities",32.1461187214612,12,0,49.6353691886965,0.470819329246303,77.9,1,38579.3859434729,3,1.42869567940064,6272
"Significant_Damage_And_Fatalities",32.6940639269406,12,0,41.4311759343665,0.598118283447529,80.78,3,45075.2781182304,1,0.22568423147531,963
"Significant_Damage_And_Fatalities",56.7123287671233,15,12,59.6627164995442,0.423217454020916,79.37,7,33387.8483064781,3,0.00326623839026802,707
"Minor_Damage_And_Injuries",58.4931506849315,11,2,73.4731084776664,0.297360980887126,76.93,1,28185.910470363,2,1.05028681182213,10693
"Significant_Damage_And_Serious_Injuries",30.9132420091324,16,0,76.5268915223336,0.386434186801298,79.81,3,23102.2576815429,2,0.114217417558227,3770
"Minor_Damage_And_Injuries",54.0639269406393,12,7,61.9416590701914,0.507241976199062,80.07,5,43914.0768249921,1,0.0303240089034753,10642
"Significant_Damage_And_Serious_Injuries",37.9908675799087,13,1,77.028258887876,0.294476018752254,81.25,3,22597.0959547712,1,0.111428701057596,6017
"Significant_Damage_And_Fatalities",58.7671232876712,14,1,65.1321786690975,0.293033537684818,78.95,1,39242.1984983224,1,1.44569257769582,3418
"Highly_Fatal_And_Damaging",17.351598173516,16,6,69.5533272561531,0.224876307248467,80.92,1,32421.108118941,1,1.19446292420765,10329
"Minor_Damage_And_Injuries",31.689497716895,19,0,57.8395624430264,0.311425171294627,77.94,3,40114.3609726391,4,0.199589398231174,1023
"Significant_Damage_And_Serious_Injuries",51.3698630136986,17,5,55.9708295350957,0.462525063108547,77.4,7,31087.6739161044,2,0.00267087052186686,2358
"Highly_Fatal_And_Damaging",29.7260273972603,13,4,84.2297174111213,0.301327803822575,77.11,4,27037.416414391,1,0.0489153100752888,4570
"Highly_Fatal_And_Damaging",30.5022831050228,12,0,64.1750227894257,0.513011900468806,77.56,4,35012.5425984798,0,0.063739607576504,7735
"Minor_Damage_And_Injuries",48.9954337899543,10,8,56.9279854147676,0.47190119004688,84.42,6,18675.6384579321,0,0.00428006250744553,1760
"Significant_Damage_And_Serious_Injuries",34.7488584474886,15,8,68.003646308113,0.367321312657771,79.01,7,55360.3569171219,2,0.00480480829412016,5279
"Highly_Fatal_And_Damaging",43.6529680365297,9,8,73.4731084776664,0.311064551027768,80.71,3,33257.5951870857,0,0.165002363929807,11131
"Minor_Damage_And_Injuries",50.2739726027397,10,4,48.7237921604376,0.384991705733862,78.06,3,32121.255934815,2,0.160120932295153,11888
"Minor_Damage_And_Injuries",61.6438356164383,10,0,83.5460346399271,0.237858636855391,79.83,2,44244.903458707,3,0.599068990448829,1177
"Significant_Damage_And_Fatalities",66.1187214611872,12,5,60.1640838650866,0.306376487558601,78.36,7,30653.9244031523,5,0.00267114760160348,6565
"Significant_Damage_And_Serious_Injuries",26.7123287671233,17,8,64.3573381950775,0.330538045438154,77.58,3,27480.0655746523,1,0.135850462114308,7908
"Minor_Damage_And_Injuries",36.3470319634703,14,2,52.4156791248861,0.456033898305084,78.47,7,33289.1776385925,1,0.0031164589957626,7015
"Significant_Damage_And_Serious_Injuries",56.1187214611872,8,1,75.8887876025524,0.243989181391994,81.53,1,26632.0129708879,4,0.972402662659163,12047
"Significant_Damage_And_Fatalities",29.2694063926941,13,0,45.6700091157703,0.509405697800216,77.16,4,29502.7634210532,1,0.0533984110646786,1344
"Highly_Fatal_And_Damaging",11.8721461187215,18,4,61.3035551504102,0.40735016227912,78.96,7,31647.884323696,2,0.00287100899711365,2127
"Significant_Damage_And_Serious_Injuries",34.4748858447488,14,17,72.0145852324522,0.179438153624233,79.86,3,29310.9552448007,1,0.145447149829291,11993
"Significant_Damage_And_Serious_Injuries",52.9680365296804,9,11,69.8723792160438,0.475146772448611,79,3,27563.6657696117,1,0.138218629477214,8758
"Highly_Fatal_And_Damaging",33.7899543378995,11,6,72.8805834092981,0.336668589974756,82.21,4,27780.2101903398,3,0.0506515878177534,5327
"Minor_Damage_And_Injuries",48.9041095890411,14,7,37.6481312670921,0.605691309051569,86.59,5,41873.4884147618,2,0.0281920327260977,9639
"Highly_Fatal_And_Damaging",25.9817351598173,14,4,60.3463992707384,0.28149368914533,76.4,4,43870.357040907,2,0.0796416216471924,9229
"Highly_Fatal_And_Damaging",31.3698630136986,12,12,67.7301731996354,0.390401009736747,79.08,5,29273.781013177,3,0.0198462668231589,467
"Significant_Damage_And_Serious_Injuries",68.675799086758,11,6,52.5524156791249,0.590184637576631,82.13,6,38340.917759317,1,0.00971436271891638,1373
"Significant_Damage_And_Serious_Injuries",46.2100456621004,11,0,62.7620783956244,0.280051208077894,79.15,4,21402.7601137385,3,0.0392500739871597,4968
"Significant_Damage_And_Serious_Injuries",48.7214611872146,10,0,61.2123974475843,0.639950234403173,76.79,3,10393.0547497419,2,0.0560173007963913,1086
"Minor_Damage_And_Injuries",35.8904109589041,14,4,56.0619872379216,0.345323476379372,79.97,3,32121.255934815,3,0.160237023074609,10505
"Significant_Damage_And_Serious_Injuries",33.6529680365297,15,6,69.5533272561531,0.230646231518211,77.1,3,24386.649921265,1,0.123395575463048,12459
"Significant_Damage_And_Fatalities",49.4520547945205,17,5,86.2351868732908,0.333783627839884,79.81,7,28356.8132043199,1,0.00262759331216413,108
"Minor_Damage_And_Injuries",30.5936073059361,19,1,64.3117593436645,0.438363505228994,78.63,5,30685.6982213411,3,0.0195516826413514,1125
"Highly_Fatal_And_Damaging",18.7671232876712,16,2,74.1567912488605,0.238940497655968,80.78,1,35006.6478704957,3,1.29520155662408,5678
"Significant_Damage_And_Fatalities",72.7853881278539,10,1,59.1613491340018,0.312507032095204,78.97,7,28183.3231299795,3,0.00277595369618666,10531
"Minor_Damage_And_Injuries",76.6666666666667,6,21,74.3391066545123,0.27428128380815,75.94,1,33959.191621618,3,1.25753521365365,6184
"Minor_Damage_And_Injuries",42.4200913242009,12,15,53.6007292616226,0.524191128741435,83.73,3,34305.0853441854,2,0.17078321571126,11473
"Significant_Damage_And_Serious_Injuries",40.6849315068493,13,6,75.4785779398359,0.391122250270465,77.65,6,49461.7985956107,2,0.0122725648420376,9090
"Highly_Fatal_And_Damaging",49.7260273972603,7,0,78.0765724703738,0.281133068878471,79.01,4,41279.1569541231,2,0.0751863237275054,8563
"Highly_Fatal_And_Damaging",50.3196347031963,6,1,78.0765724703738,0.241104219257122,77.85,5,28684.0676385967,1,0.0187014909382164,2193
"Significant_Damage_And_Fatalities",69.9543378995434,11,1,64.2661804922516,0.319358817165525,81.85,6,28153.6835624095,2,0.00644607509586762,12209
"Significant_Damage_And_Fatalities",27.3972602739726,13,6,51.0483135824977,0.581529751172016,81.44,1,41465.6476353107,3,1.50783149128232,7984
"Minor_Damage_And_Injuries",67.3059360730594,12,3,72.7438468550593,0.390040389469888,78.56,5,42842.0382744754,3,0.0286321409870276,11023
"Minor_Damage_And_Injuries",51.2328767123288,13,1,57.383773928897,0.303852145690588,77.2,2,37713.772281611,3,0.513039501471087,12208
"Significant_Damage_And_Fatalities",41.689497716895,19,8,72.8805834092981,0.259135232600072,80.06,7,33425.2255805168,2,0.0032646245817578,11363
"Minor_Damage_And_Injuries",31.5525114155251,19,11,76.8003646308113,0.380303642264695,82.82,4,30719.4991147123,2,0.0560558043214879,8844
"Significant_Damage_And_Fatalities",73.5159817351598,10,19,57.5205104831358,0.35686332491886,83.72,7,39189.4780352356,3,0.00353158083940347,8250
"Significant_Damage_And_Serious_Injuries",50.4109589041096,10,0,73.0628988149499,0.272117562206996,82.58,6,39280.6384452088,3,0.00967034017568106,2053
"Highly_Fatal_And_Damaging",28.9497716894977,13,4,62.2607110300821,0.443772809231878,82.72,4,24892.5561259657,2,0.0462706745428268,4777
"Significant_Damage_And_Serious_Injuries",27.1232876712329,17,1,57.2926162260711,0.438724125495853,83.58,7,23842.4324905691,1,0.00234606575500546,6376
"Minor_Damage_And_Injuries",63.1050228310502,6,7,52.6435733819508,0.284739271547061,77.16,2,31487.5567418341,4,0.42706926105018,11731
"Minor_Damage_And_Injuries",61.6438356164383,10,5,70.3281677301732,0.325849981968986,76.45,5,34292.3523245949,2,0.0228367689591343,9601
"Significant_Damage_And_Fatalities",36.027397260274,11,3,46.0346399270738,0.606773169852146,86.47,4,33871.586283706,3,0.0621354412786752,11860
"Highly_Fatal_And_Damaging",22.3287671232877,15,14,81.7684594348222,0.355060223584565,89.19,4,47592.316643138,2,0.0865963416873615,12386
"Highly_Fatal_And_Damaging",44.5205479452055,8,10,62.2607110300821,0.332701767039307,77.13,4,58297.4802661454,0,0.100579962364862,9786
"Highly_Fatal_And_Damaging",47.4885844748858,14,8,49.8176845943483,0.346405337179949,78.32,2,36091.5527721269,2,0.489011562768232,92
"Significant_Damage_And_Serious_Injuries",54.2465753424657,5,2,55.6517775752051,0.604970068517851,81.79,3,27569.7208350064,3,0.137550417696252,1961
"Significant_Damage_And_Serious_Injuries",43.2876712328767,12,10,70.1458523245214,0.41095636494771,78.31,3,33346.9717068899,1,0.16646731576656,8892
"Minor_Damage_And_Injuries",30.8219178082192,16,14,57.0191431175934,0.538976559682654,80.92,5,43914.0768249921,3,0.0291145437269025,5141
"Highly_Fatal_And_Damaging",30.5936073059361,12,1,68.6417502278943,0.413480706815723,79.7,6,40657.7633959541,2,0.0102445448171566,2846
"Significant_Damage_And_Serious_Injuries",66.5753424657534,8,2,37.2835004557886,0.680339704291381,84.9,1,31618.5684248395,2,1.15522683936208,2456
"Highly_Fatal_And_Damaging",39.2694063926941,10,5,75.9343664539654,0.293394157951677,79.81,4,35683.7717435303,3,0.0648977629890459,12408
"Highly_Fatal_And_Damaging",56.5753424657534,11,14,70.1914311759344,0.404465200144248,80.42,2,41708.64182517,3,0.567201132594691,5871
"Highly_Fatal_And_Damaging",25.1141552511416,14,11,65.587967183227,0.391843490804183,77.68,4,36305.7929992729,1,0.0657919157803562,6521
"Significant_Damage_And_Serious_Injuries",43.4246575342466,12,2,57.5205104831358,0.465770645510278,84.42,6,45002.0079321222,3,0.0114089976100017,8032
"Minor_Damage_And_Injuries",71.689497716895,4,19,56.2443026435734,0.35686332491886,81.62,2,37411.153141132,3,0.505802785572527,3017
"Minor_Damage_And_Injuries",44.0182648401826,15,3,67.6845943482224,0.262741435268662,76.93,2,20061.5449045476,2,0.270944893610654,5431
"Highly_Fatal_And_Damaging",44.8858447488584,8,0,58.5232452142206,0.46865560764515,82.8,4,25050.0244984021,2,0.0462706745428268,9814
"Significant_Damage_And_Fatalities",40.6392694063927,9,3,41.02096627165,0.543304002884962,80.15,1,34325.6150767811,3,1.26365508201826,8159
"Minor_Damage_And_Injuries",38.6301369863014,13,1,56.1531449407475,0.372369996393797,80.77,3,21268.8395478725,0,0.105814390731254,1640
"Minor_Damage_And_Injuries",62.4657534246575,10,15,73.6554238833182,0.335947349441038,80.42,2,37297.0932027602,4,0.504117435127591,1032
"Highly_Fatal_And_Damaging",49.5890410958904,7,3,75.8432087511395,0.368763793725207,79.3,3,34132.2412197546,2,0.17089911377233,2326
"Significant_Damage_And_Fatalities",10.8675799086758,18,2,44.0291704649043,0.432232960692391,81.14,2,27376.1722427695,2,0.369357073209878,11231
"Significant_Damage_And_Fatalities",24.7945205479452,14,0,55.7885141294439,0.309261449693473,81.78,4,37014.2169525702,2,0.0672799843490762,10738
"Significant_Damage_And_Serious_Injuries",26.5753424657534,17,8,82.0875113947128,0.221630724846736,79.83,2,42639.2344368458,2,0.577773876497628,7326
"Significant_Damage_And_Serious_Injuries",26.1187214611872,17,11,70.5560619872379,0.293394157951677,79.75,7,47749.6542219789,4,0.00474673776165719,255
"Highly_Fatal_And_Damaging",63.6529680365297,10,1,54.2844120328168,0.457476379372521,79.1,2,11806.5506664532,2,0.146846222191999,1134
"Minor_Damage_And_Injuries",55.9360730593607,12,1,88.6052871467639,0.151670393076091,82.45,2,12091.874378794,2,0.163093375665196,323
"Minor_Damage_And_Injuries",57.7168949771689,11,0,77.073837739289,0.240022358456545,81.53,1,25956.9935017014,1,0.956487162536968,11127
"Significant_Damage_And_Serious_Injuries",44.0639269406393,12,4,66.7730173199635,0.246513523260007,82.53,1,23291.3274000395,1,0.862834890848204,12226
"Highly_Fatal_And_Damaging",32.6027397260274,12,21,67.4567000911577,0.276084385142445,87.51,4,26813.1845680268,2,0.0489849322409907,4943
"Significant_Damage_And_Serious_Injuries",63.1506849315068,6,6,48.1312670920693,0.560613775694194,78.31,6,32768.2794642284,2,0.00773208720267557,1891
"Significant_Damage_And_Serious_Injuries",40.8675799086758,13,0,64.2206016408387,0.331259285971872,78.71,2,39030.5654538575,2,0.524659159217321,5307
"Significant_Damage_And_Serious_Injuries",56.3013698630137,8,1,80.8568824065634,0.232449332852506,77.08,3,28890.1525672434,2,0.141555437659519,4771
"Highly_Fatal_And_Damaging",37.2146118721461,10,4,60.3919781221513,0.343159754778218,75.21,4,30231.9993157823,2,0.0560106003796652,12205
"Significant_Damage_And_Serious_Injuries",26.3470319634703,17,14,62.8988149498633,0.492095924990984,83.1,3,19618.548566256,3,0.0977072229361203,11884
"Significant_Damage_And_Fatalities",21.9634703196347,15,5,49.0884229717411,0.582250991705733,82.27,4,32372.4222574949,0,0.0590167173353565,9268
"Highly_Fatal_And_Damaging",57.0776255707762,11,22,51.0483135824977,0.581529751172016,79.75,3,10571.2705834972,3,0.0538389856628405,3907
"Significant_Damage_And_Serious_Injuries",40.4109589041096,20,1,42.7985414767548,0.432232960692391,79.56,6,8706.41207763477,3,0.00279254182406123,9019
"Significant_Damage_And_Serious_Injuries",58.4474885844749,4,7,74.4302643573382,0.46865560764515,75.96,2,33309.9400006456,3,0.449741028719997,7006
"Highly_Fatal_And_Damaging",44.5662100456621,15,7,48.2224247948952,0.660144969347277,79.06,1,38365.1310509113,1,1.41153842752558,3913
"Highly_Fatal_And_Damaging",14.5205479452055,17,8,63.6736554238833,0.556286332491886,80.02,4,44977.6137603199,3,0.0810705920997322,5867
"Significant_Damage_And_Serious_Injuries",48.3561643835616,11,0,79.8541476754786,0.358305805986296,88.47,6,831.69555342133,2,0.00120635874796911,7703
"Highly_Fatal_And_Damaging",15.8447488584475,17,3,88.0583409298086,0.279329967544176,78.23,1,38564.129227285,2,1.42675995572906,6394
"Minor_Damage_And_Injuries",47.9908675799087,11,1,56.1531449407475,0.556646952758745,87.34,6,44189.1782903536,1,0.0105196245590474,6732
"Significant_Damage_And_Serious_Injuries",42.6940639269406,12,6,76.0711030082042,0.305294626758024,81.27,5,24377.0453612042,1,0.0167089995452952,4983
"Minor_Damage_And_Injuries",38.4474885844749,17,3,59.2980856882407,0.439084745762712,79.56,2,32230.500067409,0,0.437152374319489,2203
"Highly_Fatal_And_Damaging",4.65753424657534,20,0,65.3144940747493,0.312507032095204,83.73,4,25287.0457895987,3,0.045618295027618,1815
"Significant_Damage_And_Fatalities",11.324200913242,18,4,56.1075660893346,0.338111071042192,79.71,4,47245.2344742998,3,0.0865963416873615,5961
"Highly_Fatal_And_Damaging",54.703196347032,12,1,40.2917046490429,0.59090587811035,79.35,2,44821.4006674425,4,0.605991662537284,12165
"Significant_Damage_And_Serious_Injuries",62.283105022831,13,5,54.7857793983592,0.476589253516048,75.9,7,48071.5632292328,3,0.0043835591564751,8432
"Significant_Damage_And_Fatalities",65.296803652968,13,16,70.4193254329991,0.394007212405337,78.51,2,9065.40417066948,2,0.11504654874931,754
"Significant_Damage_And_Fatalities",43.2420091324201,19,12,72.8805834092981,0.351814641182834,83.08,7,18487.7871773113,2,0.0015882474557445,6810
"Significant_Damage_And_Fatalities",78.675799086758,9,5,63.2634457611668,0.498947710061305,77.62,3,23340.3470114836,3,0.11615420110311,3932
"Significant_Damage_And_Serious_Injuries",47.5799086757991,11,10,70.1914311759344,0.391482870537324,79.77,6,26277.0351261399,2,0.00671581825621283,2797
"Highly_Fatal_And_Damaging",46.1187214611872,8,8,67.4111212397448,0.219827623512441,77.13,1,33848.1611167429,1,1.24220464545647,4647
"Significant_Damage_And_Serious_Injuries",32.0547945205479,15,3,62.0783956244303,0.344962856112513,81,2,48525.8603425376,2,0.653900333012144,3215
"Significant_Damage_And_Fatalities",82.7853881278539,7,21,82.1786690975388,0.199272268301479,84.83,6,42820.7213445713,2,0.0105196245590474,3137
"Significant_Damage_And_Serious_Injuries",52.4200913242009,16,3,53.7374658158614,0.491374684457266,76.79,7,26534.3553750206,4,0.00233885574327616,915
"Significant_Damage_And_Serious_Injuries",20.8675799086758,19,2,77.3473108477666,0.344602235845654,76.75,1,19621.8759483386,2,0.723355681550488,2709
"Highly_Fatal_And_Damaging",59.6803652968037,14,12,54.8313582497721,0.607855030652723,76.19,2,40421.4333902048,0,0.545562193337738,11349
"Highly_Fatal_And_Damaging",19.2237442922374,16,3,75.4785779398359,0.23821925712225,79.8,1,26701.689501,5,0.986401935491245,2042
"Significant_Damage_And_Serious_Injuries",45.2054794520548,11,16,72.2424794895169,0.493899026325279,77.59,6,43188.458698422,1,0.0105692095171719,11298
"Significant_Damage_And_Fatalities",76.8493150684932,9,16,63.5369188696445,0.321883159033537,82.14,5,26727.9540994319,0,0.0183988257543123,2121
"Significant_Damage_And_Fatalities",56.6666666666667,15,12,57.5205104831358,0.372009376126938,82,7,18487.7871773113,4,0.00177707607814731,6311
"Significant_Damage_And_Serious_Injuries",48.8127853881278,10,7,68.3226982680037,0.16284962134872,79.08,3,25093.1260664619,3,0.12399500240157,2676
"Minor_Damage_And_Injuries",60.365296803653,10,0,57.6572470373747,0.399055896141363,78.11,2,28929.7446693501,2,0.390799415182943,3690
"Minor_Damage_And_Injuries",22.9223744292237,23,4,67.9580674567001,0.386073566534439,79.58,4,12598.3641491423,0,0.0234445543728166,10023
"Significant_Damage_And_Serious_Injuries",52.9223744292237,9,3,73.3363719234275,0.434396682293545,85.72,4,26335.2237996347,2,0.0484619583526901,10989
"Significant_Damage_And_Fatalities",23.1050228310502,14,15,54.2844120328168,0.416005048683736,77.9,4,28798.0480891183,2,0.0541065660538752,12184
"Minor_Damage_And_Injuries",34.8401826484018,14,5,51.4129443938013,0.30313090515687,82.3,3,22539.7166897045,1,0.112198793945968,12001
"Highly_Fatal_And_Damaging",41.1415525114155,9,8,72.3792160437557,0.431151099891814,81.44,4,35683.7170907573,0,0.0650374206705968,8308
"Minor_Damage_And_Injuries",45.4794520547945,15,5,66.8641750227894,0.263823296069239,79.47,2,51474.8711787021,3,0.715453968554195,5003
"Significant_Damage_And_Fatalities",32.3744292237443,12,21,47.1741112123974,0.721450414713307,83.58,4,43803.4361082034,3,0.0800334853925099,1321
"Highly_Fatal_And_Damaging",27.8538812785388,13,3,67.2743846855059,0.327292463036423,79.06,4,35500.5630256623,3,0.0653181121306263,10441
"Significant_Damage_And_Serious_Injuries",37.5342465753425,14,4,63.6736554238833,0.320440677966102,78.09,4,24523.4215423173,2,0.0443042071804465,8059
"Minor_Damage_And_Injuries",33.013698630137,18,2,74.9316317228806,0.222351965380454,77.47,7,28852.4655752009,2,0.00279216318896713,2373
"Minor_Damage_And_Injuries",37.7625570776256,14,4,54.4667274384686,0.372009376126938,82.99,2,26172.1782344246,3,0.355282942083275,9034