"Severity","Safety_Score","Days_Since_Inspection","Total_Safety_Complaints","Control_Metric","Turbulence_In_gforces","Cabin_Temperature","Accident_Type_Code","Max_Elevation","Violations","Adverse_Weather_Metric","Accident_ID"
"Significant_Damage_And_Serious_Injuries",31.0502283105023,16,0,67.5934366453965,0.245071042192571,84.4,3,25170.3306255207,2,0.125717901664781,4716
"Highly_Fatal_And_Damaging",46.2557077625571,8,8,66.2260711030082,0.283296790479625,83.51,4,28222.6869817888,2,0.0522542716629988,675
"Significant_Damage_And_Serious_Injuries",45.8904109589041,11,4,82.9079307201459,0.317916336098088,83.12,6,29272.4724491861,3,0.00759477566107349,145
"Highly_Fatal_And_Damaging",38.8584474885845,17,9,52.7347310847767,0.433314821492968,83.43,2,28044.2954629533,1,0.381164849621306,10376
"Minor_Damage_And_Injuries",68.4018264840182,8,2,75.2962625341842,0.312867652362062,78.78,4,29157.1074392488,2,0.0531058897859763,2256
"Highly_Fatal_And_Damaging",30.6392694063927,12,3,49.4530537830446,0.526354850342589,77.68,1,31619.82941596,2,1.1631821282771,11385
"Highly_Fatal_And_Damaging",18.9497716894977,16,6,70.510483135825,0.296639740353408,79.49,4,48564.9283269619,3,0.0875748190988981,10893
"Minor_Damage_And_Injuries",54.8401826484018,12,1,82.3154056517776,0.40374395961053,76.95,2,19525.85738177,2,0.256113629626921,2258
"Significant_Damage_And_Fatalities",32.8310502283105,12,0,49.5442114858706,0.478392354850342,78.16,1,38579.3859434729,2,1.41925629416222,3309
"Significant_Damage_And_Fatalities",59.4520547945205,14,9,74.61257976299,0.337029210241615,79.39,7,37463.8157763509,4,0.00357848584648968,3357
"Significant_Damage_And_Fatalities",77.9908675799087,8,0,70.8295350957156,0.246513523260007,77.09,7,33693.9126926562,0,0.0029602454265384,10849
"Highly_Fatal_And_Damaging",49.5890410958904,7,0,73.746581586144,0.357945185719437,78.91,1,26622.2917360185,2,0.978454626515347,4306
"Significant_Damage_And_Fatalities",74.2009132420091,10,0,65.9070191431176,0.335586729174179,75.27,7,31282.0377767493,2,0.00277618537959387,5977
"Highly_Fatal_And_Damaging",55.2511415525114,12,9,48.7237921604376,0.610018752253877,78.46,2,29673.4596655361,3,0.400809768574997,2165
"Highly_Fatal_And_Damaging",68.4018264840182,8,4,54.2844120328168,0.590184637576631,77.3,2,30536.5363889344,4,0.408642256373192,7906
"Highly_Fatal_And_Damaging",49.7260273972603,7,0,72.971741112124,0.404465200144248,78.27,4,45730.9775003782,1,0.083610549525106,4102
"Significant_Damage_And_Fatalities",63.1963470319635,13,3,58.7511394712853,0.388237288135593,76.26,7,27034.8776966234,2,0.00248377555471595,6701
"Significant_Damage_And_Serious_Injuries",41.8264840182648,12,15,62.0783956244303,0.322965019834114,78.01,4,38835.975037127,2,0.0705271027139023,9793
"Significant_Damage_And_Fatalities",48.5388127853881,17,0,64.9042844120328,0.354699603317706,77.41,3,34758.9344410775,3,0.172539381894356,5013
"Highly_Fatal_And_Damaging",9.49771689497717,18,20,64.3117593436645,0.40374395961053,78.96,4,34956.4722310962,4,0.0641501985769842,7524
"Highly_Fatal_And_Damaging",24.8858447488584,14,5,72.0145852324522,0.331980526505589,78.52,1,16868.7507825344,2,0.65511014674204,1150
"Highly_Fatal_And_Damaging",35.296803652968,11,1,62.5797629899727,0.37128813559322,82.12,3,21200.8828158285,2,0.106394034490747,1051
"Minor_Damage_And_Injuries",63.6529680365297,10,2,63.5824977210575,0.225236927515326,80.41,2,26020.7634174777,4,0.352422365698257,3338
"Significant_Damage_And_Serious_Injuries",43.972602739726,12,10,72.7894257064722,0.326931842769563,80.03,3,17443.6548671994,2,0.0864037374633995,4498
"Minor_Damage_And_Injuries",50.2739726027397,10,1,50.3190519598906,0.411316985214569,79.62,3,29213.8409826863,2,0.145406245169267,9966
"Significant_Damage_And_Serious_Injuries",80.958904109589,8,20,56.1987237921604,0.475868012982329,79.26,7,39867.4739975014,2,0.0035783671851997,5807
"Significant_Damage_And_Serious_Injuries",33.2420091324201,15,2,66.7274384685506,0.527076090876307,79.92,3,30175.0468331215,2,0.151460169601184,7897
"Minor_Damage_And_Injuries",30.5022831050228,19,3,47.0373746581586,0.491014064190407,78.72,3,43627.7949755618,2,0.214762760356308,12460
"Highly_Fatal_And_Damaging",13.7442922374429,17,3,71.6043755697357,0.290148575549946,75.55,4,27801.6840675044,2,0.0508812298099397,8140
"Minor_Damage_And_Injuries",38.4474885844749,17,23,67.6390154968095,0.255529029931482,80.04,7,33405.1525639135,1,0.00300048526359377,10030
"Significant_Damage_And_Serious_Injuries",16.4840182648402,20,2,59.6171376481313,0.518421204471691,85.07,6,12598.3641491423,3,0.00339293712236319,10958
"Significant_Damage_And_Serious_Injuries",69.5433789954338,8,2,45.3965360072927,0.699813198701766,79.66,4,26661.0134029026,3,0.0488280924393362,6736
"Significant_Damage_And_Fatalities",53.7442922374429,16,6,58.5232452142206,0.414923187883159,79.37,7,30627.0238895253,3,0.00262015319341011,417
"Highly_Fatal_And_Damaging",49.9086757990868,13,7,46.9006381039198,0.484522899386945,76.59,5,4866.79854212583,1,0.00565999846684,5863
"Minor_Damage_And_Injuries",51.7351598173516,10,4,39.8814949863264,0.645359538406058,78.39,3,32986.7833036824,2,0.163023626452417,1146
"Significant_Damage_And_Serious_Injuries",43.607305936073,12,1,59.2069279854148,0.430429859358096,82.13,6,18311.1920618673,3,0.00443320081094456,1061
"Significant_Damage_And_Serious_Injuries",53.7442922374429,9,2,58.0218778486782,0.312146411828345,80.71,3,45969.4526879013,3,0.227648144184234,11100
"Minor_Damage_And_Injuries",37.3059360730594,14,2,55.2415679124886,0.502914532996754,77.04,4,29541.1841118771,1,0.0536168001945233,932
"Minor_Damage_And_Injuries",48.310502283105,11,9,54.7402005469462,0.410235124413992,76.09,3,27222.8941270034,3,0.134611369951369,2888
"Highly_Fatal_And_Damaging",48.8127853881278,7,3,79.8997265268915,0.203960331770645,79.91,4,26382.3885430806,3,0.0486700861808518,10013
"Highly_Fatal_And_Damaging",30.1826484018265,12,10,74.9316317228806,0.245071042192571,79.45,6,30077.4161879637,3,0.00718264021283833,6152
"Minor_Damage_And_Injuries",61.324200913242,10,1,64.4940747493163,0.336668589974756,76.86,5,34274.994375982,2,0.0237990658424012,11919
"Minor_Damage_And_Injuries",38.4474885844749,17,5,66.4995442114859,0.287263613415074,77.65,4,40973.9095182754,0,0.0751284641453142,12217
"Minor_Damage_And_Injuries",22.9223744292237,23,7,67.9580674567001,0.377418680129823,82.91,4,33735.8631764138,1,0.0619950696061957,3256
"Highly_Fatal_And_Damaging",50.3196347031963,13,0,43.0720145852325,0.735153984853949,78.4,5,23381.5905153679,2,0.0160590028237088,39
"Significant_Damage_And_Fatalities",38.8584474885845,10,12,51.8231540565178,0.540058420483231,82.2,4,37882.5272097875,1,0.0693587686375482,11392
"Highly_Fatal_And_Damaging",55.4337899543379,12,1,55.5150410209663,0.491374684457266,78.34,2,42084.5562508718,3,0.569552534009889,1720
"Highly_Fatal_And_Damaging",27.1232876712329,13,1,72.0145852324522,0.462525063108547,81.37,4,32075.9990567699,2,0.0593813308679131,6542
"Significant_Damage_And_Serious_Injuries",41.2785388127854,13,8,71.9690063810392,0.31358889289578,77.86,5,23733.486318278,0,0.0151268704731323,3235
"Significant_Damage_And_Serious_Injuries",17.8995433789954,20,8,67.0920692798541,0.469737468445727,79.59,3,33107.0646128733,4,0.166305014653227,9376
"Highly_Fatal_And_Damaging",20.4566210045662,15,2,68.1403828623519,0.280411828344753,78.16,4,38472.6989638762,4,0.0701068078993242,8714
"Highly_Fatal_And_Damaging",46.4840182648402,14,19,40.3372835004558,0.63742589253516,76.77,2,42041.4474613388,2,0.571030413951605,4923
"Significant_Damage_And_Serious_Injuries",40.365296803653,13,0,51.8231540565178,0.494620266858997,78.22,4,32243.5526097867,3,0.0586688995339389,9909
"Minor_Damage_And_Injuries",39.2237442922374,17,7,74.9316317228806,0.361551388388027,76.96,7,22231.9110606015,3,0.00180026227255609,5938
"Significant_Damage_And_Fatalities",28.4018264840183,13,8,46.718322698268,0.491014064190407,78.32,3,30281.730328791,2,0.151103535537813,3652
"Highly_Fatal_And_Damaging",28.7214611872146,13,1,62.6709206927985,0.443772809231878,82.72,1,24605.471319083,1,0.894409699247168,3524
"Minor_Damage_And_Injuries",54.0182648401826,12,7,75.2506836827712,0.288345474215651,77.03,5,43907.2002460851,2,0.0297081807839066,6447
"Significant_Damage_And_Serious_Injuries",59.8173515981735,7,14,51.0027347310848,0.768691669671836,77.55,4,39152.9933728058,2,0.0714750024770554,2226
"Minor_Damage_And_Injuries",50.7305936073059,13,0,69.1431175934367,0.335947349441038,81.37,2,45878.8795912215,4,0.628574319565372,5059
"Significant_Damage_And_Fatalities",28.9041095890411,13,0,45.6700091157703,0.491014064190407,77.69,1,37034.4056430355,3,1.35005026474898,8712
"Highly_Fatal_And_Damaging",38.4931506849315,17,13,52.4156791248861,0.461803822574828,79.39,1,21865.1119571099,2,0.799697655984931,3237
"Minor_Damage_And_Injuries",52.9223744292237,9,6,51.5041020966272,0.488850342589253,79.33,6,12660.9802816625,1,0.00388928467489573,2296
"Significant_Damage_And_Serious_Injuries",54.5205479452055,9,5,61.485870556062,0.33883231157591,77.17,6,26915.0922973571,2,0.00652784933163401,12331
"Significant_Damage_And_Serious_Injuries",16.6666666666667,20,20,67.6390154968095,0.449903353768481,77.3,3,30360.3969405546,3,0.151103535537813,4071
"Highly_Fatal_And_Damaging",29.7260273972603,12,4,79.535095715588,0.267429498737829,77,6,31758.9281763219,3,0.00811696041887652,961
"Significant_Damage_And_Serious_Injuries",19.3607305936073,19,0,59.9817684594348,0.294476018752254,79.07,3,26116.1340059494,2,0.129039751153255,641
"Highly_Fatal_And_Damaging",32.4200913242009,12,8,70.8295350957156,0.331980526505589,78.08,4,39140.6113678675,1,0.0717190222705393,7011
"Highly_Fatal_And_Damaging",41.0958904109589,16,8,55.1048313582498,0.307097728092319,80.95,2,40987.1094313103,4,0.553503805823988,2434
"Significant_Damage_And_Serious_Injuries",38.0365296803653,14,4,72.151321786691,0.314310133429499,78.3,6,29519.010231283,2,0.00715823864903642,8945
"Highly_Fatal_And_Damaging",36.3926940639269,11,1,79.3527803099362,0.275723764875586,81.25,7,46445.7090961569,2,0.00396774697494711,8148
"Minor_Damage_And_Injuries",55.3424657534247,12,2,82.3154056517776,0.316113234763794,84.46,3,33268.4518194129,2,0.164695836955928,12392
"Significant_Damage_And_Serious_Injuries",62.7853881278539,6,5,80.0820419325433,0.413120086548864,78.44,2,23026.6296640072,2,0.315041983474647,6704
"Minor_Damage_And_Injuries",55.4337899543379,8,0,48.5870556061987,0.404104579877389,82.08,4,40296.8160759999,2,0.0744920387271988,712
"Minor_Damage_And_Injuries",46.6666666666667,14,4,78.4412032816773,0.386434186801298,76.89,2,31290.8093282879,3,0.423848265485375,2808
"Significant_Damage_And_Serious_Injuries",32.5570776255708,15,1,64.7219690063811,0.438724125495853,77.63,4,30685.6982213411,2,0.0552675261246095,8079
"Significant_Damage_And_Serious_Injuries",47.2146118721461,11,1,78.0765724703738,0.394728452939055,88.67,6,31869.3979705955,2,0.00787225123456485,6256
"Significant_Damage_And_Serious_Injuries",60.4566210045662,7,20,67.4567000911577,0.276084385142445,84.03,7,32555.6438294962,1,0.00313473818084455,4672
"Significant_Damage_And_Serious_Injuries",55.0684931506849,9,5,62.5341841385597,0.343159754778218,82.32,7,42528.1341777868,2,0.00401669100153598,6009
"Highly_Fatal_And_Damaging",29.4063926940639,13,0,64.8131267092069,0.306376487558601,76.04,4,43870.357040907,1,0.0801631199888322,2178
"Minor_Damage_And_Injuries",41.9178082191781,13,8,54.9680948040109,0.362633249188604,81.17,3,32346.154299063,2,0.159940823845838,5304
"Highly_Fatal_And_Damaging",23.1050228310502,14,14,50.2278942570647,0.411316985214569,76.86,7,45290.8914732731,2,0.00391332884816276,4206
"Significant_Damage_And_Fatalities",58.7671232876712,14,6,69.4165907019143,0.2923122971511,77.89,7,27295.816524348,2,0.00212425758602582,2247
"Significant_Damage_And_Fatalities",29.2694063926941,13,5,49.6809480401094,0.368403173458348,81.23,2,37572.3349371428,2,0.508617991345571,12207
"Minor_Damage_And_Injuries",36.2100456621005,17,2,66.1804922515953,0.50796321673278,81.42,2,48525.8603425376,2,0.653318296764309,1859
"Minor_Damage_And_Injuries",20.4109589041096,19,3,38.9243391066545,0.556646952758745,88.01,7,33289.1776385925,2,0.00334276282740212,4838
"Significant_Damage_And_Serious_Injuries",70,11,3,53.7374658158614,0.496423368193292,83.27,7,26661.0134029026,3,0.00230284346998378,4368
"Significant_Damage_And_Serious_Injuries",76.1187214611872,9,6,46.6271649954421,0.453509556437072,87.08,7,46713.1308762299,3,0.00425746099303233,3213
"Highly_Fatal_And_Damaging",24.8401826484018,14,22,74.3391066545123,0.300606563288856,80.55,7,28855.4186664743,1,0.00266818024046381,5791
"Minor_Damage_And_Injuries",33.6986301369863,15,13,48.5870556061987,0.407710782545979,81.18,3,29784.7464710627,2,0.147509964610866,11548
"Significant_Damage_And_Fatalities",70.3196347031963,11,11,64.8131267092069,0.32116191849982,81.49,7,33111.5733657375,1,0.00307677052811736,12129
"Minor_Damage_And_Injuries",43.2420091324201,15,0,64.4940747493163,0.265265777136675,85.88,2,17006.4611648321,1,0.225648056800934,2172
"Highly_Fatal_And_Damaging",20.958904109589,15,9,88.2406563354604,0.226679408582762,79.32,3,46043.9858100506,1,0.227829389177973,9679
"Significant_Damage_And_Serious_Injuries",62.7853881278539,6,4,80.0820419325433,0.305294626758024,78.47,5,36295.1033532213,2,0.0251101485805745,124
"Highly_Fatal_And_Damaging",30,22,2,53.2360984503191,0.385352326000721,76.64,2,42152.5021440486,2,0.571030413951605,12182
"Significant_Damage_And_Fatalities",46.6666666666667,18,0,52.7803099361896,0.467573746844573,78.09,4,48814.0867809123,2,0.0895323319881988,11744
"Significant_Damage_And_Fatalities",20.365296803653,15,1,56.7456700091158,0.710992426974395,79.66,4,36223.3118951033,4,0.0662403467628042,5556
"Highly_Fatal_And_Damaging",45.1598173515982,8,1,74.5214220601641,0.339192931842769,79.08,4,34971.7377869548,3,0.0637233304662383,2820
"Highly_Fatal_And_Damaging",70,8,1,55.6973564266181,0.546910205553552,83.42,2,20482.4787022466,3,0.275778719141191,11984
"Significant_Damage_And_Serious_Injuries",38.8127853881278,13,8,70.4193254329991,0.205402812838081,80.67,4,38426.2043855865,1,0.0702223823810804,666
"Minor_Damage_And_Injuries",60.1826484018265,7,28,38.1494986326345,0.759315542733501,86.52,2,24285.8919300678,3,0.325277767406605,5106
"Minor_Damage_And_Injuries",52.7397260273972,13,0,68.1403828623519,0.276084385142445,82.14,7,56326.3502441608,2,0.0043835591564751,9876
"Significant_Damage_And_Serious_Injuries",45.7077625570776,11,9,68.5050136736554,0.417447529751172,76.13,1,27179.8728762575,2,0.998432424921525,11891
"Minor_Damage_And_Injuries",55.5707762557078,12,14,63.947128532361,0.448100252434187,79.3,5,38068.0704053001,1,0.025793731905657,4674
"Significant_Damage_And_Fatalities",24.8858447488584,14,17,53.1905195989061,0.479474215650919,76.58,7,36010.8964759583,2,0.0031758860473211,4264
"Highly_Fatal_And_Damaging",15.0684931506849,17,10,61.2579762989973,0.242907320591417,79.17,7,32516.6697365042,2,0.00303519281585387,12288
"Minor_Damage_And_Injuries",64.1552511415525,9,9,86.2351868732908,0.351093400649116,83.19,7,42910.6380157239,1,0.00387399716209289,12245
"Highly_Fatal_And_Damaging",18.7214611872146,16,7,70.510483135825,0.279690587811035,79.49,7,51368.4599354622,4,0.0044289702451501,3295
"Highly_Fatal_And_Damaging",4.79452054794521,20,13,64.7219690063811,0.419611251352326,83.01,7,33327.0688920364,1,0.00314344715318344,8869
"Significant_Damage_And_Serious_Injuries",45.296803652968,11,2,58.6144029170465,0.256610890732059,78.43,3,11360.5979176227,2,0.0540905537896018,6007
"Minor_Damage_And_Injuries",45.5251141552511,11,35,55.7885141294439,0.438002884962135,81.89,6,21422.786802028,4,0.00520288981336876,2089
"Highly_Fatal_And_Damaging",37.9452054794521,10,1,80.6289881494986,0.233531193653083,79.71,4,38579.0666059346,2,0.0707649496204491,3681
"Significant_Damage_And_Serious_Injuries",23.6529680365297,18,7,80.4466727438469,0.31358889289578,79.98,6,55177.5258411715,1,0.0149350181100928,5996
"Highly_Fatal_And_Damaging",16.1643835616438,17,12,84.2752962625342,0.306737107825459,81.29,4,46609.6705605493,1,0.0845834601765373,7144
"Minor_Damage_And_Injuries",45.9360730593607,15,0,58.158614402917,0.414201947349441,77.35,4,48525.1107104034,1,0.0878167347391541,2234
"Highly_Fatal_And_Damaging",55.662100456621,12,4,51.5496809480401,0.380303642264695,80.13,7,28392.9148036082,3,0.00288440827898333,4075
"Significant_Damage_And_Fatalities",71.2785388127854,11,17,62.7620783956244,0.47190119004688,76.09,6,38068.0704053001,1,0.00994702906462167,7742
"Significant_Damage_And_Serious_Injuries",45.7534246575342,11,24,72.2880583409298,0.316473855030653,81.9,6,31828.8037465756,2,0.00798497690871684,12450
"Significant_Damage_And_Serious_Injuries",15.7534246575342,19,23,59.3892433910666,0.300606563288856,79.05,6,31549.4473445581,1,0.00778343526307136,5450
"Significant_Damage_And_Serious_Injuries",33.3333333333333,15,2,63.9015496809481,0.502553912729895,79.46,2,27448.2763828229,1,0.374260049523089,4526
"Highly_Fatal_And_Damaging",18.1278538812785,16,5,62.8988149498633,0.491374684457266,77.42,4,52319.1662876134,2,0.0934916459227156,11445
"Significant_Damage_And_Serious_Injuries",33.2420091324201,15,2,63.9015496809481,0.377418680129823,79.39,6,32275.9088048593,1,0.00799498513404794,11635
"Significant_Damage_And_Serious_Injuries",41.1415525114155,12,3,89.9726526891523,0.300606563288856,83.38,3,39455.0809877443,4,0.197841727574669,3572
"Minor_Damage_And_Injuries",47.0319634703196,14,31,79.0337283500456,0.448821492967904,83.75,2,25265.936551665,1,0.339886381510903,10745
"Highly_Fatal_And_Damaging",30.3196347031963,13,10,70.6927985414767,0.302409664623152,77.38,4,48080.1177543947,2,0.0884973764056748,10874
"Significant_Damage_And_Fatalities",55.4337899543379,16,33,60.7566089334549,0.448460872701046,80.29,7,14736.0329751579,3,0.00112346443655095,5196
"Minor_Damage_And_Injuries",20.958904109589,19,30,29.4439380127621,0.771576631806707,81.82,5,41252.4825213943,3,0.0275787066326595,1844
"Highly_Fatal_And_Damaging",23.7899543378995,14,13,65.9981768459435,0.236776776054814,84.51,3,29492.566397426,3,0.1464108501454,6687
"Significant_Damage_And_Fatalities",27.5799086757991,13,2,32.4521422060164,0.584775333573747,79.22,7,37852.9381954139,1,0.00361736169989073,12130
"Significant_Damage_And_Fatalities",19.4063926940639,15,10,57.0191431175934,0.373451857194374,80.13,2,55535.5164400847,1,0.741478293159132,3296
"Minor_Damage_And_Injuries",76.62100456621,6,0,63.9015496809481,0.297360980887126,76.28,7,33080.0431427359,4,0.00302333820384763,5237
"Significant_Damage_And_Serious_Injuries",34.4292237442922,15,1,62.3518687329079,0.382467363865849,81.09,5,35559.4849713687,3,0.0245030952312339,5338
"Significant_Damage_And_Serious_Injuries",33.2420091324201,15,2,63.9015496809481,0.417808150018031,79.8,3,41851.1444604899,3,0.206703228979556,5153
"Minor_Damage_And_Injuries",39.3607305936073,17,4,67.4111212397448,0.37489433826181,80.96,2,38934.8959159034,2,0.529397252616345,7555
"Highly_Fatal_And_Damaging",27.1232876712329,13,2,74.7948951686418,0.451345834835918,77.57,4,27009.5953686171,1,0.0488280924393362,10378
"Minor_Damage_And_Injuries",64.5662100456621,9,11,72.2424794895169,0.368403173458348,82.11,7,28566.6330064354,1,0.00271660416896328,10498
"Minor_Damage_And_Injuries",32.648401826484,15,0,56.1987237921604,0.345684096646231,81.05,4,34458.2967165505,4,0.0631021341380053,8500
"Highly_Fatal_And_Damaging",16.3013698630137,16,17,59.1613491340018,0.298803461954562,79.66,3,26116.1340059494,3,0.129039751153255,10888
"Minor_Damage_And_Injuries",52.5114155251141,9,14,54.7402005469462,0.43619978362784,77.08,3,20375.8154327724,1,0.101597940187577,8227
"Significant_Damage_And_Serious_Injuries",62.5114155251141,6,5,73.0173199635369,0.341717273710782,82.19,3,42230.9202409014,0,0.209524889907619,10056
"Significant_Damage_And_Serious_Injuries",55.3424657534247,8,10,66.2716499544212,0.346405337179949,80.23,6,37378.440261456,0,0.0092353588658826,235
"Highly_Fatal_And_Damaging",4.65753424657534,20,0,60.0273473108478,0.28149368914533,87.11,4,26492.3892543085,2,0.0482410618460628,11262
"Minor_Damage_And_Injuries",52.5114155251141,13,7,85.0957155879672,0.260217093400649,77.22,2,40311.896520282,2,0.545562193337738,10961
"Significant_Damage_And_Serious_Injuries",31.0958904109589,16,1,86.9644484958979,0.240382978723404,76.8,3,29575.3516590254,3,0.147077299443035,90
"Minor_Damage_And_Injuries",54.5205479452055,9,4,53.6463081130356,0.234252434186801,83.6,6,31187.3406270671,0,0.00797271379377732,1778
"Significant_Damage_And_Fatalities",56.1187214611872,15,4,61.6226071103008,0.656538766678687,79.09,3,14274.0590139556,2,0.0751392310460593,7788
"Significant_Damage_And_Fatalities",37.5799086757991,11,2,48.2224247948952,0.695485755499459,83.44,1,36463.5453790652,1,1.32920921097437,5689
"Minor_Damage_And_Injuries",43.9269406392694,15,0,86.7821330902461,0.286542372881356,77.3,6,33027.7395917952,1,0.00769856124910328,10761
"Highly_Fatal_And_Damaging",24.7945205479452,14,1,63.9927073837739,0.262741435268662,84.15,4,35260.1353651899,1,0.0645364140643536,2146
"Significant_Damage_And_Serious_Injuries",18.7214611872146,19,12,60.0273473108478,0.407710782545979,77.44,2,38033.854208112,3,0.515851431914473,4328
"Minor_Damage_And_Injuries",32.5570776255708,15,1,48.6326344576117,0.407710782545979,80.59,1,17712.9698025224,2,0.651623743243857,1761
"Significant_Damage_And_Fatalities",75.2054794520548,9,4,78.669097538742,0.245792282726289,79.88,1,26150.1797214222,1,0.957561433696264,11868
"Highly_Fatal_And_Damaging",24.7488584474886,14,10,70.9206927985415,0.347126577713667,79.17,7,16360.9637668824,3,0.00145523988109246,8752
"Highly_Fatal_And_Damaging",28.8584474885845,13,12,62.2607110300821,0.375615578795528,80.53,3,33101.085724826,2,0.165002363929807,8984
"Highly_Fatal_And_Damaging",26.3470319634703,14,2,68.7784867821331,0.413480706815723,82.07,1,22087.4860136636,3,0.812553201158861,2128
"Significant_Damage_And_Serious_Injuries",42.8767123287671,12,3,76.9826800364631,0.336668589974756,80.43,3,30105.4742768141,3,0.149511410661996,8425
"Highly_Fatal_And_Damaging",13.7899543378995,17,5,67.7757520510483,0.2061240533718,77.29,4,29368.5496527533,2,0.0537163727417456,4939
"Significant_Damage_And_Fatalities",72.1461187214612,10,2,64.4029170464904,0.32080129823296,88.62,4,38007.5339374526,3,0.0692261856242846,5147
"Significant_Damage_And_Fatalities",14.4748858447489,17,1,50.6381039197812,0.47911359538406,78.13,4,35901.4803701807,5,0.0660394623674445,10128
"Significant_Damage_And_Serious_Injuries",52.4200913242009,6,4,60.6198723792161,0.548352686620988,77.55,6,22574.0033588352,3,0.00566656035545686,7592
"Highly_Fatal_And_Damaging",11.5981735159817,18,3,89.6080218778487,0.219827623512441,77.63,1,36409.5677758811,1,1.32312428555113,8196
"Significant_Damage_And_Serious_Injuries",53.7442922374429,9,17,88.4685505925251,0.304573386224305,81.1,6,24101.1426632183,4,0.00637514230471722,11831
"Minor_Damage_And_Injuries",43.3333333333333,15,2,58.3865086599818,0.424659935088352,76.78,2,31569.345624792,0,0.42760965194734,4221
"Minor_Damage_And_Injuries",63.3333333333333,9,5,62.1239744758432,0.38210674359899,77.17,2,28985.2581153397,3,0.392070357608833,3538
"Highly_Fatal_And_Damaging",34.3835616438356,11,7,57.5205104831358,0.328734944103858,78.46,4,36519.0777277767,2,0.0659869669203887,4632
"Significant_Damage_And_Serious_Injuries",24.1552511415525,18,5,59.6171376481313,0.47190119004688,79.09,1,37225.9862790392,0,1.37940962208732,8625
"Significant_Damage_And_Serious_Injuries",46.1187214611872,11,15,63.9015496809481,0.245792282726289,78.54,3,32094.8041801564,3,0.159696995800694,2249
"Significant_Damage_And_Serious_Injuries",37.0776255707762,14,6,66.6362807657247,0.246513523260007,81.34,6,36191.0322150455,2,0.00855903849696709,5287
"Highly_Fatal_And_Damaging",19.2237442922374,16,0,74.2479489516864,0.428626758023801,82.12,4,24820.1673697463,1,0.0452453456509353,2631
"Significant_Damage_And_Serious_Injuries",57.1232876712329,8,19,73.0173199635369,0.341717273710782,79.26,6,44143.7353048618,0,0.0105252032379729,8465
"Significant_Damage_And_Serious_Injuries",87.4885844748858,5,1,49.6353691886965,0.543664623151821,82.64,7,37386.7912712908,3,0.00362883820388502,2521
"Minor_Damage_And_Injuries",50.5936073059361,13,13,65.2689152233364,0.438002884962135,82.15,2,31967.8246223586,2,0.431319179708053,1823
"Significant_Damage_And_Serious_Injuries",32.0547945205479,15,3,62.0783956244303,0.368763793725207,81,6,33651.5805229688,2,0.00914632811267066,12421
"Highly_Fatal_And_Damaging",27.7168949771689,13,13,77.4384685505925,0.4145625676163,88.74,4,34859.8063971959,0,0.0640529720617364,2571
"Minor_Damage_And_Injuries",44.337899543379,15,19,69.4621695533273,0.440887847097007,76.98,2,40116.9830129984,2,0.542094435555297,7020
"Significant_Damage_And_Serious_Injuries",36.6666666666667,14,22,71.2397447584321,0.38571294626758,81.85,1,39396.116621502,3,1.43817383028133,4668
"Significant_Damage_And_Serious_Injuries",38.310502283105,13,2,58.7055606198724,0.312507032095204,81.92,3,13949.2541692102,1,0.0653943422597568,12261
"Significant_Damage_And_Serious_Injuries",29.0867579908676,16,3,64.9498632634458,0.439084745762712,81.76,6,34255.7043624546,1,0.00832357668308559,9416
"Highly_Fatal_And_Damaging",33.7442922374429,12,14,61.485870556062,0.469376848178867,78.42,1,33302.6143992798,3,1.22513471747551,10579
"Highly_Fatal_And_Damaging",25.6164383561644,14,15,68.5050136736554,0.388237288135593,80.23,4,38271.1876810546,0,0.0707077552095908,11084
"Highly_Fatal_And_Damaging",40.8219178082192,16,4,55.8796718322698,0.286902993148215,81.62,4,40894.8662671731,2,0.0755380401037781,575
"Minor_Damage_And_Injuries",38.6301369863014,13,1,47.2196900638104,0.416005048683736,80.13,2,41045.6940016465,2,0.554227832031061,2855
"Significant_Damage_And_Serious_Injuries",44.9315068493151,11,6,72.5615314494075,0.422135593220339,79.93,3,32803.7517033394,1,0.162966110820739,2947
"Minor_Damage_And_Injuries",50.5022831050228,13,13,71.0574293527803,0.297000360620267,86.43,5,24211.3595104184,3,0.017715210491538,9278
"Significant_Damage_And_Serious_Injuries",38.5844748858447,13,11,62.0783956244303,0.439445366029571,81.43,6,42190.154354331,3,0.00929279544814513,9402
"Highly_Fatal_And_Damaging",29.2694063926941,13,4,74.3391066545123,0.215500180310133,86.57,4,28432.1696978827,1,0.0522542716629988,1277
"Minor_Damage_And_Injuries",43.3333333333333,15,15,60.5287146763902,0.516978723404255,81.71,5,38518.2859294847,4,0.0259554503953166,3339
"Significant_Damage_And_Fatalities",30.1369863013699,12,2,32.4521422060164,0.584054093040028,79.22,7,49288.6355066503,1,0.00469611599491054,11736
"Minor_Damage_And_Injuries",60.1369863013699,10,6,58.6144029170465,0.370927515326361,75.7,2,28904.6970099578,1,0.392319835029806,9233