"Severity","Safety_Score","Days_Since_Inspection","Total_Safety_Complaints","Control_Metric","Turbulence_In_gforces","Cabin_Temperature","Accident_Type_Code","Max_Elevation","Violations","Adverse_Weather_Metric","Accident_ID"
"Highly_Fatal_And_Damaging",42.8310502283105,9,1,59.7994530537831,0.366960692390912,87.08,4,31228.5093177424,3,0.0568993839144786,7560
"Significant_Damage_And_Serious_Injuries",45.5707762557078,11,1,62.7164995442115,0.425020555355211,79.32,6,27915.0920013095,1,0.00668708180660719,1053
"Highly_Fatal_And_Damaging",36.986301369863,11,9,62.2607110300821,0.437281644428417,82.72,2,29839.6300435405,2,0.401586606844553,1396
"Highly_Fatal_And_Damaging",42.3287671232877,9,3,81.7228805834093,0.29555787955283,79.51,4,20238.6378843825,2,0.037029030621957,2714
"Minor_Damage_And_Injuries",61.4611872146119,10,1,87.693710118505,0.17366822935449,80.55,2,36962.1315429362,2,0.499785374764303,2759
"Significant_Damage_And_Fatalities",67.1232876712329,12,3,60.2552415679125,0.306376487558601,78.97,7,28153.6835624095,2,0.00291877179851606,6495
"Significant_Damage_And_Serious_Injuries",45.296803652968,11,2,58.6144029170465,0.46829498737829,79.29,7,29646.1499330135,1,0.00280722767312088,10226
"Highly_Fatal_And_Damaging",33.7899543378995,11,0,89.6080218778487,0.270314460872701,79.83,1,28568.1625189766,1,1.04840753620722,6457
"Highly_Fatal_And_Damaging",28.7671232876712,13,2,67.0920692798541,0.306015867291742,81.26,5,15436.0409904283,2,0.0108072656643546,6117
"Significant_Damage_And_Serious_Injuries",35.7077625570776,14,5,65.8614402917047,0.247595384060584,82.01,6,26880.3421862433,2,0.00677907589075401,5572
"Minor_Damage_And_Injuries",43.013698630137,16,9,67.6845943482224,0.344602235845654,82.46,2,43094.6610782697,3,0.58586663876643,5880
"Minor_Damage_And_Injuries",51.2785388127854,13,13,62.2151321786691,0.343520375045078,82.56,2,46608.2720139824,2,0.637297326574672,10177
"Minor_Damage_And_Injuries",69.3607305936073,8,4,75.38742023701,0.354699603317706,76.28,2,31396.9500820815,2,0.427712027840683,10127
"Highly_Fatal_And_Damaging",17.9908675799087,16,7,62.0783956244303,0.494980887125856,81.18,4,19618.548566256,3,0.0356172029643824,4734
"Significant_Damage_And_Serious_Injuries",45.7534246575342,11,29,72.0145852324522,0.318637576631806,79.25,6,44036.8146613431,2,0.0111252879892656,621
"Significant_Damage_And_Fatalities",39.7260273972603,10,6,50.1823154056518,0.483801658853228,77.95,4,35110.9406963034,3,0.0645538417877223,10701
"Significant_Damage_And_Fatalities",34.337899543379,11,0,55.2871467639016,0.471540569780022,84.42,4,20793.4139066819,4,0.0375914964961934,2143
"Highly_Fatal_And_Damaging",38.0821917808219,10,4,74.1567912488605,0.40013775694194,78.65,4,27093.0972739741,2,0.0503793565096615,12021
"Highly_Fatal_And_Damaging",26.9406392694064,13,5,86.7821330902461,0.317916336098088,78.49,1,23796.4711374361,3,0.865874195142831,1926
"Minor_Damage_And_Injuries",57.6712328767123,11,11,83.9106654512306,0.294476018752254,81.35,7,39378.2838891518,2,0.00349390200818882,8281
"Significant_Damage_And_Serious_Injuries",35.4794520547945,14,0,79.1704649042844,0.275723764875586,87.62,7,36269.6801583076,1,0.00329233679584091,1539
"Highly_Fatal_And_Damaging",27.0776255707763,13,1,55.6061987237922,0.506520735665344,78.29,1,28411.223198046,1,1.03274750346758,4989
"Minor_Damage_And_Injuries",70.5022831050228,7,3,84.0018231540565,0.18809304002885,80.24,2,23758.0297826798,4,0.321537842277719,4860
"Significant_Damage_And_Serious_Injuries",41.1415525114155,12,0,65.9525979945305,0.423938694554634,86.74,6,24421.6576824513,1,0.0064098498207914,2251
"Significant_Damage_And_Fatalities",63.8356164383562,13,0,70.6472196900638,0.453509556437072,79.05,1,42821.5144490704,3,1.56365104590688,2265
"Highly_Fatal_And_Damaging",32.1004566210046,12,14,85.5970829535096,0.255529029931482,79.45,4,37558.9268302818,1,0.0684797739185114,9685
"Minor_Damage_And_Injuries",49.7260273972603,10,1,53.9197812215132,0.432232960692391,75.98,6,32942.2109489692,3,0.00784573077331035,5793
"Highly_Fatal_And_Damaging",58.1278538812785,11,5,49.4986326344576,0.456755138838803,81.63,2,38406.931881458,2,0.519476795282433,9826
"Minor_Damage_And_Injuries",52.7397260273972,9,14,54.7402005469462,0.474786152181753,77.08,3,29542.2935498954,1,0.147082418871215,11901
"Significant_Damage_And_Serious_Injuries",57.4885844748858,8,19,64.9954421148587,0.334865488640461,79.26,7,30933.8277395381,2,0.00260608261095233,9056
"Significant_Damage_And_Fatalities",72.0091324200913,10,3,84.8678213309025,0.298442841687703,78.64,2,42961.728774049,1,0.581725542959453,7311
"Minor_Damage_And_Injuries",39.634703196347,17,4,69.4165907019143,0.294476018752254,78.74,2,34207.9443786107,3,0.461174650152934,12425
"Significant_Damage_And_Serious_Injuries",32.8767123287671,15,8,65.587967183227,0.362272628921745,77.35,6,45290.8914732731,0,0.0119400602625915,8279
"Significant_Damage_And_Serious_Injuries",32.1004566210046,15,4,74.567000911577,0.275723764875586,75.71,6,33861.5536967773,3,0.00874011372860149,4183
"Significant_Damage_And_Fatalities",40.7305936073059,9,6,53.7830446672744,0.476589253516048,76.99,4,29538.27364245,2,0.0528451340525014,3144
"Highly_Fatal_And_Damaging",23.9269406392694,14,6,71.0574293527803,0.276084385142445,78.52,1,15487.6701714345,1,0.569124611333397,7292
"Significant_Damage_And_Serious_Injuries",34.3835616438356,15,2,68.3226982680037,0.258774612333213,76.93,1,28202.759653544,1,1.04371906696974,8669
"Minor_Damage_And_Injuries",44.5662100456621,15,5,80.9024612579763,0.312507032095204,83.56,7,20238.6378843825,0,0.001876532063273,7620
"Significant_Damage_And_Fatalities",12.283105022831,18,1,53.0082041932544,0.638507753335737,77.82,7,40580.037740715,3,0.00356776833668411,8448
"Significant_Damage_And_Serious_Injuries",43.013698630137,12,0,57.4293527803099,0.465410025243419,82.02,3,37921.073992065,2,0.188494927474794,825
"Significant_Damage_And_Fatalities",69.5433789954338,11,13,57.338195077484,0.466131265777136,78.1,1,25274.8444652899,2,0.932882500163015,5790
"Minor_Damage_And_Injuries",27.7625570776256,17,13,41.5223336371923,0.694764514965741,82.2,2,11503.3885608342,3,0.168418281925373,9886
"Minor_Damage_And_Injuries",45.2054794520548,15,1,68.6417502278943,0.386794807068157,83.5,1,28817.1039612992,2,1.05753731287411,1824
"Highly_Fatal_And_Damaging",49.7260273972603,7,6,62.7164995442115,0.356142084385142,83.73,4,31974.0624100752,2,0.0594585122059251,1070
"Highly_Fatal_And_Damaging",27.3059360730594,13,3,78.7602552415679,0.338471691309052,78.49,4,27318.3584282491,3,0.0503896935162612,9115
"Minor_Damage_And_Injuries",47.4885844748858,14,0,65.2689152233364,0.345684096646231,77.77,3,41646.5245489458,5,0.207361290677516,6557
"Highly_Fatal_And_Damaging",20.3196347031963,15,26,79.9453053783045,0.422135593220339,78.29,4,15175.1319946798,1,0.0263158471738954,10079
"Highly_Fatal_And_Damaging",34.3835616438356,11,8,73.6554238833182,0.404104579877389,77.65,5,18505.6168776094,1,0.0128700652295364,6901
"Highly_Fatal_And_Damaging",36.7579908675799,10,10,67.4111212397448,0.219827623512441,80.96,1,39269.0539266116,3,1.44353095461796,605
"Highly_Fatal_And_Damaging",19.5890410958904,16,21,61.0300820419326,0.268150739271547,86.57,3,26492.3892543085,2,0.131944986729566,1851
"Highly_Fatal_And_Damaging",50.5022831050228,13,4,44.3938012762078,0.70233754056978,80.25,4,35769.9337769873,0,0.0652770328532724,8821
"Minor_Damage_And_Injuries",64.337899543379,9,1,84.6855059252507,0.264183916336098,80.26,2,32397.8028563726,1,0.439042374653745,11111
"Highly_Fatal_And_Damaging",23.7899543378995,14,14,73.7010027347311,0.369485034258925,78.54,4,37949.724386184,2,0.069603155796592,7014
"Significant_Damage_And_Serious_Injuries",38.7671232876712,13,5,64.6763901549681,0.370927515326361,77.5,3,31193.4661135602,0,0.155972033378461,5470
"Significant_Damage_And_Fatalities",58.1278538812785,15,4,61.6226071103008,0.491735304724126,80.98,5,15703.5605621482,2,0.0108072656643546,2022
"Significant_Damage_And_Serious_Injuries",39.8173515981735,13,15,69.2798541476755,0.440887847097007,78.56,6,53323.6708564959,1,0.0129833111717393,7352
"Highly_Fatal_And_Damaging",23.7899543378995,14,0,66.4995442114859,0.304573386224305,79.47,4,45120.2236979424,0,0.0811200932683146,3162
"Significant_Damage_And_Serious_Injuries",41.8264840182648,13,4,74.5214220601641,0.58729967544176,85.1,3,19446.333912103,1,0.0970591864698041,5861
"Minor_Damage_And_Injuries",39.2237442922374,17,5,66.4995442114859,0.416726289217454,78.75,1,21865.1119571099,2,0.804372516793261,10606
"Significant_Damage_And_Serious_Injuries",55.1141552511415,9,21,71.5587967183227,0.388958528669311,76.21,7,47797.8467413316,2,0.00555060260851531,2941
"Highly_Fatal_And_Damaging",15.9817351598174,17,13,61.5314494074749,0.476589253516048,77.75,1,40593.9088572889,2,1.49336645053839,6169
"Significant_Damage_And_Serious_Injuries",59.8173515981735,14,0,52.4156791248861,0.2923122971511,79.22,7,44372.3689299579,3,0.00405282678592106,7152
"Highly_Fatal_And_Damaging",43.2876712328767,9,1,73.4731084776664,0.418529390551749,78.56,1,32195.2158587431,3,1.18749207933344,358
"Minor_Damage_And_Injuries",50.5022831050228,13,5,74.5214220601641,0.207205914172377,84.4,5,18800.8838662568,2,0.0125595820749567,134
"Minor_Damage_And_Injuries",73.4246575342466,7,10,80.4010938924339,0.337029210241615,77.04,2,41494.368499835,2,0.559862119728008,2949
"Minor_Damage_And_Injuries",44.5662100456621,15,3,68.003646308113,0.338471691309052,83.5,7,30457.891756664,2,0.00269354190281644,10509
"Significant_Damage_And_Serious_Injuries",40.8219178082192,13,1,64.3573381950775,0.30313090515687,76.04,2,28612.8695931436,2,0.387182416712817,9613
"Minor_Damage_And_Injuries",48.2191780821918,14,2,77.3473108477666,0.243989181391994,82.28,2,35967.3755230484,1,0.48771365612333,7139
"Minor_Damage_And_Injuries",46.4383561643836,15,4,69.8723792160438,0.33883231157591,83.5,2,40116.9830129984,2,0.542719185044541,7453
"Highly_Fatal_And_Damaging",15.9817351598174,17,5,72.0145852324522,0.398695275874504,82.45,4,40808.477420646,1,0.0750429331718821,5683
"Significant_Damage_And_Serious_Injuries",33.3333333333333,15,3,63.9015496809481,0.287624233681933,79.96,3,40724.08357913,2,0.200477177659557,7777
"Significant_Damage_And_Fatalities",79.5433789954338,8,1,74.5214220601641,0.478392354850342,79.3,3,22921.0773301534,2,0.114860898932605,8986
"Minor_Damage_And_Injuries",48.3561643835616,14,4,79.489516864175,0.321522538766679,78,1,28364.6114565323,2,1.03719790787182,1714
"Minor_Damage_And_Injuries",47.4885844748858,14,2,65.0865998176846,0.354699603317706,78.42,5,49250.6938900351,3,0.0331635429635031,4822
"Significant_Damage_And_Serious_Injuries",59.3150684931507,7,9,88.4685505925251,0.271756941940137,75.61,6,17927.3384159879,2,0.00482966112605034,1959
"Highly_Fatal_And_Damaging",39.8173515981735,9,18,62.3518687329079,0.247234763793725,79.01,3,22999.9480219285,0,0.115148815425775,779
"Significant_Damage_And_Fatalities",71.7808219178082,10,9,62.9443938012762,0.639589614136314,77.16,7,37608.9061537303,3,0.00353158083940347,10769
"Significant_Damage_And_Serious_Injuries",37.6712328767123,14,0,68.049225159526,0.240022358456545,78.21,3,20061.5449045476,2,0.0983522686654718,1216
"Highly_Fatal_And_Damaging",29.1780821917808,12,1,79.535095715588,0.281854309412189,77.26,1,25556.9388061089,2,0.936484556293277,6369
"Highly_Fatal_And_Damaging",32.5114155251142,12,7,66.5907019143118,0.354338983050847,80.71,4,35111.5284262414,2,0.0636819837649643,1387
"Significant_Damage_And_Serious_Injuries",75.4337899543379,10,3,49.2251595259799,0.662308690948431,81.81,7,24079.4243606516,2,0.00210445029313979,5195
"Highly_Fatal_And_Damaging",44.5205479452055,15,2,48.0401093892434,0.585857194374324,76.27,2,30701.4903580148,1,0.41479169884689,4231
"Significant_Damage_And_Serious_Injuries",18.3561643835616,20,12,72.4247948951687,0.350011539848539,80.52,6,26501.394552042,2,0.00678801516185438,3569
"Significant_Damage_And_Fatalities",36.2557077625571,11,2,45.8067456700091,0.586939055174901,83.72,1,42207.8989235388,2,1.56365104590688,6715
"Highly_Fatal_And_Damaging",0.913242009132421,21,3,60.9845031905196,0.395089073205914,81.93,3,36844.8682699557,1,0.182900974770969,3285
"Significant_Damage_And_Serious_Injuries",40.0456621004566,13,1,77.073837739289,0.242186080057699,81.52,5,29216.4159909021,1,0.0199263679642517,11586
"Highly_Fatal_And_Damaging",1.14155251141552,21,4,54.6490428441203,0.335226108907321,85.22,7,25720.9164075718,2,0.00246153031373213,5437
"Highly_Fatal_And_Damaging",47.8995433789954,7,1,67.5022789425707,0.26706887847097,77.42,4,33242.4580333152,1,0.0610987818830487,3412
"Highly_Fatal_And_Damaging",4.65753424657534,20,13,64.7219690063811,0.408432023079697,88.11,2,26266.1389809758,1,0.355282942083275,11386
"Significant_Damage_And_Serious_Injuries",24.703196347032,18,1,77.7575205104832,0.397613415073927,78.75,1,29232.0068446603,1,1.0902659809403,8360
"Highly_Fatal_And_Damaging",19.1780821917808,16,20,67.0920692798541,0.351093400649116,81.26,2,45020.5543496115,2,0.613499622606416,5832
"Highly_Fatal_And_Damaging",25.6164383561644,14,3,62.2607110300821,0.461803822574828,81.02,3,11809.795062478,3,0.0627235617216595,5682
"Significant_Damage_And_Fatalities",82.7853881278539,8,4,56.8368277119417,0.331980526505589,79.64,7,30197.0499678191,2,0.00284071646275224,9764
"Significant_Damage_And_Serious_Injuries",39.7260273972603,13,7,69.8268003646308,0.394007212405337,78.55,3,35704.4771368743,1,0.177465946816613,9676
"Significant_Damage_And_Fatalities",35.1141552511415,11,14,51.2762078395624,0.280411828344753,76.35,1,37726.6341340949,2,1.3895795978569,10868
"Minor_Damage_And_Injuries",68.7671232876712,8,1,70.464904284412,0.272838802740714,77.82,2,14453.9679741217,1,0.178843572386274,6069
"Significant_Damage_And_Serious_Injuries",57.0776255707762,8,21,64.9954421148587,0.360830147854309,78.38,2,23317.6699020617,2,0.317264638371491,3521
"Significant_Damage_And_Serious_Injuries",29.1324200913242,16,14,72.3792160437557,0.324046880634692,79.73,1,29978.3820723515,3,1.10323463410754,10044
"Minor_Damage_And_Injuries",47.945205479452,14,8,80.0820419325433,0.234252434186801,77.36,5,45934.1334754439,3,0.0308486982813762,4710
"Significant_Damage_And_Serious_Injuries",25.2511415525114,17,16,57.5205104831358,0.375615578795528,88.39,7,47592.316643138,4,0.00507361124995632,1768
"Minor_Damage_And_Injuries",17.7168949771689,21,9,60.1640838650866,0.438363505228994,77.75,3,27487.6888024332,3,0.135850462114308,5835
"Minor_Damage_And_Injuries",61.7351598173516,10,0,70.3281677301732,0.279329967544176,76.14,2,6695.81475147089,1,0.12212240073769,12439
"Significant_Damage_And_Fatalities",95.2511415525114,6,17,81.2215132178669,0.234252434186801,80.54,2,36962.1315429362,2,0.501428821012912,9110
"Highly_Fatal_And_Damaging",52.3744292237443,9,4,63.3546034639927,0.225958168049044,81.57,3,32094.8041801564,2,0.159982938476517,7075
"Highly_Fatal_And_Damaging",32.3744292237443,12,11,62.9443938012762,0.312507032095204,78.38,4,25989.3630647294,1,0.0480482439830435,1769
"Highly_Fatal_And_Damaging",2.73972602739726,21,8,60.9845031905196,0.303852145690588,81.15,4,39706.9339824623,4,0.0726437651961764,9483
"Minor_Damage_And_Injuries",45.6164383561644,15,1,65.8158614402917,0.375615578795528,78.94,1,27910.317545628,3,1.01750757171657,8378
"Minor_Damage_And_Injuries",30.7305936073059,19,1,67.8213309024613,0.386073566534439,76.1,6,46027.1814076448,2,0.0112415293720467,3143
"Significant_Damage_And_Fatalities",60.5479452054795,14,25,70.1002734731085,0.384631085467003,83.23,7,30864.81098715,4,0.00289124066348457,10371
"Significant_Damage_And_Serious_Injuries",60.2283105022831,7,11,80.4466727438469,0.305294626758024,75.64,6,26194.6862921461,2,0.00701671348954173,8332
"Minor_Damage_And_Injuries",56.9406392694064,12,0,59.9361896080219,0.387155427335016,79.42,2,40360.6120851516,2,0.545990855856288,1888
"Significant_Damage_And_Serious_Injuries",30.365296803653,16,9,78.2588878760255,0.427544897223224,78.15,1,24605.471319083,3,0.88583863584684,12012
"Significant_Damage_And_Fatalities",55.0228310502283,15,2,80.8568824065634,0.28870609448251,82.01,4,47583.7459251384,2,0.0865963416873615,9065
"Minor_Damage_And_Injuries",55.0684931506849,12,1,80.4010938924339,0.234252434186801,80.34,5,37038.5414452765,2,0.0241013125866483,7065
"Minor_Damage_And_Injuries",60.5479452054795,10,10,66.0893345487694,0.300967183555716,76.56,2,32800.8368678312,2,0.44294859208894,493
"Minor_Damage_And_Injuries",36.027397260274,18,10,56.8368277119417,0.264183916336098,78.6,2,26930.3762347395,4,0.365529248280753,12372
"Minor_Damage_And_Injuries",41.9178082191781,12,0,56.8824065633546,0.522748647673999,78.46,2,34473.7994438458,2,0.466552141197506,7166
"Highly_Fatal_And_Damaging",15.4337899543379,17,17,72.4247948951687,0.306737107825459,78.84,7,36662.2802611695,4,0.0032011061219487,10860
"Minor_Damage_And_Injuries",50.0913242009132,13,1,73.4275296262534,0.421053732419762,81.56,2,59108.8771655082,3,0.773009611486721,2535
"Minor_Damage_And_Injuries",60.5479452054795,7,21,49.9544211485871,0.357223945185719,75.94,2,12502.1817547009,1,0.141934384599612,354
"Significant_Damage_And_Serious_Injuries",79.7260273972603,8,35,54.6946216955333,0.308540209159754,77.98,7,36219.5213082148,1,0.00315889699272442,10103
"Significant_Damage_And_Serious_Injuries",57.4885844748858,8,4,79.3527803099362,0.413120086548864,78.83,3,42230.9202409014,2,0.210052409928981,4567
"Highly_Fatal_And_Damaging",21.2785388127854,15,7,67.6845943482224,0.505078254597908,79.06,4,54914.7987552472,1,0.100005416841789,9743
"Significant_Damage_And_Serious_Injuries",32.8767123287671,15,5,95.4876937101185,0.245071042192571,80.65,6,24292.3426083081,3,0.00594858504052171,8722
"Minor_Damage_And_Injuries",35.7534246575342,18,8,80.9480401093892,0.298803461954562,80.43,2,41697.1749234405,4,0.564465085482382,11525
"Minor_Damage_And_Injuries",50.1369863013699,13,8,68.3682771194166,0.339553552109629,80.03,6,17731.5542769187,1,0.00443320081094456,2611
"Significant_Damage_And_Serious_Injuries",42.3287671232877,12,1,57.4293527803099,0.466491886043996,84.8,1,42866.579179189,1,1.57829054095739,3173
"Significant_Damage_And_Serious_Injuries",36.3926940639269,14,13,63.3546034639927,0.460000721240533,77.78,6,34120.059024156,3,0.00832899694803638,1663
"Minor_Damage_And_Injuries",29.634703196347,20,4,76.4813126709207,0.264905156869816,78.36,7,39152.7700279413,1,0.00371708742935262,9839
"Significant_Damage_And_Serious_Injuries",76.1187214611872,10,6,46.6271649954421,0.539697800216372,82.64,7,47232.0210882522,1,0.00394519026872028,5796
"Minor_Damage_And_Injuries",35.7077625570776,18,10,58.6144029170465,0.448100252434187,76.86,4,49350.3336170917,2,0.0914887092870471,2067
"Highly_Fatal_And_Damaging",4.29223744292237,20,10,64.9954421148587,0.457115759105661,78.73,4,42476.368666169,2,0.0776846904276515,4569
"Minor_Damage_And_Injuries",42.4657534246575,16,5,61.6681859617138,0.512290659935088,80.29,5,39759.0225919132,3,0.026949466655398,9003
"Highly_Fatal_And_Damaging",36.0730593607306,11,1,78.0765724703738,0.241104219257122,81.82,2,24926.7672088726,2,0.335642631444626,4082
"Highly_Fatal_And_Damaging",18.1735159817352,16,1,74.2479489516864,0.222351965380454,76.78,2,30384.1142456733,2,0.409147604414216,5410
"Significant_Damage_And_Serious_Injuries",48.4018264840183,11,4,68.3682771194166,0.397974035340786,79.22,3,43704.6859749562,0,0.214762760356308,6102
"Highly_Fatal_And_Damaging",28.9497716894977,13,8,69.5989061075661,0.350011539848539,86.57,4,11036.8282024665,2,0.0193619574602432,5654
"Significant_Damage_And_Serious_Injuries",37.7625570776256,14,4,79.3983591613491,0.315752614496934,75.2,6,28801.5388967117,3,0.00707625704504583,2827
"Highly_Fatal_And_Damaging",38.0821917808219,10,1,65.9981768459435,0.405907681211684,77.34,5,46371.5275238705,0,0.0309501756806459,6628
"Minor_Damage_And_Injuries",56.9406392694064,11,39,80.2643573381951,0.318276956364948,81.9,2,44163.0481156419,2,0.600082621498808,7983
"Minor_Damage_And_Injuries",54.1095890410959,12,6,57.5205104831358,0.370927515326361,79.42,2,43412.8879047271,2,0.586145251799055,1500
"Significant_Damage_And_Fatalities",73.607305936073,10,13,60.5742935278031,0.385352326000721,84.01,7,42647.0633080233,4,0.00411119172288155,2673
"Significant_Damage_And_Fatalities",58.1278538812785,15,5,62.5341841385597,0.307458348359178,79.6,1,34328.0192022345,0,1.26281554046516,5436
"Minor_Damage_And_Injuries",50,13,2,73.4731084776664,0.463246303642264,78.12,2,17636.0304067748,2,0.249372543587197,5569
"Significant_Damage_And_Fatalities",58.9954337899543,14,7,57.5205104831358,0.470819329246303,77.51,7,22087.596284025,5,0.00171823991731958,11216
"Minor_Damage_And_Injuries",55.662100456621,12,4,57.4749316317229,0.370927515326361,80.13,6,36617.7244387796,3,0.00832792685338213,8632
"Significant_Damage_And_Serious_Injuries",91.2328767123288,6,3,32.7256153144941,0.564219978362784,80.12,3,38888.7530091818,1,0.192011668107536,3787
"Significant_Damage_And_Serious_Injuries",20.4109589041096,19,3,75.432999088423,0.335586729174179,77.19,6,15487.5322673657,1,0.00359810588347333,6577
"Minor_Damage_And_Injuries",38.4474885844749,17,9,66.4995442114859,0.416726289217454,79.23,2,32739.2459757613,2,0.444553307539715,11367
"Significant_Damage_And_Serious_Injuries",40.6392694063927,13,1,76.6636280765725,0.272117562206996,76.2,3,17927.3384159879,2,0.0920649095425722,11761
"Significant_Damage_And_Fatalities",80.5936073059361,8,11,73.3819507748405,0.214418319509556,80.88,7,36493.1943544014,2,0.00313031016237267,1455
"Minor_Damage_And_Injuries",48.5388127853881,14,2,71.0118505013674,0.52238802740714,76.92,7,24523.0271444722,1,0.00240087321292364,3316
"Significant_Damage_And_Serious_Injuries",39.4520547945205,13,2,74.4758432087512,0.321883159033537,77.83,6,26355.2077380812,2,0.00645292114033313,4637
"Significant_Damage_And_Fatalities",36.7579908675799,10,5,56.8824065633546,0.483080418319509,79.99,1,27752.8670889775,1,1.02676320216031,732
"Minor_Damage_And_Injuries",61.4155251141552,10,1,57.2470373746582,0.421053732419762,80.47,2,47324.952775233,2,0.640473588799548,3782
"Significant_Damage_And_Serious_Injuries",48.5388127853881,10,1,79.6718322698268,0.240022358456545,83.37,3,12231.5253318163,4,0.0587975074186055,3327
"Highly_Fatal_And_Damaging",44.2009132420091,8,20,87.0556061987238,0.24543166245943,76.74,7,45783.5276614128,2,0.00388714884711794,4
"Highly_Fatal_And_Damaging",8.0365296803653,19,0,68.915223336372,0.271396321673278,77.01,6,18000.5056289736,2,0.0047923018675796,9459
"Minor_Damage_And_Injuries",50.365296803653,13,11,77.1649954421149,0.243989181391994,80.83,2,27941.9368909525,2,0.376057124267334,2339
"Minor_Damage_And_Injuries",75.296803652968,5,8,59.7994530537831,0.634180310133429,79.39,4,31988.1959886504,1,0.0594585122059251,9241
"Minor_Damage_And_Injuries",29.634703196347,20,4,66.2716499544212,0.368403173458348,82.31,1,30966.1598251022,3,1.1418573845188,11403
"Minor_Damage_And_Injuries",36.7579908675799,17,3,63.9015496809481,0.401580238009376,81.09,2,49106.3559589155,2,0.653900333012144,5086
"Minor_Damage_And_Injuries",77.6712328767123,5,3,53.7830446672744,0.317916336098088,77.98,7,44372.3689299579,0,0.00426087484941131,1817
"Minor_Damage_And_Injuries",63.972602739726,9,2,84.6855059252507,0.248316624594302,80.26,5,30107.3466414306,1,0.0210757990183275,548
"Highly_Fatal_And_Damaging",26.2100456621005,14,0,82.4521422060164,0.174389469888207,79.7,4,32222.0358753946,1,0.0594145703785473,10349
"Highly_Fatal_And_Damaging",47.9908675799087,7,18,69.3710118505014,0.474425531914894,78.61,4,42414.4038324728,1,0.0771509846485153,8723
"Highly_Fatal_And_Damaging",19.9543378995434,16,0,74.0656335460346,0.23821925712225,79.16,4,40072.976624729,1,0.0736990760111261,5841
"Highly_Fatal_And_Damaging",61.4155251141552,14,4,52.4156791248861,0.476589253516048,78.94,6,36969.1983790329,2,0.00831329091991792,5706
"Highly_Fatal_And_Damaging",20.1826484018265,15,0,85.5515041020967,0.280051208077894,78.15,4,30415.652244998,3,0.055322645707744,5726
"Highly_Fatal_And_Damaging",43.6529680365297,8,1,68.3682771194166,0.277526866209881,79.94,4,34302.7258502924,1,0.0629806082659153,5192
"Minor_Damage_And_Injuries",48.8584474885845,14,23,71.5587967183227,0.339914172376487,78.04,7,43511.6289698122,2,0.00412999471383646,2173
"Significant_Damage_And_Serious_Injuries",27.8538812785388,17,1,55.6061987237922,0.547270825820411,79.21,7,28162.0204173235,2,0.00255080018652134,12268
"Significant_Damage_And_Serious_Injuries",40.8675799086758,13,0,58.5232452142206,0.312507032095204,81.92,3,35800.9556617624,2,0.178747299033169,5918
"Significant_Damage_And_Serious_Injuries",46.62100456621,11,1,61.2123974475843,0.430429859358096,76.67,3,32114.7155845654,2,0.160373891897123,11215
"Significant_Damage_And_Serious_Injuries",23.6986301369863,18,15,74.7493163172288,0.532124774612333,81.82,3,34305.0853441854,0,0.170645148830517,1376
"Significant_Damage_And_Fatalities",43.2420091324201,19,12,75.38742023701,0.333062387306166,79.81,7,31856.3033820759,2,0.00265908783298855,11703
"Minor_Damage_And_Injuries",46.1187214611872,15,13,59.6627164995442,0.408071402812838,84.82,2,26158.0508321166,2,0.355224117242135,5051
"Significant_Damage_And_Serious_Injuries",33.2420091324201,15,0,78.4867821330902,0.386073566534439,85.3,3,22592.5502620738,2,0.111813204786799,10842
"Significant_Damage_And_Fatalities",35.2511415525114,11,4,48.2680036463081,0.438002884962135,85.26,1,39723.5631584225,1,1.45554570789757,749
"Significant_Damage_And_Fatalities",63.1963470319635,13,5,74.61257976299,0.241104219257122,78.35,7,28201.7353365839,2,0.00288591349627339,11489
"Highly_Fatal_And_Damaging",22.648401826484,15,3,71.0118505013674,0.267790119004688,75.71,4,38935.4545879021,4,0.0717190222705393,9481
"Significant_Damage_And_Serious_Injuries",34.6118721461187,14,6,62.0783956244303,0.352175261449693,78.09,7,34128.1254562718,2,0.00306731378906429,635
"Significant_Damage_And_Fatalities",25.8904109589041,14,2,49.179580674567,0.402662098809953,77.39,6,26744.8667985702,2,0.00652784933163401,1791
"Significant_Damage_And_Serious_Injuries",44.1552511415525,12,3,79.535095715588,0.320440677966102,77.17,6,11622.0104423322,3,0.00043630082173008,10169
"Highly_Fatal_And_Damaging",20.4566210045662,15,8,92.9808568824066,0.15924341868013,80.14,4,16233.8332153718,2,0.0290802124759881,4800
"Significant_Damage_And_Fatalities",56.7123287671233,15,6,67.4111212397448,0.352535881716553,81.15,7,26424.9508350846,2,0.0021852795760138,7749
"Highly_Fatal_And_Damaging",57.0776255707762,11,22,64.4940747493163,0.27788748647674,79.99,5,39242.1984983224,2,0.0268038442368048,5817
"Significant_Damage_And_Serious_Injuries",28.8584474885845,16,11,58.2953509571559,0.317555715831229,83.08,3,24455.0250063736,1,0.122543644144534,3284
"Significant_Damage_And_Serious_Injuries",49.5890410958904,10,3,88.6508659981769,0.17330760908763,80.98,6,46306.1920701527,3,0.0113685931153539,7791