"Severity","Safety_Score","Days_Since_Inspection","Total_Safety_Complaints","Control_Metric","Turbulence_In_gforces","Cabin_Temperature","Accident_Type_Code","Max_Elevation","Violations","Adverse_Weather_Metric","Accident_ID"
"Highly_Fatal_And_Damaging",32.5570776255708,12,5,64.2661804922516,0.209009015506671,81.1,2,22730.4709071459,1,0.305041894227416,12238
"Minor_Damage_And_Injuries",61.0502283105023,10,15,66.0893345487694,0.417447529751172,80.42,2,20083.3253932266,2,0.272486024729301,10502
"Minor_Damage_And_Injuries",50.5936073059361,13,5,69.5533272561531,0.351454020915975,78.22,2,45878.8795912215,1,0.62216520436786,8110
"Minor_Damage_And_Injuries",52.4657534246575,13,1,82.1786690975388,0.318276956364948,83.6,2,35377.2441941688,3,0.47876329269109,5617
"Minor_Damage_And_Injuries",49.4520547945205,14,6,64.3573381950775,0.406268301478543,76.13,2,37854.0579003469,3,0.512288112606264,10856
"Significant_Damage_And_Serious_Injuries",59.1780821917808,11,10,49.5897903372835,0.444133429498738,79.6,7,48569.5562852462,3,0.00440429373420935,1046
"Significant_Damage_And_Fatalities",12.6940639269406,17,3,41.5223336371923,0.556286332491886,79.03,4,44419.3376204782,2,0.0824277038157889,2277
"Significant_Damage_And_Fatalities",56.7123287671233,15,12,57.5205104831358,0.727941579516768,80.19,7,39152.9933728058,3,0.00357844134810831,7378
"Significant_Damage_And_Fatalities",12.6940639269406,18,6,52.3245214220602,0.438002884962135,83.9,2,33591.98082476,2,0.453246293181655,2894
"Minor_Damage_And_Injuries",40.8675799086758,13,0,53.281677301732,0.310703930760908,82.43,6,23192.1558746436,2,0.00566677045077366,11207
"Significant_Damage_And_Serious_Injuries",37.5799086757991,14,1,80.1731996353692,0.360830147854309,79.78,3,34176.1227163592,1,0.171753655949522,10426
"Highly_Fatal_And_Damaging",25.8904109589041,14,1,65.587967183227,0.369845654525784,78.23,7,34971.7377869548,2,0.0033269313762775,6941
"Highly_Fatal_And_Damaging",50.8675799086758,13,10,45.897903372835,0.668078615218175,80.8,7,33999.2497576599,2,0.00303558007367732,6123
"Minor_Damage_And_Injuries",30.7762557077626,15,14,56.8824065633546,0.491735304724126,78.13,1,30282.7718455263,0,1.11090302185844,12267
"Minor_Damage_And_Injuries",45.0684931506849,15,3,68.6417502278943,0.404825820411107,78.97,2,25854.9503626354,4,0.349996580988271,2655
"Highly_Fatal_And_Damaging",27.5799086757991,13,28,71.2397447584321,0.329095564370718,82.49,4,15658.6848708857,2,0.0304735173357446,3717
"Significant_Damage_And_Serious_Injuries",37.7625570776256,14,0,73.1540565177758,0.223433826181031,79.09,3,24487.7919532445,3,0.121754699866092,2700
"Highly_Fatal_And_Damaging",60.9132420091324,7,6,62.0783956244303,0.297000360620267,84.41,2,43489.0207812322,1,0.585156049551852,2818
"Significant_Damage_And_Serious_Injuries",35.0228310502283,15,8,57.8851412944394,0.350372160115398,79.72,1,21202.4057836347,1,0.786415759887547,10705
"Significant_Damage_And_Serious_Injuries",77.3059360730594,4,2,88.4685505925251,0.28509989181392,75.96,7,40762.8132780568,4,0.00371708742935262,8258
"Minor_Damage_And_Injuries",57.0319634703196,11,5,63.7192342752963,0.225236927515326,79.22,2,30194.8055673512,3,0.411084650236287,10721
"Minor_Damage_And_Injuries",45.0684931506849,11,2,55.5150410209663,0.578644789037144,77.3,4,33896.5116891607,2,0.0618975217848126,819
"Highly_Fatal_And_Damaging",18.1735159817352,16,3,62.8988149498633,0.369485034258925,77.65,7,25175.0086940981,1,0.00248377555471595,10018
"Significant_Damage_And_Serious_Injuries",20.5022831050228,19,0,62.9443938012762,0.509405697800216,78.46,4,39698.855046421,2,0.0729306439109475,8259
"Significant_Damage_And_Serious_Injuries",26.62100456621,17,0,65.1777575205105,0.369845654525784,81.82,5,44701.6485825148,2,0.0306965840601816,3658
"Highly_Fatal_And_Damaging",41.0958904109589,9,1,72.3792160437557,0.516978723404255,86.58,4,46938.7093310522,3,0.0865139983925863,9395
"Significant_Damage_And_Serious_Injuries",77.3059360730594,4,2,51.8231540565178,0.509045077533357,79.78,7,25644.4684192504,1,0.00240576243206873,3157
"Minor_Damage_And_Injuries",41.5068493150685,13,2,55.9252506836828,0.469016227912008,79.1,3,45002.0079321222,2,0.225104799742964,4154
"Significant_Damage_And_Serious_Injuries",44.0639269406393,12,14,66.7730173199635,0.319719437432383,79.17,3,34480.663199033,1,0.17089911377233,5978
"Highly_Fatal_And_Damaging",35.2054794520548,11,0,81.7228805834093,0.29555787955283,80.43,7,13945.5728661169,1,0.00148033397409175,12299
"Minor_Damage_And_Injuries",52.1917808219178,13,3,85.278030993619,0.232088712585647,80.05,2,28885.5732444725,1,0.392272811672583,1571
"Highly_Fatal_And_Damaging",46.3470319634703,8,3,73.6554238833182,0.388958528669311,78.75,4,39274.9908549468,1,0.0712119379602541,8774
"Highly_Fatal_And_Damaging",28.0365296803653,13,10,79.2160437556974,0.361190768121168,76.89,6,29311.5725785883,3,0.00737043111845564,3140
"Significant_Damage_And_Serious_Injuries",51.4155251141552,17,11,41.2944393801276,0.714238009376126,78.5,7,39222.4051184905,3,0.00370085096690646,1101
"Highly_Fatal_And_Damaging",44.703196347032,8,0,68.915223336372,0.250840966462315,76.89,1,13938.9510270363,1,0.502479778109646,11469
"Highly_Fatal_And_Damaging",53.7899543378995,12,17,50.6836827711942,0.495341507392715,77.6,2,35070.3331931138,2,0.473525440021114,10385
"Significant_Damage_And_Serious_Injuries",57.1232876712329,8,11,78.9881494986326,0.414201947349441,80.65,3,31143.0404321038,2,0.15378800083089,3868
"Significant_Damage_And_Serious_Injuries",70.5022831050228,11,1,52.8258887876026,0.377058059862964,75.8,7,33573.2699399035,3,0.00307977328659493,12108
"Minor_Damage_And_Injuries",43.1963470319635,12,3,53.7374658158614,0.461803822574828,78.29,3,39901.7557524519,3,0.199585420560171,5328
"Minor_Damage_And_Injuries",49.2237442922374,14,22,67.0464904284412,0.276084385142445,80.91,2,23787.7963047131,2,0.320229608370603,7565
"Highly_Fatal_And_Damaging",68.1278538812785,8,8,49.6809480401094,0.437281644428417,84.42,2,20482.4787022466,1,0.277200205655643,2153
"Highly_Fatal_And_Damaging",44.0639269406393,8,6,85.1868732907931,0.212254597908403,76.3,4,48820.2733551817,1,0.0888961552082543,2672
"Highly_Fatal_And_Damaging",30,13,11,69.644484958979,0.351454020915975,84.3,4,43635.7546909786,2,0.0798112391732618,1813
"Highly_Fatal_And_Damaging",25.8904109589041,14,0,91.79580674567,0.22379444644789,80.79,4,53915.3329941275,1,0.106775559667783,4792
"Significant_Damage_And_Fatalities",18.310502283105,16,0,54.3299908842297,0.527797331410025,81.05,1,45027.3857299155,2,1.68272487532654,7142
"Minor_Damage_And_Injuries",35.2511415525114,18,3,67.6845943482224,0.340996033177064,80.82,4,24814.5695668771,0,0.0454494695366295,6821
"Highly_Fatal_And_Damaging",27.3059360730594,13,0,65.587967183227,0.414923187883159,82.02,4,40231.6795447782,3,0.0742913315746002,3656
"Minor_Damage_And_Injuries",52.648401826484,13,5,48.313582497721,0.42898737829066,78.15,5,31846.9183744288,3,0.0213563557462063,8687
"Minor_Damage_And_Injuries",59.634703196347,11,6,76.9371011850502,0.426823656689506,75.8,4,20761.9844156144,3,0.0375914964961934,11682
"Highly_Fatal_And_Damaging",0.913242009132421,21,1,62.0328167730173,0.42538117562207,79.88,6,25720.9164075718,0,0.00618362691761325,12177
"Significant_Damage_And_Fatalities",25.5707762557078,14,0,49.2707383773929,0.582250991705733,80.12,4,36256.6780282692,1,0.0664512614802825,12394
"Significant_Damage_And_Fatalities",73.5159817351598,10,4,64.8587055606199,0.365518211323476,78.83,7,35320.9454536098,2,0.00327379124862773,116
"Minor_Damage_And_Injuries",57.8995433789954,11,1,97.9945305378305,0.303491525423729,83.56,2,29255.426646695,3,0.393439913783782,8040
"Significant_Damage_And_Serious_Injuries",45.1598173515982,11,2,75.8432087511395,0.384991705733862,76.09,3,31091.6766527067,2,0.154092924830657,2652
"Significant_Damage_And_Fatalities",54.1095890410959,16,7,72.8350045578852,0.364796970789758,78.11,6,32746.1554861564,1,0.008126749115812,6824
"Minor_Damage_And_Injuries",42.1917808219178,12,0,56.8824065633546,0.47190119004688,79.79,3,15484.3550813391,2,0.0772169276038119,120
"Significant_Damage_And_Serious_Injuries",54.2922374429224,12,1,45.6244302643574,0.414923187883159,86.42,6,26633.9636333134,2,0.00649134340495729,5801
"Significant_Damage_And_Serious_Injuries",27.4885844748858,16,0,76.5268915223336,0.228843130183916,80.98,3,29033.7904189909,1,0.144784763505103,5493
"Highly_Fatal_And_Damaging",13.37899543379,18,17,71.3764813126709,0.254447169130905,78.99,6,43767.580522752,2,0.0109591638752286,4247
"Minor_Damage_And_Injuries",42.4657534246575,16,0,62.7620783956244,0.47190119004688,77.65,2,43812.8657268761,3,0.590221750336164,11210
"Highly_Fatal_And_Damaging",28.9497716894977,20,8,56.8368277119417,0.303491525423729,78.84,2,23734.7847192605,2,0.321668685211402,3064
"Minor_Damage_And_Injuries",38.4474885844749,17,9,67.4111212397448,0.24543166245943,79.23,7,34641.5118628154,4,0.00295124691136514,6045
"Highly_Fatal_And_Damaging",51.7351598173516,7,6,76.207839562443,0.335226108907321,81.78,7,40526.0175006294,3,0.00365418246901781,9413
"Highly_Fatal_And_Damaging",9.08675799086758,18,19,79.5806745670009,0.268150739271547,76.42,1,38318.5677725656,1,1.41050359096262,10667
"Minor_Damage_And_Injuries",22.8767123287671,18,2,35.8249772105743,0.869304724125496,80.9,3,22888.0824961257,3,0.114141494579157,603
"Highly_Fatal_And_Damaging",42.9680365296804,9,24,82.3609845031905,0.395810313739632,80.83,7,25796.9485308804,0,0.00247652158342954,5177
"Minor_Damage_And_Injuries",31.0958904109589,16,1,54.6490428441203,0.442330328164443,78.06,1,28193.962254837,1,1.04600375319121,3801
"Highly_Fatal_And_Damaging",20.5022831050228,15,9,59.8906107566089,0.267429498737829,80.55,4,36059.2215837245,2,0.0665314538675571,9029
"Minor_Damage_And_Injuries",36.8493150684931,14,13,55.2415679124886,0.541140281283808,85.61,2,48162.8722893482,4,0.650803040016768,8065
"Minor_Damage_And_Injuries",59.041095890411,7,5,49.9544211485871,0.543664623151821,79.92,6,27551.1035270287,2,0.00692026563628655,3996
"Significant_Damage_And_Fatalities",63.1963470319635,13,12,75.7520510483136,0.388597908402452,83.29,7,17099.5183995257,5,0.00161411498064296,9523
"Minor_Damage_And_Injuries",47.0319634703196,14,2,89.4257064721969,0.217663901911287,78.8,2,33395.5017361782,2,0.450817704051099,2630
"Highly_Fatal_And_Damaging",15.4337899543379,17,4,63.9015496809481,0.287624233681933,81.36,2,39760.7683448495,4,0.537889903702334,4893
"Significant_Damage_And_Fatalities",36.2557077625571,11,5,48.2224247948952,0.680339704291381,79.74,1,29433.3007197522,1,1.0902659809403,3675
"Significant_Damage_And_Serious_Injuries",34.7488584474886,14,5,62.0783956244303,0.408071402812838,79.09,4,22429.3371752232,2,0.0409263541820256,5641
"Highly_Fatal_And_Damaging",49.2694063926941,7,0,79.8997265268915,0.245792282726289,78.86,4,42329.0179287936,3,0.0776846904276515,11987
"Significant_Damage_And_Serious_Injuries",34.2922374429224,15,0,80.355515041021,0.196387306166606,76.11,2,16149.3177035064,2,0.209602822932632,4362
"Highly_Fatal_And_Damaging",33.2420091324201,12,9,65.587967183227,0.193502344031734,78.71,4,27140.4145321285,3,0.0502229972557038,634
"Minor_Damage_And_Injuries",76.6666666666667,6,12,65.9070191431176,0.338471691309052,76.28,2,42303.4059989138,3,0.572514343273642,6140
"Highly_Fatal_And_Damaging",29.7260273972603,13,0,61.5770282588879,0.367321312657771,82.23,3,41940.409465723,1,0.209889349040736,6292
"Minor_Damage_And_Injuries",47.0319634703196,14,13,76.9826800364631,0.324768121168409,80,2,49881.2703654481,2,0.668862532692016,1621
"Significant_Damage_And_Serious_Injuries",47.1232876712329,11,9,66.1349134001823,0.337750450775333,78.14,5,14532.7383864601,2,0.0123379841602936,3671
"Minor_Damage_And_Injuries",48.8584474885845,14,23,71.285323609845,0.190617381896862,75.99,2,29143.7545487936,3,0.394277173347948,7330
"Highly_Fatal_And_Damaging",14.4748858447489,17,2,65.6791248860529,0.520945546339704,80.07,4,36350.8751542663,1,0.0667215904701951,5419
"Highly_Fatal_And_Damaging",29.7716894977169,13,10,61.5770282588879,0.375976199062387,82.23,4,44952.516880075,3,0.082036560492673,5358
"Minor_Damage_And_Injuries",46.4840182648402,15,7,60.9845031905196,0.279690587811035,76.75,5,30122.3193576333,2,0.0204097469183588,4092
"Highly_Fatal_And_Damaging",53.1963470319635,16,3,40.8386508659982,0.456033898305084,77.25,5,39496.1600186791,3,0.026629536451197,9833
"Significant_Damage_And_Serious_Injuries",55.3424657534247,8,3,85.6882406563355,0.277526866209881,81.38,3,39455.0809877443,2,0.196654786663669,324
"Highly_Fatal_And_Damaging",37.3059360730594,10,2,57.8395624430264,0.333423007573026,80.37,4,30242.2066870522,1,0.0555626545336938,10887
"Minor_Damage_And_Injuries",46.027397260274,15,3,63.3546034639927,0.453509556437072,80.98,2,25874.9657521701,1,0.34943843269916,1302
"Minor_Damage_And_Injuries",24.6118721461187,18,4,55.2871467639016,0.37128813559322,84.82,1,29321.8317268751,0,1.07538543423334,2228
"Highly_Fatal_And_Damaging",24.3835616438356,14,2,84.1841385597083,0.301327803822575,80.2,6,25111.1749048795,2,0.00637514230471722,7170
"Minor_Damage_And_Injuries",44.5662100456621,15,0,80.8568824065634,0.358305805986296,79.54,4,37935.8016532287,3,0.069603155796592,62
"Minor_Damage_And_Injuries",32.2831050228311,15,0,56.1987237921604,0.547270825820411,77.04,1,40226.4770095902,0,1.49471974586455,4798
"Highly_Fatal_And_Damaging",28.3561643835616,13,8,61.3947128532361,0.268511359538406,80.96,5,45084.5487151254,2,0.0297081807839066,10192
"Highly_Fatal_And_Damaging",24.9771689497717,14,9,59.7994530537831,0.382827984132708,79.99,6,39818.7823826373,2,0.00947138341406335,4492
"Significant_Damage_And_Fatalities",12.6940639269406,18,6,38.1494986326345,0.754627479264334,79.03,6,44048.3653944557,3,0.0105196245590474,8338
"Highly_Fatal_And_Damaging",17.0776255707763,16,19,69.1886964448496,0.325849981968986,78.04,4,34283.7746157361,1,0.062953935151325,7936
"Highly_Fatal_And_Damaging",26.9406392694064,13,1,66.2716499544212,0.422856833754057,80.27,4,46371.5275238705,2,0.0845834601765373,9046
"Significant_Damage_And_Serious_Injuries",36.8493150684931,14,11,91.2032816773017,0.271396321673278,84.48,6,25377.6648055458,2,0.00637597723293928,8876
"Significant_Damage_And_Serious_Injuries",36.0730593607306,14,4,62.1695533272562,0.496423368193292,76.58,6,36736.6428204931,0,0.00926439171560809,9829
"Significant_Damage_And_Serious_Injuries",39.2694063926941,13,3,69.0063810391978,0.253725928597187,81.83,3,19018.7051126649,4,0.0968805392839517,8822
"Highly_Fatal_And_Damaging",36.3926940639269,11,2,79.3527803099362,0.199632888568337,76.89,4,29572.3317315177,3,0.0528505428278382,7103
"Highly_Fatal_And_Damaging",36.2557077625571,11,2,70.8751139471286,0.339914172376487,81.11,5,12666.7712047322,0,0.00868877979364907,1535
"Significant_Damage_And_Serious_Injuries",18.3561643835616,20,3,65.6335460346399,0.282575549945907,79.37,6,23081.8398280032,1,0.00559553599617865,2295
"Significant_Damage_And_Serious_Injuries",62.3744292237443,6,1,73.0173199635369,0.279329967544176,79.19,1,16229.7283441618,2,0.569124611333397,7108
"Highly_Fatal_And_Damaging",19.1324200913242,16,6,74.61257976299,0.238940497655968,79.32,1,20313.4761672518,2,0.741000085873413,11619
"Significant_Damage_And_Fatalities",42.5570776255708,8,12,34.8678213309025,0.499308330328164,79.15,1,34325.6150767811,3,1.2684727108881,2012
"Significant_Damage_And_Serious_Injuries",45.7534246575342,11,4,74.8860528714676,0.233531193653083,77.6,3,29664.8117944913,0,0.14794422081512,7998
"Highly_Fatal_And_Damaging",58.4474885844749,4,20,76.3445761166819,0.292672917417959,78.28,4,32690.6257735184,2,0.0595803417965499,12379
"Significant_Damage_And_Serious_Injuries",37.3972602739726,14,1,69.1431175934367,0.304573386224305,79.28,5,35553.1857893287,2,0.0244045214906998,7976
"Significant_Damage_And_Fatalities",36.4383561643836,10,5,56.4266180492252,0.48632600072124,78.37,1,39396.116621502,1,1.43817383028133,5379
"Highly_Fatal_And_Damaging",18.7671232876712,16,7,72.151321786691,0.279690587811035,84.53,3,32811.5825060404,3,0.16396237774711,11929
"Significant_Damage_And_Serious_Injuries",38.7671232876712,13,0,72.4247948951687,0.386794807068157,84.51,3,38521.3038909916,2,0.192253394616584,9337
"Highly_Fatal_And_Damaging",12.4657534246575,18,3,59.2525068368277,0.392204111071042,77.04,1,31491.27635949,3,1.15849931489046,5521
"Significant_Damage_And_Serious_Injuries",52.9223744292237,9,0,82.0875113947128,0.271756941940137,77.8,3,37541.6763730355,4,0.187059500793385,12180
"Significant_Damage_And_Serious_Injuries",38.5844748858447,13,11,63.3546034639927,0.298442841687703,79.56,6,30660.2752933007,2,0.00707802165652397,572
"Highly_Fatal_And_Damaging",6.34703196347032,19,6,89.8814949863263,0.219827623512441,75.15,2,31250.1583662827,3,0.424482358116853,4897
"Significant_Damage_And_Serious_Injuries",77.3059360730594,4,2,39.8814949863264,0.406628921745402,76.12,3,35044.2088374778,2,0.174775775733067,2044
"Highly_Fatal_And_Damaging",21.2328767123288,15,2,62.1695533272562,0.337750450775333,80.5,1,26397.2031206751,3,0.977273485934279,9645
"Significant_Damage_And_Serious_Injuries",60.1369863013699,7,20,67.4567000911577,0.409513883880274,84.03,3,11265.9177885903,3,0.0540905537896018,9671
"Significant_Damage_And_Serious_Injuries",51.1872146118721,10,7,69.7812215132179,0.350372160115398,79.69,2,38384.4318243461,1,0.520190230407246,8403
"Significant_Damage_And_Fatalities",40.5479452054794,9,4,54.0565177757521,0.380303642264695,77.91,3,14353.5846630685,3,0.0751392310460593,2437
"Significant_Damage_And_Fatalities",54.8858447488584,15,2,74.0200546946217,0.237498016588532,80.45,6,24784.6638712105,1,0.00597945010552193,6504
"Minor_Damage_And_Injuries",31.5525114155251,19,7,61.7137648131267,0.311425171294627,81.13,3,30406.0222300751,3,0.15193198627823,5364
"Significant_Damage_And_Fatalities",16.1187214611872,17,0,47.9033728350046,0.493899026325279,77.04,4,36683.4599205663,1,0.067847155870399,448
"Significant_Damage_And_Serious_Injuries",47.4429223744292,11,0,60.4375569735643,0.503635773530472,82.81,1,17786.0713596076,3,0.619400816440287,11545
"Highly_Fatal_And_Damaging",25.7077625570776,14,0,76.0255241567913,0.386434186801298,78.23,7,33945.4313005177,1,0.00310121839325321,4044
"Highly_Fatal_And_Damaging",44.0182648401826,8,1,60.665451230629,0.476228633249188,79.34,4,24865.1960841046,2,0.0454494695366295,8555
"Significant_Damage_And_Serious_Injuries",41.5525114155251,13,8,62.5797629899727,0.437281644428417,80.23,4,28542.004184011,0,0.0513502290422108,756
"Significant_Damage_And_Serious_Injuries",33.972602739726,15,2,68.3226982680037,0.134,82.97,3,26859.1915363265,4,0.134611369951369,3310
"Minor_Damage_And_Injuries",62.0091324200913,10,1,66.4995442114859,0.40013775694194,78.49,2,42059.5289116091,0,0.572514343273642,10090
"Minor_Damage_And_Injuries",44.4748858447489,15,0,86.7821330902461,0.240382978723404,83.51,5,30619.787367647,0,0.0195516826413514,11675
"Minor_Damage_And_Injuries",42.283105022831,16,7,57.4749316317229,0.662308690948431,79.61,5,34887.2172055117,2,0.0237738830758447,533
"Significant_Damage_And_Fatalities",50.0456621004566,17,18,74.0200546946217,0.250840966462315,81.04,6,45934.1334754439,2,0.0116993176601363,3241
"Significant_Damage_And_Fatalities",40.5479452054794,9,7,54.0565177757521,0.592348359177785,77.21,4,47156.9384261401,2,0.0867404728643644,9479
"Significant_Damage_And_Fatalities",82.7853881278539,7,21,58.9334548769371,0.397252794807068,83.41,3,43564.0944400642,2,0.214244804931175,11917
"Highly_Fatal_And_Damaging",0.913242009132421,21,1,54.6490428441203,0.333423007573026,85.22,3,43590.4452092247,2,0.217024047581729,9794
"Highly_Fatal_And_Damaging",23.6073059360731,14,7,82.0419325432999,0.355060223584565,79.52,7,37519.0138460733,1,0.00367327361028598,7995
"Significant_Damage_And_Serious_Injuries",25.2511415525114,17,3,76.9371011850502,0.355060223584565,76.75,1,42453.4527180898,1,1.55565382876586,7740
"Significant_Damage_And_Serious_Injuries",30.9132420091324,16,1,67.5934366453965,0.251922827262892,82.14,3,33951.338673945,3,0.167541354018373,9910
"Significant_Damage_And_Fatalities",71.6438356164383,11,17,84.8678213309025,0.168980165885323,81.1,7,28435.8037087524,3,0.00282719073422966,3536
"Highly_Fatal_And_Damaging",38.2648401826484,10,2,66.4539653600729,0.474064911648034,79.39,4,32677.2060754324,2,0.0595803417965499,11663
"Highly_Fatal_And_Damaging",29.7716894977169,12,3,66.9097538742024,0.355420843851424,82.3,4,43852.8453519078,2,0.0802287917843594,4523
"Significant_Damage_And_Fatalities",42.0547945205479,19,9,69.1886964448496,0.380303642264695,77.07,7,14342.6906548112,3,0.00103595243589963,7585
"Highly_Fatal_And_Damaging",24.8858447488584,14,19,58.5232452142206,0.508323836999639,76.67,1,25614.2995298067,3,0.938862345359132,5843
"Significant_Damage_And_Fatalities",74.2009132420091,10,0,61.2123974475843,0.272478182473855,80.41,7,26727.9540994319,3,0.00253424704030406,2857
"Significant_Damage_And_Fatalities",63.1963470319635,13,1,72.971741112124,0.364796970789758,79.77,4,19708.0688070303,0,0.0363976969306029,1490
"Minor_Damage_And_Injuries",45.3424657534247,15,5,89.5168641750228,0.17330760908763,78.5,4,30792.6950346444,4,0.0575081967404916,3050
"Highly_Fatal_And_Damaging",47.6255707762557,14,1,46.0346399270738,0.404825820411107,79.33,1,42902.3849751326,3,1.56620755459219,7690
"Minor_Damage_And_Injuries",46.1187214611872,15,0,59.9817684594348,0.517339343671114,76.95,1,17590.8270501035,3,0.647130362493558,6825
"Significant_Damage_And_Serious_Injuries",37.9908675799087,13,0,59.2980856882407,0.492095924990984,79.23,3,24865.1960841046,2,0.123961614789916,10266
"Significant_Damage_And_Fatalities",41.0045662100457,9,10,46.0802187784868,0.545828344752975,85.58,3,37882.5272097875,2,0.189029307357235,12154
"Highly_Fatal_And_Damaging",36.1643835616438,11,0,79.8997265268915,0.355060223584565,76.89,4,41401.7229807727,2,0.0760172273487276,8503
"Significant_Damage_And_Serious_Injuries",42.1004566210046,12,2,69.1431175934367,0.380303642264695,79.46,3,37571.9051001859,3,0.187016357171913,4319
"Highly_Fatal_And_Damaging",30.7305936073059,12,1,64.0382862351869,0.514093761269383,77.6,1,37533.1751075407,0,1.38171570133232,1563
"Highly_Fatal_And_Damaging",10.8675799086758,18,1,75.6608933454877,0.388237288135593,81.97,7,40231.6795447782,4,0.00362547214117164,10163
"Significant_Damage_And_Serious_Injuries",36.5753424657534,14,7,61.3035551504102,0.344241615578795,79.43,6,34715.2361473509,2,0.00847670132384697,10940
"Significant_Damage_And_Serious_Injuries",26.2557077625571,17,4,78.7602552415679,0.398334655607645,78.54,6,21680.6165955373,2,0.00500979728337652,5300
"Significant_Damage_And_Fatalities",36.2557077625571,11,5,52.9626253418414,0.286181752614497,76.35,3,34748.4877263288,2,0.173410918167831,11364
"Significant_Damage_And_Serious_Injuries",18.9497716894977,19,0,64.5396536007293,0.424299314821493,80.76,6,35557.6780853689,2,0.00891726676999634,4013
"Significant_Damage_And_Serious_Injuries",39.4520547945205,13,5,75.4785779398359,0.426823656689506,79.17,6,21680.6165955373,2,0.00532697752793188,1200
"Highly_Fatal_And_Damaging",53.2420091324201,13,13,56.1075660893346,0.366960692390912,83.53,1,29033.2942473191,2,1.06635953548775,9768
"Significant_Damage_And_Serious_Injuries",45.1598173515982,11,4,60.1640838650866,0.633098449332852,79.64,1,41729.0407240999,0,1.54692480033966,8325
"Significant_Damage_And_Serious_Injuries",49.5890410958904,10,38,69.5989061075661,0.215860800576992,80.65,4,24386.649921265,2,0.0445660106164211,8208
"Minor_Damage_And_Injuries",69.7716894977169,8,2,71.0118505013674,0.233891813919942,77.82,5,45351.5663157796,3,0.0290220099112873,3471
"Significant_Damage_And_Fatalities",27.8538812785388,13,3,51.2762078395624,0.422496213487198,87,2,32847.0379561099,2,0.444452039038506,11316
"Significant_Damage_And_Fatalities",32.5570776255708,12,3,57.1558796718323,0.48993220338983,77.83,1,24135.4433661131,1,0.894409699247168,5675
"Significant_Damage_And_Serious_Injuries",30.8219178082192,16,0,72.151321786691,0.413480706815723,84.72,6,36877.7475481149,3,0.00892252524172122,6025
"Minor_Damage_And_Injuries",63.6529680365297,6,7,52.6891522333637,0.317916336098088,78.06,4,30190.7653146865,2,0.0552675261246095,11121
"Significant_Damage_And_Serious_Injuries",33.7442922374429,15,6,79.8541476754786,0.31358889289578,81.08,3,30317.4037657127,1,0.15210902545666,8528
"Highly_Fatal_And_Damaging",34.8401826484018,11,19,60.2552415679125,0.367321312657771,78.64,2,28904.6970099578,1,0.391182535671112,7301
"Minor_Damage_And_Injuries",46.027397260274,15,9,66.8641750227894,0.272117562206996,81.82,1,32555.6438294962,2,1.18973850932643,11022
"Significant_Damage_And_Fatalities",48.8584474885845,17,5,71.8778486782133,0.238940497655968,79.81,7,40703.0696321804,2,0.00355323475577511,2380
"Significant_Damage_And_Serious_Injuries",32.3744292237443,15,1,76.0255241567913,0.286181752614497,78.8,3,38883.4914547263,3,0.192732679814333,5318
"Significant_Damage_And_Serious_Injuries",35.7077625570776,14,2,82.3154056517776,0.221270104579877,75.68,3,16837.0598386233,1,0.0832574867262534,4979
"Significant_Damage_And_Fatalities",21.8721461187215,15,0,55.1959890610757,0.240743598990263,76.49,1,47507.7168742865,2,1.74851946088815,1744
"Highly_Fatal_And_Damaging",39.3607305936073,10,11,65.7247037374658,0.449903353768481,77.5,1,21489.4750236165,1,0.79055360627557,12352
"Significant_Damage_And_Fatalities",38.0365296803653,10,1,54.0565177757521,0.384270465200144,78.47,4,35695.9901661657,1,0.0650374206705968,8526
"Highly_Fatal_And_Damaging",29.1780821917808,13,1,64.9498632634458,0.345684096646231,77.56,1,35104.5670299863,2,1.29384557291003,11976
"Significant_Damage_And_Serious_Injuries",42.8767123287671,12,14,70.1458523245214,0.326931842769563,83.01,3,30428.3031280998,3,0.150707712103425,4611
"Significant_Damage_And_Serious_Injuries",37.2602739726027,14,2,58.9334548769371,0.444854670032455,78.85,7,42912.5244287391,1,0.0042971745609235,8166
"Minor_Damage_And_Injuries",39.4520547945205,17,2,59.9361896080219,0.349290299314821,84.1,1,29033.2942473191,3,1.06635953548775,7045
"Significant_Damage_And_Serious_Injuries",47.1232876712329,11,9,66.1349134001823,0.337750450775333,78.5,3,24548.4321880672,0,0.122797458811414,9244
"Highly_Fatal_And_Damaging",31.2328767123288,12,2,74.7493163172288,0.201796610169491,76.27,1,31531.7961960508,1,1.16290206831625,2544
"Minor_Damage_And_Injuries",36.0730593607306,18,2,76.6180492251596,0.346405337179949,78.83,1,17085.5195189085,2,0.664870453860243,3819
"Highly_Fatal_And_Damaging",40.958904109589,9,4,76.4357338195078,0.281854309412189,84.48,4,27206.7774652661,3,0.0496227386047458,8854
"Significant_Damage_And_Serious_Injuries",47.8995433789954,18,2,46.0346399270738,0.495702127659574,81.55,7,30664.9684488475,3,0.00290877946932873,8087
"Significant_Damage_And_Fatalities",41.3698630136986,9,0,47.1741112123974,0.456755138838803,82.08,1,38407.9547138139,2,1.40775526841574,1489