"Severity","Safety_Score","Days_Since_Inspection","Total_Safety_Complaints","Control_Metric","Turbulence_In_gforces","Cabin_Temperature","Accident_Type_Code","Max_Elevation","Violations","Adverse_Weather_Metric","Accident_ID"
"Highly_Fatal_And_Damaging",42.3287671232877,9,8,80.6289881494986,0.33161990623873,82.8,4,33680.0996768755,1,0.0609113242530921,12014
"Highly_Fatal_And_Damaging",41.1415525114155,9,5,80.9024612579763,0.291591056617381,83.38,1,27249.2882011085,3,1.00658436939197,2116
"Significant_Damage_And_Serious_Injuries",27.3972602739726,17,0,76.5268915223336,0.202157230436351,78.7,4,37623.173029289,3,0.0685210393095788,7302
"Minor_Damage_And_Injuries",61.2328767123288,10,15,72.7438468550593,0.427905517490083,79.23,2,45300.0270165971,3,0.610441182645266,228
"Minor_Damage_And_Injuries",28.8127853881279,16,1,54.3299908842297,0.375254958528669,81.57,1,30380.8615154131,2,1.11764943565971,10411
"Significant_Damage_And_Serious_Injuries",56.3013698630137,8,1,60.4375569735643,0.512651280201947,76.99,3,38732.7086974327,1,0.192532112277346,10430
"Significant_Damage_And_Serious_Injuries",43.3333333333333,12,1,57.4293527803099,0.442690948431302,83.9,2,37121.9154719923,3,0.503141110685375,8007
"Highly_Fatal_And_Damaging",34.7945205479452,11,0,74.2479489516864,0.198190407500902,80.49,6,37066.9622418898,1,0.0084067327022918,9737
"Significant_Damage_And_Serious_Injuries",24.703196347032,18,3,62.0783956244303,0.518421204471691,83.48,6,36405.033044569,1,0.00831707573304156,9455
"Highly_Fatal_And_Damaging",20.4566210045662,15,26,58.4320875113947,0.467573746844573,77.48,4,25242.7895510956,1,0.0453050042984426,11089
"Significant_Damage_And_Serious_Injuries",18.3561643835616,20,9,68.5961713764813,0.308540209159754,76.74,3,21890.5709145531,3,0.106939063681618,3392
"Significant_Damage_And_Fatalities",35.1141552511415,11,10,50.7292616226071,0.527076090876307,81.42,4,36601.5952977368,3,0.0678905095124799,11613
"Significant_Damage_And_Fatalities",68.4931506849315,11,3,59.1157702825889,0.365878831590335,79.21,7,35154.7272649408,2,0.00321236301491286,3970
"Significant_Damage_And_Serious_Injuries",41.8264840182648,12,0,62.6709206927985,0.317555715831229,82.41,3,21402.7601137385,2,0.105168517981374,4147
"Significant_Damage_And_Serious_Injuries",56.7579908675799,8,10,59.024612579763,0.362633249188604,77.17,7,39867.4739975014,1,0.00365445166324481,11153
"Highly_Fatal_And_Damaging",26.7123287671233,13,25,63.9015496809481,0.264183916336098,80.96,1,23362.5382988508,2,0.859867417828303,6001
"Significant_Damage_And_Fatalities",78.5844748858447,8,1,93.1631722880583,0.261659574468085,78.7,7,44434.0871487718,3,0.00394519026872028,2289
"Significant_Damage_And_Fatalities",21.2785388127854,15,5,45.1686417502279,0.699813198701766,79.06,1,48583.5486330922,2,1.78191383868167,7371
"Significant_Damage_And_Serious_Injuries",66.5753424657534,9,2,37.2835004557886,0.59451208077894,80.2,4,24079.4243606516,1,0.0438556546147655,11166
"Highly_Fatal_And_Damaging",9.08675799086758,18,4,56.608933454877,0.365878831590335,79.71,3,33783.7823562274,0,0.16875836276271,6552
"Significant_Damage_And_Serious_Injuries",72.0091324200913,9,2,45.3965360072927,0.520945546339704,78.67,7,25644.4684192504,0,0.00214351929204433,9604
"Minor_Damage_And_Injuries",46.8949771689498,14,6,66.0893345487694,0.309982690227191,78.3,1,24554.5855122477,2,0.887893341795068,3416
"Minor_Damage_And_Injuries",47.7625570776256,14,1,71.0118505013674,0.52238802740714,79.89,2,42622.3715192289,3,0.579515445156363,7204
"Minor_Damage_And_Injuries",50.2739726027397,13,11,69.644484958979,0.460361341507393,83.08,2,16200.3364300591,2,0.214957084741899,10801
"Highly_Fatal_And_Damaging",18.1278538812785,16,5,57.8395624430264,0.330538045438154,78,5,31647.884323696,3,0.0217919427663462,12049
"Highly_Fatal_And_Damaging",27.0776255707763,14,1,69.3710118505014,0.311425171294627,78.3,2,35553.1857893287,3,0.482865676422502,5121
"Highly_Fatal_And_Damaging",46.3470319634703,8,2,72.0145852324522,0.302770284890011,79.76,2,39338.0906903955,1,0.532383164557223,3872
"Significant_Damage_And_Serious_Injuries",48.310502283105,10,4,57.5205104831358,0.526354850342589,79.21,6,32656.9970926707,2,0.00784444465721868,5704
"Highly_Fatal_And_Damaging",47.8995433789954,14,3,41.841385597083,0.745972592859718,81.17,3,14274.0590139556,3,0.0728513382155746,2117
"Minor_Damage_And_Injuries",44.2922374429224,15,9,76.7092069279854,0.281854309412189,82.53,2,23412.7822849923,2,0.315570346061336,10891
"Significant_Damage_And_Serious_Injuries",27.945205479452,17,1,57.2470373746582,0.441609087630725,76.58,7,32243.5526097867,2,0.00310121839325321,2595
"Significant_Damage_And_Fatalities",79.4063926940639,8,1,74.5214220601641,0.478392354850342,82.26,1,30270.7936697433,0,1.11357000206576,3535
"Significant_Damage_And_Serious_Injuries",39.4977168949772,13,0,72.1969006381039,0.416726289217454,78.3,3,29135.8671429797,4,0.145497843024578,1063
"Highly_Fatal_And_Damaging",34.0182648401826,18,0,46.3536918869645,0.663029931482149,87.11,2,11344.0221880675,2,0.167498543894157,7700
"Minor_Damage_And_Injuries",58.0365296803653,11,6,68.915223336372,0.254086548864046,83.45,2,36790.5008094017,3,0.499470695720181,6388
"Minor_Damage_And_Injuries",50.365296803653,13,11,77.1649954421149,0.23461305445366,80.61,2,40666.4707114104,2,0.550538133768456,6659
"Significant_Damage_And_Fatalities",52.1461187214612,16,0,82.9535095715588,0.271396321673278,78.11,7,37253.905366837,1,0.00364068615017295,11606
"Minor_Damage_And_Injuries",43.2420091324201,12,10,52.1422060164084,0.522748647673999,79.89,1,21595.6871451792,1,0.80163630121652,7308
"Significant_Damage_And_Serious_Injuries",37.5799086757991,14,9,61.8960802187785,0.275723764875586,79.05,6,33355.8640395299,1,0.00829563861629398,10098
"Highly_Fatal_And_Damaging",24.6118721461187,14,2,62.0783956244303,0.452788315903353,81.09,4,24892.5561259657,1,0.0453407640350258,2111
"Highly_Fatal_And_Damaging",52.2374429223744,9,14,78.0765724703738,0.179438153624233,78.56,1,9759.36233674942,3,0.416754744346556,6244
"Significant_Damage_And_Serious_Injuries",42.5114155251142,12,13,79.5806745670009,0.222351965380454,79.18,6,27724.2560137305,2,0.00687215599404899,7230
"Highly_Fatal_And_Damaging",22.7853881278539,15,13,73.0173199635369,0.333062387306166,88.57,2,23513.7633170546,2,0.315638700388621,6602
"Significant_Damage_And_Serious_Injuries",49.4977168949772,10,5,68.7784867821331,0.27067508113956,81.1,3,38968.236520878,3,0.19399576228932,9668
"Highly_Fatal_And_Damaging",20.958904109589,15,9,70.5560619872379,0.308900829426614,79.58,1,36818.9843862443,3,1.34784952706186,9927
"Highly_Fatal_And_Damaging",20.1826484018265,15,3,65.8158614402917,0.193502344031734,78.99,4,27035.8387936996,2,0.049008374205047,10172
"Minor_Damage_And_Injuries",42.283105022831,12,11,40.0638103919782,0.51878182473855,79.89,6,39871.1860729164,1,0.0100253470599817,1223
"Significant_Damage_And_Fatalities",41.3698630136986,9,7,52.6891522333637,0.328374323837,77.3,3,27243.1511537835,2,0.135825197385825,3473
"Minor_Damage_And_Injuries",30.5936073059361,16,4,53.5551504102097,0.310703930760908,76.92,6,8585.99810381528,1,0.00043630082173008,8303
"Minor_Damage_And_Injuries",55.662100456621,12,2,80.8568824065634,0.219467003245582,81.04,2,47106.1353795642,1,0.637636244705519,872
"Significant_Damage_And_Serious_Injuries",65.4337899543379,9,37,54.0565177757521,0.436560403894699,75.35,7,44574.0627231152,3,0.00407626271729509,8380
"Highly_Fatal_And_Damaging",72.5570776255708,7,8,18.4594348222425,0.774822214208438,79.13,3,33579.7049880148,2,0.167321669948203,3822
"Significant_Damage_And_Serious_Injuries",63.6986301369863,13,0,45.6244302643574,0.496783988460151,79.64,1,35305.1741362138,0,1.29734642507529,1496
"Highly_Fatal_And_Damaging",38.9954337899543,10,2,62.8076572470374,0.328734944103858,80.53,4,42489.0677436993,1,0.0775283006898538,7910
"Significant_Damage_And_Serious_Injuries",42.5114155251142,12,6,68.049225159526,0.311064551027768,81.06,4,26755.0079413697,2,0.049008374205047,12257
"Highly_Fatal_And_Damaging",44.4292237442922,8,4,62.2607110300821,0.409513883880274,80.06,4,30372.7583025121,4,0.0557625104986608,10261
"Highly_Fatal_And_Damaging",51.324200913242,13,0,54.2844120328168,0.467213126577713,75.97,3,37599.7096257826,3,0.187522601295637,5912
"Significant_Damage_And_Fatalities",63.1963470319635,13,12,66.362807657247,0.572514244500541,76.71,3,28354.1216769969,1,0.142232506047654,1593
"Minor_Damage_And_Injuries",29.0867579908676,16,0,42.5706472196901,0.447379011900469,83.27,4,22647.2609041561,3,0.0412718889170117,6947
"Highly_Fatal_And_Damaging",15.1598173515982,17,0,78.0309936189608,0.247234763793725,79.51,4,33822.1986231116,3,0.0620699590838415,6883
"Significant_Damage_And_Serious_Injuries",46.1643835616438,11,3,69.2798541476755,0.306376487558601,86.31,3,33523.7023387974,2,0.168586748894355,5774
"Minor_Damage_And_Injuries",30.3196347031963,16,9,57.0191431175934,0.284739271547061,78.74,3,18917.972732299,1,0.0966196448634178,1232
"Significant_Damage_And_Fatalities",28.8584474885845,13,6,51.2762078395624,0.422496213487198,87,4,29784.7464710627,1,0.0546421866657251,2811
"Significant_Damage_And_Serious_Injuries",62.7853881278539,6,4,80.0820419325433,0.502914532996754,79.28,3,33346.7855725603,3,0.166023869314956,5413
"Minor_Damage_And_Injuries",45.3424657534247,15,1,72.8350045578852,0.329456184637577,81.26,2,49881.2703654481,2,0.678555591591014,8256
"Highly_Fatal_And_Damaging",35.9817351598173,11,7,67.5478577939836,0.344602235845654,80.96,1,35322.6759778569,3,1.30484074303551,11370
"Significant_Damage_And_Serious_Injuries",38.0821917808219,13,3,65.9525979945305,0.33883231157591,75.68,3,36742.9903189402,1,0.182502202884981,7606
"Significant_Damage_And_Fatalities",12.6940639269406,18,6,55.3783044667274,0.309982690227191,82.81,4,36830.544529354,3,0.0673084209630457,3054
"Highly_Fatal_And_Damaging",11.5068493150685,18,1,88.2862351868733,0.179438153624233,77.63,2,30094.0892361481,2,0.408795983721773,6574
"Significant_Damage_And_Serious_Injuries",77.7625570776256,8,0,51.4585232452142,0.640310854670032,79.03,7,24122.8234182072,3,0.00221747457417748,186
"Significant_Damage_And_Serious_Injuries",40.365296803653,13,5,70.6927985414767,0.372369996393797,78.23,4,28800.0058613255,2,0.0527454649500691,1855
"Highly_Fatal_And_Damaging",28.9041095890411,13,2,68.3682771194166,0.398695275874504,81.48,4,32874.4118594201,2,0.060013008820757,11124
"Minor_Damage_And_Injuries",54.9771689497717,12,4,59.9817684594348,0.37489433826181,79.31,6,36365.817710587,2,0.00919704057079272,8598
"Significant_Damage_And_Serious_Injuries",34.9315068493151,14,13,62.0783956244303,0.456033898305084,80.35,6,18816.7236153139,1,0.00428006250744553,3926
"Minor_Damage_And_Injuries",44.4292237442922,12,14,51.7775752051048,0.549795167688424,80.32,7,38896.1729120633,2,0.00365445166324481,5446
"Minor_Damage_And_Injuries",41.5525114155251,16,6,84.1385597082954,0.280411828344753,81.08,2,30336.1814847037,1,0.412117131132194,5755
"Significant_Damage_And_Fatalities",9.31506849315068,19,10,49.8632634457612,0.354699603317706,77.56,7,27972.920650648,1,0.00290241121216763,3122
"Significant_Damage_And_Serious_Injuries",39.9086757990868,13,4,82.2242479489517,0.318276956364948,81.53,3,23126.2919667346,1,0.114395822423754,11768
"Significant_Damage_And_Serious_Injuries",62.3744292237443,6,2,57.4293527803099,0.466491886043996,79.1,5,43400.0276095646,3,0.0303417057566337,3217
"Highly_Fatal_And_Damaging",27.1689497716895,13,4,67.7301731996354,0.25264406779661,89.13,4,25170.3306255207,0,0.0458304234541713,8851
"Significant_Damage_And_Serious_Injuries",40.7762557077626,13,17,73.3363719234275,0.458197619906239,76.4,3,37862.9199927159,3,0.189583681078914,5322
"Minor_Damage_And_Injuries",47.4885844748858,11,0,53.9197812215132,0.432232960692391,79.6,2,40360.6120851516,2,0.545562193337738,4091
"Minor_Damage_And_Injuries",46.8493150684931,14,9,83.8650865998177,0.289427335016228,87.79,2,40622.7292936029,3,0.549198026049296,11872
"Highly_Fatal_And_Damaging",38.4474885844749,10,7,85.5970829535096,0.263823296069239,81.7,2,22068.2222270981,2,0.300683552375606,1952
"Significant_Damage_And_Serious_Injuries",46.1187214611872,11,0,46.0346399270738,0.602445726649838,81.42,3,39473.0950351313,0,0.198115802383051,10387
"Minor_Damage_And_Injuries",77.6712328767123,2,14,64.767547857794,0.37128813559322,82.49,2,28213.4276195929,3,0.381682846576649,6325
"Significant_Damage_And_Serious_Injuries",31.9634703196347,15,0,61.5770282588879,0.483801658853228,83.57,2,36109.0128717011,2,0.488682348438616,3211
"Highly_Fatal_And_Damaging",50.5022831050228,13,9,47.7210574293528,0.351454020915975,77.92,2,29368.1675507863,2,0.399359325657671,7579
"Significant_Damage_And_Fatalities",29.6803652968037,13,15,54.922515952598,0.430790479624955,87,2,24744.1584157867,1,0.335627808937991,3274
"Significant_Damage_And_Serious_Injuries",29.4977168949772,16,2,62.8532360984503,0.321522538766679,85.26,5,36656.5473460937,3,0.0253444907773519,11342
"Highly_Fatal_And_Damaging",56.027397260274,12,18,56.0619872379216,0.388237288135593,77.74,6,27903.5708666369,1,0.0067000798171221,10399
"Significant_Damage_And_Serious_Injuries",20.0456621004566,19,8,54.6946216955333,0.467213126577713,77.75,7,14240.5726310785,3,0.00139529357099632,3880
"Minor_Damage_And_Injuries",47.4885844748858,11,0,50.5925250683683,0.523469888207717,79.89,2,20134.1452289941,2,0.266623438582304,6337
"Highly_Fatal_And_Damaging",36.1643835616438,11,1,67.5934366453965,0.257332131265777,80.98,4,27412.2647189097,1,0.0503896935162612,9532
"Significant_Damage_And_Serious_Injuries",52.9680365296804,9,3,66.7274384685506,0.311785791561485,88.62,6,23998.3048588661,3,0.00630093883464786,3565
"Significant_Damage_And_Fatalities",10.8675799086758,18,2,54.4667274384686,0.484162279120086,78.13,4,34345.363421422,4,0.0628086341822525,1113
"Minor_Damage_And_Injuries",58.4018264840183,11,5,64.8131267092069,0.458918860439956,80.63,2,32702.1479935482,1,0.44294859208894,6138
"Highly_Fatal_And_Damaging",30.1826484018265,12,6,62.1239744758432,0.427905517490083,80.55,6,17869.2712881728,2,0.00477461805321776,2925
"Significant_Damage_And_Serious_Injuries",50,16,19,48.9516864175023,0.431872340425532,76.48,7,22951.8359276977,3,0.00220164886877366,2017
"Significant_Damage_And_Serious_Injuries",40.7762557077626,13,0,70.1914311759344,0.546188965019834,78.23,3,29683.2963574721,4,0.14794422081512,11513
"Highly_Fatal_And_Damaging",30.7762557077626,19,2,44.3938012762078,0.339192931842769,79.57,3,21741.0794070774,2,0.107173257715093,11448
"Significant_Damage_And_Serious_Injuries",62.6940639269406,6,5,80.4010938924339,0.308540209159754,78.43,6,28627.913808827,1,0.00752627012290646,5193
"Highly_Fatal_And_Damaging",64.9315068493151,9,15,49.6809480401094,0.347487197980527,76.3,2,15521.1855005986,1,0.217882733481642,5994
"Significant_Damage_And_Serious_Injuries",36.7579908675799,14,10,72.8350045578852,0.237858636855391,79.58,1,44088.6452562181,0,1.60598230838271,1054
"Highly_Fatal_And_Damaging",55.4337899543379,12,1,50.1823154056518,0.564219978362784,77.9,5,44244.6291824378,2,0.0297081807839066,7303
"Significant_Damage_And_Serious_Injuries",19.3607305936073,19,0,59.8906107566089,0.523469888207717,77.97,4,35901.4803701807,1,0.0665789502615001,10207
"Significant_Damage_And_Serious_Injuries",49.5890410958904,10,3,88.6508659981769,0.17330760908763,80.98,6,46306.1920701527,2,0.0116993176601363,7028
"Significant_Damage_And_Serious_Injuries",48.7214611872146,18,19,44.3482224247949,0.621919221060224,79.37,6,22727.3215190547,2,0.00559553599617865,4996
"Minor_Damage_And_Injuries",46.4840182648402,11,13,45.8523245214221,0.355781464118283,78.68,3,24518.0124669493,4,0.121332213492387,7031
"Minor_Damage_And_Injuries",27.945205479452,20,6,76.4813126709207,0.264905156869816,83.54,5,23270.1330877074,3,0.014990810229226,11756
"Highly_Fatal_And_Damaging",20.1826484018265,15,0,85.5515041020967,0.263823296069239,78.15,3,33146.0700290333,1,0.165002363929807,9431
"Minor_Damage_And_Injuries",39.4520547945205,13,0,48.2224247948952,0.493899026325279,81.15,6,45332.3027606441,4,0.0115170923405015,1954
"Significant_Damage_And_Serious_Injuries",29.9543378995434,16,12,61.3947128532361,0.443051568698161,79.39,7,32666.8093913512,3,0.00308618231767189,5384
"Highly_Fatal_And_Damaging",50.5022831050228,6,3,80.355515041021,0.293394157951677,77.2,4,45606.553612458,3,0.0827923767001147,12135
"Highly_Fatal_And_Damaging",19.9086757990868,16,0,64.1294439380128,0.368763793725207,78.46,4,55982.2927170896,2,0.114134651826475,1867
"Highly_Fatal_And_Damaging",27.7168949771689,13,2,74.7948951686418,0.361190768121168,79.85,2,37435.5727950293,1,0.508617991345571,3505
"Highly_Fatal_And_Damaging",33.8356164383562,11,1,73.6098450319052,0.412398846015146,84.4,1,33963.8106036965,1,1.2490580969436,3184
"Significant_Damage_And_Fatalities",68.2648401826484,12,1,73.746581586144,0.351454020915975,81.46,2,29887.8059671659,0,0.406933961928359,3713
"Significant_Damage_And_Serious_Injuries",47.8995433789954,11,0,74.8860528714676,0.306015867291742,81.13,3,33067.6244116376,2,0.165002363929807,7614
"Significant_Damage_And_Fatalities",81.4611872146119,7,3,79.9453053783045,0.235334294987378,81.38,7,21640.5346612075,3,0.00176888242017908,11071
"Minor_Damage_And_Injuries",50.1369863013699,13,12,69.9179580674567,0.464328164442842,76.09,2,16200.3364300591,3,0.209602822932632,8924
"Significant_Damage_And_Fatalities",27.5342465753425,13,1,43.1631722880583,0.485965380454381,79.92,1,30233.1910796089,2,1.11404091836545,4270
"Highly_Fatal_And_Damaging",25.9817351598173,14,3,59.6171376481313,0.426823656689506,77.25,4,21403.6699174049,3,0.0398611264038201,11243
"Highly_Fatal_And_Damaging",36.1187214611872,11,7,58.7967183226983,0.41816877028489,78.06,4,34804.2208097873,3,0.0645381425247153,11075
"Highly_Fatal_And_Damaging",18.5388127853881,16,7,62.0783956244303,0.42538117562207,81.18,4,26227.6377360108,3,0.0486066327281578,4257
"Minor_Damage_And_Injuries",44.337899543379,15,4,93.6645396536008,0.229203750450775,83.34,2,30619.787367647,2,0.415749786415761,5394
"Highly_Fatal_And_Damaging",12.1917808219178,18,5,75.432999088423,0.290509195816805,79.84,2,20313.4761672518,2,0.274727998472217,9998
"Minor_Damage_And_Injuries",45.2054794520548,15,1,83.9106654512306,0.231367472051929,78.02,2,34553.5335145431,1,0.468290903150115,7436
"Significant_Damage_And_Fatalities",83.6529680365297,7,1,64.1750227894257,0.273199423007573,77.55,7,33393.2531864311,4,0.0031164589957626,9983
"Significant_Damage_And_Fatalities",51.5525114155251,17,1,56.4266180492252,0.324768121168409,76.3,5,36324.9430018409,3,0.0240574874578318,8024
"Significant_Damage_And_Serious_Injuries",18.7214611872146,19,9,82.2242479489517,0.371648755860079,84.33,6,56224.4463125981,2,0.0144743650411241,7320
"Significant_Damage_And_Serious_Injuries",33.7899543378995,15,2,67.2743846855059,0.387516047601875,78.59,3,13375.3548625214,2,0.0639965250235573,5815
"Highly_Fatal_And_Damaging",25.662100456621,21,10,56.8368277119417,0.307818968626037,78.84,7,21723.6549068887,2,0.00192218331023255,138
"Significant_Damage_And_Serious_Injuries",52.9680365296804,9,1,72.6071103008204,0.42177497295348,76.69,3,31688.288371221,2,0.157967679969144,7645
"Significant_Damage_And_Fatalities",39.4063926940639,10,8,53.9197812215132,0.551598269022719,80.02,1,21865.1119571099,3,0.80163630121652,2564
"Highly_Fatal_And_Damaging",13.7442922374429,17,5,70.7383773928897,0.324046880634692,77.92,3,31286.0968486773,3,0.155972033378461,4440
"Highly_Fatal_And_Damaging",55.2511415525114,12,8,48.7237921604376,0.508684457266498,77.93,3,44516.6297345178,1,0.219711212455005,10352
"Significant_Damage_And_Serious_Injuries",66.5753424657534,5,14,48.1312670920693,0.625164803461954,79.75,3,42042.617934553,2,0.209340192839862,5432
"Minor_Damage_And_Injuries",38.4474885844749,17,3,70.1458523245214,0.370927515326361,80.96,5,31310.5467247019,2,0.0210757990183275,11129
"Highly_Fatal_And_Damaging",15.662100456621,17,3,60.1640838650866,0.28149368914533,85.9,6,16878.4843087957,2,0.00446187925089134,12185
"Significant_Damage_And_Serious_Injuries",53.8356164383562,9,3,75.4785779398359,0.370927515326361,76.09,2,25019.9299511302,1,0.337996374568915,4789
"Significant_Damage_And_Serious_Injuries",55.7990867579909,8,12,77.6663628076573,0.334865488640461,82.88,4,29115.931734689,3,0.0536168001945233,9514
"Significant_Damage_And_Serious_Injuries",29.634703196347,16,0,74.7948951686418,0.384631085467003,76.85,6,29135.8671429797,2,0.00709274081165025,10532
"Minor_Damage_And_Injuries",57.6712328767123,11,4,73.9744758432088,0.232809953119365,78.67,1,22336.4072040184,2,0.826575575601819,7793
"Significant_Damage_And_Serious_Injuries",43.6529680365297,12,10,67.9124886052872,0.309261449693473,79.17,3,20822.3094350999,2,0.104738442481832,10804
"Highly_Fatal_And_Damaging",45.1598173515982,8,20,77.3473108477666,0.245792282726289,82.15,7,51867.8412800447,3,0.00469611599491054,12124
"Highly_Fatal_And_Damaging",22.1917808219178,15,4,71.0118505013674,0.334865488640461,81.26,1,13658.8165000358,2,0.518572471316774,9422
"Significant_Damage_And_Fatalities",68.6301369863014,11,4,88.4685505925251,0.185208077893978,79.88,3,30107.3466414306,2,0.149678160752922,11459
"Minor_Damage_And_Injuries",59.4063926940639,11,16,76.9371011850502,0.428266137756942,78.18,2,29288.4481049155,1,0.393439913783782,4404
"Significant_Damage_And_Fatalities",55.7990867579909,15,5,80.355515041021,0.246513523260007,79.23,7,5513.58652800857,3,0.00142941827528228,9806
"Minor_Damage_And_Injuries",45.0684931506849,15,0,69.3254329990884,0.298803461954562,83.74,2,37349.2494569828,3,0.503944598786528,10620
"Significant_Damage_And_Serious_Injuries",62.1917808219178,6,1,73.0173199635369,0.352175261449693,79.79,4,34982.9927274348,2,0.0640529720617364,94
"Significant_Damage_And_Fatalities",22.8310502283105,15,2,47.2196900638104,0.438724125495853,79.46,2,27716.3461658188,1,0.37781960523515,5799
"Significant_Damage_And_Serious_Injuries",41.689497716895,13,2,73.9744758432088,0.4145625676163,81.02,3,19754.5812375961,3,0.0984961040817364,7819
"Significant_Damage_And_Serious_Injuries",37.3059360730594,14,7,79.2160437556974,0.224876307248467,78.08,6,34929.7404234047,2,0.00847670132384697,9037
"Significant_Damage_And_Serious_Injuries",39.4520547945205,13,21,69.4165907019143,0.462885683375405,79.07,3,44552.8688266593,4,0.219973373513227,7187
"Highly_Fatal_And_Damaging",53.7899543378995,9,2,80.6745670009116,0.219827623512441,81.62,1,29328.1457819013,3,1.09257988690076,7343
"Significant_Damage_And_Serious_Injuries",29.3150684931507,16,5,74.3391066545123,0.232809953119365,76.16,3,35317.9119389435,3,0.175319533122878,8910
"Minor_Damage_And_Injuries",35.3881278538813,18,1,66.1804922515953,0.430429859358096,82.31,2,41053.1448653431,1,0.55615816233822,1065
"Significant_Damage_And_Serious_Injuries",31.5068493150685,16,5,58.1130355515041,0.330538045438154,79.72,6,20387.3561978739,4,0.00525582108950875,7047
"Significant_Damage_And_Serious_Injuries",47.1232876712329,11,7,61.3947128532361,0.330898665705012,82.14,5,39675.1874961908,2,0.0257192489346566,5164
"Highly_Fatal_And_Damaging",48.4474885844749,14,3,48.0856882406563,0.441969707897583,77.69,2,27506.8489311607,3,0.372872915328827,10574
"Highly_Fatal_And_Damaging",39.3607305936073,10,1,60.665451230629,0.395089073205914,82.81,4,36221.8583930304,2,0.0666840699604456,500
"Minor_Damage_And_Injuries",76.1187214611872,6,11,65.1321786690975,0.356142084385142,77.1,2,10487.6113017373,3,0.169198630884806,6200
"Significant_Damage_And_Serious_Injuries",79.6803652968037,8,22,45.3965360072927,0.717844212044716,78.87,7,42042.617934553,3,0.00405282678592106,2899
"Significant_Damage_And_Serious_Injuries",66.2557077625571,12,14,46.9462169553327,0.566023079697079,79.99,1,31864.0881889396,3,1.17221429563847,10367
"Highly_Fatal_And_Damaging",42.6940639269406,9,10,85.1868732907931,0.281854309412189,81.73,1,35115.5284801318,3,1.29520155662408,7961
"Minor_Damage_And_Injuries",19.5433789954338,19,0,38.9243391066545,0.612543094121889,88.01,1,33952.9192761142,2,1.2581610297204,2392
"Significant_Damage_And_Fatalities",45.5707762557078,18,0,54.5578851412944,0.369485034258925,83.01,4,31450.5945994523,2,0.0577073115841411,8474
"Minor_Damage_And_Injuries",33.7442922374429,18,6,54.1932543299909,0.592348359177785,79.2,3,31061.9466627436,4,0.154648326213696,12298
"Significant_Damage_And_Fatalities",22.7397260273973,15,2,54.4667274384686,0.357584565452579,81.32,4,27318.3584282491,3,0.0504060151108843,6748
"Significant_Damage_And_Serious_Injuries",35.5251141552511,14,8,72.3792160437557,0.363715109989181,76.92,4,30163.1094343542,2,0.0556296473123615,8813
"Significant_Damage_And_Fatalities",20.1826484018265,15,3,48.313582497721,0.460000721240533,79.09,4,26548.8926588994,1,0.0476631666833656,5976
"Minor_Damage_And_Injuries",48.9954337899543,14,3,58.4776663628077,0.387876667868734,82.99,2,37854.0579003469,2,0.512529005817856,11255
"Minor_Damage_And_Injuries",52.5570776255708,13,2,82.1786690975388,0.268871979805265,79.54,2,32572.0731531787,2,0.440815074578912,9011
"Highly_Fatal_And_Damaging",33.6073059360731,18,12,56.7000911577028,0.605691309051569,81.66,5,38272.3004557261,2,0.0257876732003757,2598
"Highly_Fatal_And_Damaging",22.7397260273973,15,7,73.0173199635369,0.265987017670393,81.91,4,29660.9634883589,1,0.0548654683705585,3693
"Minor_Damage_And_Injuries",49.4520547945205,14,14,67.3199635369189,0.192059862964299,88.11,7,34480.663199033,2,0.00332582050992828,4973
"Significant_Damage_And_Fatalities",61.8721461187214,13,13,69.5077484047402,0.246874143526866,77.27,7,27295.816524348,3,0.00248377555471595,1743
"Highly_Fatal_And_Damaging",16.5296803652968,16,4,59.1613491340018,0.382827984132708,78.72,1,35522.8141162109,4,1.30792861200427,10096
"Significant_Damage_And_Fatalities",39.5433789954338,9,2,52.6435733819508,0.456033898305084,77.48,4,30820.2088729057,4,0.0563295397232032,9312
"Minor_Damage_And_Injuries",50.1369863013699,13,12,69.5989061075661,0.303852145690588,79.62,4,36389.9128217396,1,0.0667669966668297,4424
"Significant_Damage_And_Fatalities",39.5433789954338,9,1,38.3318140382862,0.671324197619906,88.18,4,22647.2609041561,1,0.0412718889170117,10668
"Minor_Damage_And_Injuries",63.6529680365297,9,12,67.7301731996354,0.374533717994951,80.13,5,36375.7754979743,2,0.0242272154503316,6902
"Significant_Damage_And_Fatalities",23.4703196347032,14,6,53.5095715587967,0.264544536602957,76.93,1,18799.4895727458,2,0.691708668521294,7880
"Highly_Fatal_And_Damaging",24.8401826484018,14,21,62.0328167730173,0.527797331410025,76.07,4,21212.0283049257,3,0.0383477654432181,8992
"Significant_Damage_And_Fatalities",61.7808219178082,13,13,64.4484958979034,0.32080129823296,79.17,7,16545.0718234845,3,0.00135806999799443,11785
"Significant_Damage_And_Serious_Injuries",32.3744292237443,15,6,63.2634457611668,0.448460872701046,76.56,6,24411.8291325658,2,0.00592959349399768,8068