"Severity","Safety_Score","Days_Since_Inspection","Total_Safety_Complaints","Control_Metric","Turbulence_In_gforces","Cabin_Temperature","Accident_Type_Code","Max_Elevation","Violations","Adverse_Weather_Metric","Accident_ID"
"Significant_Damage_And_Fatalities",64.4292237442922,13,10,60.1640838650866,0.542582762351244,77.61,7,35509.2285154196,2,0.00321479368160568,6108
"Significant_Damage_And_Serious_Injuries",57.1232876712329,8,10,77.4384685505925,0.414201947349441,78.05,3,31378.0428279788,2,0.155473833405764,259
"Significant_Damage_And_Serious_Injuries",40.6392694063927,13,8,65.9070191431176,0.309982690227191,78.29,2,23123.3779300365,0,0.309756512735612,2464
"Significant_Damage_And_Fatalities",53.7442922374429,16,4,53.6918869644485,0.551598269022719,83.94,4,30195.7392180597,1,0.0556587239915045,8488
"Highly_Fatal_And_Damaging",16.4840182648402,16,1,82.1786690975388,0.14481860800577,82.97,4,45084.6916396853,3,0.0811200932683146,6937
"Highly_Fatal_And_Damaging",33.5159817351598,18,12,56.7000911577028,0.605691309051569,82.69,3,52378.4156155552,3,0.257153813877754,4437
"Highly_Fatal_And_Damaging",32.7397260273973,12,16,73.1084776663628,0.290148575549946,79.63,1,43611.8162404295,0,1.62917056541141,12008
"Minor_Damage_And_Injuries",54.1095890410959,12,1,59.1613491340018,0.355060223584565,83.12,2,41368.5261033648,3,0.558462255265561,747
"Significant_Damage_And_Serious_Injuries",66.5753424657534,5,4,58.20419325433,0.307458348359178,80.71,3,20292.7058221986,1,0.101502669686354,6926
"Highly_Fatal_And_Damaging",56.5296803652968,12,0,39.8359161349134,0.48632600072124,77.25,2,49762.7970613739,1,0.674011436218172,6465
"Significant_Damage_And_Serious_Injuries",33.7442922374429,15,16,70.1458523245214,0.299885322755139,81.85,6,28793.1686940315,3,0.0073302481648599,4396
"Significant_Damage_And_Serious_Injuries",37.0776255707762,14,16,77.9398359161349,0.298082221420844,82.75,6,22637.5246682449,1,0.00576194429255706,5012
"Highly_Fatal_And_Damaging",28.7214611872146,20,5,56.563354603464,0.351093400649116,88.39,4,18640.0725275241,2,0.0338942196143558,4412
"Highly_Fatal_And_Damaging",43.6529680365297,15,7,49.8176845943483,0.408432023079697,77.75,4,14515.7951542876,2,0.0261055313866679,5897
"Highly_Fatal_And_Damaging",31.1415525114155,12,5,85.5970829535096,0.296639740353408,83.01,1,27037.416414391,4,1.00658436939197,43
"Significant_Damage_And_Fatalities",28.9041095890411,13,6,50.6836827711942,0.481277316985214,77.74,4,36010.8964759583,3,0.0665314538675571,5574
"Significant_Damage_And_Serious_Injuries",64.2465753424657,6,4,64.6308113035552,0.35686332491886,78.28,3,33773.4031385815,3,0.167541354018373,3999
"Significant_Damage_And_Fatalities",40.6392694063927,9,6,54.0565177757521,0.551958889289578,75.9,4,37524.2542206559,2,0.0682294487333802,7787
"Significant_Damage_And_Serious_Injuries",33.6986301369863,15,6,69.5533272561531,0.309261449693473,77.52,3,16902.3486971747,1,0.0841518390163713,2084
"Highly_Fatal_And_Damaging",22.0547945205479,15,19,79.9453053783045,0.268150739271547,78.92,4,20146.9172518634,2,0.036900366110634,3223
"Minor_Damage_And_Injuries",38.1735159817352,17,0,71.6955332725615,0.36768193292463,80.14,5,37047.5511597612,2,0.0252195650776522,471
"Highly_Fatal_And_Damaging",30.4109589041096,12,6,74.9316317228806,0.22740064911648,77.29,6,30077.4161879637,2,0.00707764783638461,12395
"Significant_Damage_And_Serious_Injuries",51.4155251141552,9,16,64.0838650865998,0.445215290299315,84.19,6,30147.9054384671,3,0.00715823864903642,9982
"Significant_Damage_And_Serious_Injuries",42.5114155251142,12,4,76.0711030082042,0.293033537684818,83.38,6,34032.0959991224,1,0.00914221605107202,8501
"Highly_Fatal_And_Damaging",0,21,14,63.9015496809481,0.322604399567255,88.11,3,24144.0115271371,2,0.119252737278626,12038
"Highly_Fatal_And_Damaging",38.4474885844749,17,23,52.8258887876026,0.247956004327443,83.43,7,24506.9697360812,1,0.00230766799205518,6626
"Significant_Damage_And_Serious_Injuries",35.296803652968,14,2,64.9954421148587,0.50796321673278,80.9,3,25272.1248912302,0,0.125490502216026,5009
"Highly_Fatal_And_Damaging",53.7899543378995,12,10,56.7912488605287,0.279690587811035,77.3,1,21723.6549068887,3,0.79055360627557,10516
"Significant_Damage_And_Fatalities",57.1689497716895,15,2,74.7948951686418,0.224876307248467,80.45,7,16008.6132698744,3,0.000763558904105058,312
"Significant_Damage_And_Fatalities",34.0182648401826,11,1,50.8659981768459,0.481277316985214,77.67,4,32749.9779320715,0,0.0602230539580057,4581
"Significant_Damage_And_Serious_Injuries",51.7808219178082,9,11,61.6226071103008,0.37128813559322,82.52,3,32509.9312590937,1,0.161857417023106,933
"Significant_Damage_And_Serious_Injuries",47.1232876712329,11,7,69.9179580674567,0.316834475297511,79.86,6,19100.8703857173,3,0.00492049195200934,9406
"Highly_Fatal_And_Damaging",35.4337899543379,17,8,50.820419325433,0.438002884962135,77.62,5,49350.3336170917,1,0.0330801193794526,12316
"Minor_Damage_And_Injuries",36.2100456621005,14,3,51.0938924339107,0.377418680129823,79.97,2,36091.5527721269,1,0.494990146588943,7440
"Significant_Damage_And_Serious_Injuries",43.3333333333333,12,1,90.154968094804,0.298803461954562,83.82,5,48141.3485544039,1,0.0331635429635031,9458
"Minor_Damage_And_Injuries",50.4109589041096,13,1,72.0145852324522,0.334865488640461,84.96,2,20228.1228705605,1,0.277637542715051,7680
"Significant_Damage_And_Serious_Injuries",38.0821917808219,13,13,70.1002734731085,0.354699603317706,81.37,3,18673.766897687,2,0.0898133583444885,5959
"Highly_Fatal_And_Damaging",29.2237442922374,13,11,66.9097538742024,0.355420843851424,81.72,1,27087.6233599448,2,1.00088140899979,8445
"Minor_Damage_And_Injuries",42.0091324200913,16,13,81.0391978122151,0.234252434186801,78.76,2,22102.0385431341,3,0.292872788776625,12475
"Significant_Damage_And_Serious_Injuries",77.3059360730594,4,1,39.8814949863264,0.502914532996754,78.37,7,32364.3522171259,3,0.00304507053519024,8245
"Highly_Fatal_And_Damaging",32.2374429223744,12,4,66.2260711030082,0.463967544175982,81.76,4,27511.8404672498,3,0.0502229972557038,7357
"Significant_Damage_And_Serious_Injuries",52.9223744292237,9,0,80.4466727438469,0.262380815001803,81.04,3,29216.4159909021,1,0.145447149829291,1438
"Significant_Damage_And_Serious_Injuries",56.8949771689498,8,10,68.4138559708295,0.397974035340786,79.89,3,37489.8125581997,0,0.186096296078123,5150
"Minor_Damage_And_Injuries",68.310502283105,8,12,45.4421148587056,0.584054093040028,78.61,4,19721.1573415103,3,0.0356172029643824,6871
"Highly_Fatal_And_Damaging",27.6712328767123,13,1,55.6061987237922,0.47911359538406,78.31,4,27139.3034261052,2,0.0497094031861019,345
"Highly_Fatal_And_Damaging",23.013698630137,15,15,73.6554238833182,0.388958528669311,89.19,6,48169.6410596784,2,0.0112156858335881,9331
"Minor_Damage_And_Injuries",27.7625570776256,16,3,49.8632634457612,0.36046952758745,81.72,2,36091.5527721269,1,0.488446051686494,1395
"Minor_Damage_And_Injuries",34.2465753424658,15,5,37.8304466727438,0.605691309051569,84.51,4,30889.1456903206,2,0.0579346201443487,12451
"Highly_Fatal_And_Damaging",31.1415525114155,12,8,57.5205104831358,0.478392354850342,77.83,2,47090.2569775878,1,0.633815557320407,7422
"Significant_Damage_And_Fatalities",67.5342465753425,12,8,80.0364630811304,0.34965091958168,78.47,1,34183.3511992209,3,1.24852838980663,6191
"Significant_Damage_And_Serious_Injuries",68.2191780821918,8,2,56.7000911577028,0.469376848178867,83.58,7,27551.1035270287,2,0.00224682397687893,9628
"Significant_Damage_And_Serious_Injuries",65.4337899543379,12,1,51.2762078395624,0.598118283447529,80.17,7,42768.509481535,0,0.0042445268454015,1930
"Significant_Damage_And_Serious_Injuries",37.5799086757991,14,6,72.4247948951687,0.294836639019113,79.99,1,28770.8750092367,3,1.05885006874956,12175
"Highly_Fatal_And_Damaging",4.93150684931507,20,2,59.3892433910666,0.267429498737829,87.11,1,21997.4295032142,0,0.815688882056823,7825
"Significant_Damage_And_Serious_Injuries",25.2511415525114,17,9,66.6362807657247,0.366239451857194,80.67,3,22804.7544864591,3,0.112754072698007,385
"Significant_Damage_And_Serious_Injuries",29.0867579908676,16,3,82.2242479489517,0.287624233681933,82.59,2,36366.1530073838,1,0.488682348438616,1014
"Significant_Damage_And_Fatalities",32.4200913242009,12,8,54.2844120328168,0.59090587811035,76.99,4,31988.1959886504,0,0.0583398233039638,1319
"Highly_Fatal_And_Damaging",17.0776255707763,16,6,75.2506836827712,0.330538045438154,76.77,3,34283.7746157361,1,0.171426427391359,7461
"Highly_Fatal_And_Damaging",33.972602739726,11,4,69.5533272561531,0.324046880634692,77.2,4,32150.910882931,2,0.0592496949826449,455
"Significant_Damage_And_Serious_Injuries",27.5799086757991,17,0,61.2579762989973,0.471179949513162,80.76,6,30323.3417977417,2,0.00736580058368986,3953
"Highly_Fatal_And_Damaging",46.027397260274,8,8,67.4111212397448,0.31034331049405,83.51,3,33784.9537224768,3,0.168140868870435,6008
"Highly_Fatal_And_Damaging",56.4383561643835,11,0,55.9708295350957,0.456394518571944,83.31,2,20574.5487150508,1,0.278446237781689,1492
"Highly_Fatal_And_Damaging",20.4566210045662,15,8,63.947128532361,0.199632888568337,81.86,1,20584.3239850503,2,0.754724921194724,6194
"Minor_Damage_And_Injuries",58.0821917808219,11,5,68.915223336372,0.199632888568337,81.69,2,30479.9802452678,2,0.408795983721773,1762
"Minor_Damage_And_Injuries",57.8995433789954,11,1,74.8860528714676,0.334504868373603,88.47,1,24312.5763266109,0,0.905184703862421,1029
"Significant_Damage_And_Fatalities",44.7945205479452,8,6,52.5979945305378,0.392564731337901,77.91,4,37446.250967139,1,0.0684797739185114,1042
"Highly_Fatal_And_Damaging",35.1598173515982,11,2,79.2160437556974,0.317555715831229,74.86,7,48882.9969470896,4,0.00469611599491054,971
"Highly_Fatal_And_Damaging",53.7899543378995,5,5,63.3546034639927,0.301688424089434,81.3,4,36722.3335730371,3,0.0673826594005745,10831
"Significant_Damage_And_Fatalities",82.2374429223744,7,3,73.3819507748405,0.295197259285972,84.62,3,38792.5776652525,2,0.192732679814333,7799
"Highly_Fatal_And_Damaging",46.6666666666667,15,4,57.0647219690064,0.308900829426614,77.69,2,29894.4259492026,2,0.406933961928359,10462
"Significant_Damage_And_Fatalities",28.5388127853881,13,0,48.8149498632635,0.438002884962135,81.78,3,40797.9602108571,3,0.204090220888324,8802
"Highly_Fatal_And_Damaging",44.703196347032,8,0,62.5797629899727,0.409513883880274,77.3,1,8335.48049352774,3,0.306645190585444,5939
"Significant_Damage_And_Fatalities",60.5479452054795,14,3,70.4193254329991,0.368042553191489,76.19,7,36343.4164886713,2,0.00317375662311287,143
"Significant_Damage_And_Serious_Injuries",36.027397260274,14,25,72.6982680036463,0.233531193653083,82.46,3,35684.8827698476,1,0.176919345779094,9379
"Significant_Damage_And_Fatalities",15.8904109589041,17,0,51.9143117593437,0.49353840605842,79.81,1,13860.5783162698,2,0.518572471316774,8400
"Significant_Damage_And_Serious_Injuries",56.8949771689498,8,21,60.6198723792161,0.371648755860079,90.65,2,39765.5148626154,1,0.537374915697402,1248
"Minor_Damage_And_Injuries",66.5753424657534,8,1,72.6526891522334,0.467213126577713,84.4,7,41870.0262217125,3,0.00400045874080407,9908
"Significant_Damage_And_Fatalities",31.7351598173516,23,17,70.0091157702826,0.198190407500902,80.54,7,47182.8146074081,2,0.00387886876565629,4017
"Significant_Damage_And_Serious_Injuries",62.5114155251141,13,22,45.897903372835,0.804753696357736,76.81,7,42042.617934553,4,0.0037845533395528,4200
"Significant_Damage_And_Serious_Injuries",40.7762557077626,13,2,82.1786690975388,0.176553191489361,80.53,6,14519.2418896442,3,0.00309338983224626,9074
"Significant_Damage_And_Fatalities",64.6575342465753,13,19,72.6526891522334,0.388958528669311,80.35,1,21079.1691091078,2,0.773383504533066,8696
"Highly_Fatal_And_Damaging",54.0639269406393,9,1,59.024612579763,0.345323476379372,79.55,3,22475.1258704004,2,0.112198793945968,11862
"Significant_Damage_And_Serious_Injuries",77.7625570776256,8,1,49.2251595259799,0.541140281283808,87.34,4,37436.7322135348,4,0.0679782706767918,7912
"Significant_Damage_And_Fatalities",63.1963470319635,13,16,64.4484958979034,0.339192931842769,79.89,7,27787.3464350781,3,0.00241405163548066,8597
"Significant_Damage_And_Serious_Injuries",61.5525114155251,10,2,52.4156791248861,0.472261810313739,78.28,7,30305.5164786489,1,0.00288635775833638,12274
"Highly_Fatal_And_Damaging",47.8082191780822,14,1,48.9061075660894,0.556286332491886,77.92,2,38375.4374821499,3,0.519355070097568,8340
"Significant_Damage_And_Serious_Injuries",48.7214611872146,11,1,84.5487693710119,0.201435989902632,82.45,3,39961.8207622236,1,0.198958190239315,5036
"Minor_Damage_And_Injuries",55.1141552511415,12,2,78.7602552415679,0.335586729174179,83.6,2,25265.936551665,3,0.343286521410658,2725
"Highly_Fatal_And_Damaging",6.34703196347032,19,6,74.1567912488605,0.221270104579877,77.79,4,26198.2158404159,2,0.0484619583526901,11600
"Significant_Damage_And_Serious_Injuries",43.013698630137,12,0,57.6116681859617,0.46865560764515,83.45,6,20265.0426177619,3,0.00503019856519494,2244
"Highly_Fatal_And_Damaging",37.1232876712329,11,0,73.7010027347311,0.291591056617381,78.7,6,21036.1487262414,3,0.00569569732897192,3506
"Minor_Damage_And_Injuries",61.324200913242,10,1,61.2579762989973,0.395449693472773,80.72,4,31639.1855021958,3,0.0571970099697241,3804
"Highly_Fatal_And_Damaging",29.3607305936073,13,13,78.3044667274385,0.243989181391994,84.32,1,32806.2895663649,1,1.21102426293125,11527
"Minor_Damage_And_Injuries",60.0913242009132,10,7,81.3582497721058,0.365157591056617,81.78,2,29150.1821953109,3,0.394504816380126,11325
"Highly_Fatal_And_Damaging",27.2602739726027,13,9,86.9644484958979,0.214418319509556,80.27,2,33570.2963672233,3,0.453246293181655,10007
"Highly_Fatal_And_Damaging",51.0502283105023,13,10,0,0.606412549585286,78.39,2,23758.6115451918,2,0.321668685211402,2085
"Highly_Fatal_And_Damaging",19.6803652968037,15,3,54.5578851412944,0.335226108907321,74.82,2,61815.4982895265,0,0.836581796942541,7628
"Significant_Damage_And_Serious_Injuries",54.5205479452055,8,5,73.2907930720146,0.244349801658853,79.31,1,24609.0335512452,3,0.887893341795068,10661
"Significant_Damage_And_Serious_Injuries",64.0182648401826,13,2,53.4639927073838,0.392564731337901,77.08,7,42110.1776481671,4,0.00416866205100374,12370
"Significant_Damage_And_Serious_Injuries",32.8767123287671,15,4,95.4876937101185,0.172946988820772,83.7,6,14287.4754585327,2,0.00303189200401893,7249
"Highly_Fatal_And_Damaging",30.9132420091324,12,3,74.61257976299,0.201435989902632,76.42,1,30726.5644703725,3,1.13694765500617,6635
"Highly_Fatal_And_Damaging",22.2831050228311,15,7,70.7839562443026,0.379582401730977,78.52,4,39792.6226383172,4,0.0732355607136367,2231
"Significant_Damage_And_Serious_Injuries",34.4748858447488,14,17,75.2962625341842,0.322604399567255,82.75,6,41468.3975005761,2,0.00972433733835452,7039
"Significant_Damage_And_Fatalities",32.1461187214612,12,1,48.313582497721,0.51156941940137,77.16,4,29502.7634210532,1,0.0528451340525014,11716
"Highly_Fatal_And_Damaging",31.8264840182648,12,2,80.355515041021,0.229203750450775,79.83,1,31922.1003230797,2,1.17221429563847,10274
"Significant_Damage_And_Fatalities",36.2557077625571,11,10,53.8742023701003,0.416365668950595,80.44,4,31239.8537935055,3,0.0580288359949266,4201
"Minor_Damage_And_Injuries",69.5433789954338,8,2,70.464904284412,0.330538045438154,76.27,2,44265.5437755615,0,0.59741302238325,4051
"Significant_Damage_And_Serious_Injuries",41.324200913242,13,6,62.2607110300821,0.437281644428417,77.1,6,20637.7837001384,2,0.00526925718600814,10099
"Highly_Fatal_And_Damaging",55.8447488584475,5,7,67.9580674567001,0.399055896141363,80.35,1,23295.8406121284,2,0.859867417828303,2425
"Highly_Fatal_And_Damaging",27.4885844748858,13,0,67.0920692798541,0.58729967544176,80.71,1,38032.8138917158,1,1.39011858032607,8662
"Significant_Damage_And_Fatalities",22.3287671232877,15,4,45.1686417502279,0.478392354850342,81.45,6,12866.6100544267,1,0.0035568774101538,11802
"Minor_Damage_And_Injuries",29.4977168949772,16,2,49.1340018231541,0.431151099891814,81.39,1,32337.3176953635,1,1.18973850932643,3939
"Significant_Damage_And_Serious_Injuries",23.6529680365297,18,7,80.4466727438469,0.346765957446808,81.23,6,19201.5021304644,1,0.00427834417018891,2856
"Highly_Fatal_And_Damaging",39.7260273972603,16,7,53.0082041932544,0.311064551027768,80.14,2,32008.2193613858,2,0.431251474752445,9438
"Highly_Fatal_And_Damaging",68.9954337899543,11,1,56.608933454877,0.231728092318788,81.26,3,21723.6549068887,4,0.107908405084565,6100
"Significant_Damage_And_Fatalities",44.5205479452055,8,3,52.9170464904284,0.410235124413992,77.36,2,29202.5677288209,3,0.395213777481635,8521
"Highly_Fatal_And_Damaging",17.4429223744292,16,4,69.5533272561531,0.247234763793725,85.77,3,11940.7684814106,2,0.0594495856748826,7193
"Highly_Fatal_And_Damaging",25.296803652968,14,3,76.8003646308113,0.229564370717634,80.64,3,33358.8046009305,1,0.166023869314956,5208
"Highly_Fatal_And_Damaging",15.4794520547945,17,4,67.5022789425707,0.231367472051929,76.63,4,46674.0869460328,1,0.0845834601765373,11656
"Significant_Damage_And_Serious_Injuries",31.8721461187215,15,6,63.2178669097539,0.448460872701046,76.22,6,31721.4461489696,1,0.00810038539197636,3267
"Minor_Damage_And_Injuries",44.4292237442922,12,20,51.7775752051048,0.510848178867652,77.9,6,47882.5666610854,2,0.0114943524785138,7521
"Highly_Fatal_And_Damaging",56.6666666666667,11,1,55.9708295350957,0.335226108907321,85.61,5,49270.6706051278,3,0.0324373855024073,11871
"Minor_Damage_And_Injuries",72.9680365296803,7,0,60.8477666362808,0.46108258204111,81.26,3,33640.8300414984,2,0.167165430554854,8690
"Significant_Damage_And_Fatalities",72.0091324200913,10,7,75.7976298997265,0.287263613415074,84.92,7,34239.8497938214,3,0.00321479368160568,6437
"Significant_Damage_And_Serious_Injuries",47.8995433789954,11,9,79.8997265268915,0.29555787955283,80.55,3,24906.0402387375,2,0.124336649713543,3038
"Minor_Damage_And_Injuries",49.5890410958904,10,8,55.2415679124886,0.264905156869816,83.6,7,37713.772281611,2,0.00357842530993307,3653
"Minor_Damage_And_Injuries",52.7397260273972,13,3,48.313582497721,0.414923187883159,78.15,7,33950.8827492174,3,0.00318557811251554,11345
"Significant_Damage_And_Fatalities",55.0228310502283,16,34,64.8131267092069,0.551598269022719,78.85,6,10313.8777973577,3,0.00279254182406123,9942
"Significant_Damage_And_Fatalities",11.8264840182648,18,9,47.7666362807658,0.510126938333934,78.9,4,28451.0147010119,2,0.0521361149070095,4297
"Highly_Fatal_And_Damaging",40.6392694063927,9,13,74.2935278030994,0.33883231157591,79.37,4,37862.9199927159,0,0.0697843616372638,7001
"Significant_Damage_And_Fatalities",79.4063926940639,8,0,70.0091157702826,0.481637937252074,78.91,7,22921.0773301534,1,0.00223621061938481,5138
"Minor_Damage_And_Injuries",45.9817351598173,15,3,63.3546034639927,0.59415146051208,83.32,7,25648.6676085747,2,0.00232829982073789,8267
"Significant_Damage_And_Serious_Injuries",51.1872146118721,10,0,62.2607110300821,0.525272989542012,83.76,3,24973.6836872682,3,0.124629210450165,5407
"Minor_Damage_And_Injuries",46.4383561643836,11,13,38.7876025524157,0.635622791200865,78.9,3,22727.3215190547,2,0.113705263493203,2500
"Highly_Fatal_And_Damaging",40.8219178082192,9,2,68.7329079307201,0.250840966462315,81.53,1,38968.236520878,2,1.44569257769582,11430
"Significant_Damage_And_Fatalities",25.5707762557078,14,2,51.0483135824977,0.628410385863685,78.99,4,24188.3948414421,1,0.0444837660915728,12283
"Significant_Damage_And_Fatalities",80.958904109589,8,12,87.2379216043756,0.264544536602957,76.87,7,19262.1840059827,3,0.00165483628932035,5844
"Minor_Damage_And_Injuries",59.041095890411,11,2,69.3710118505014,0.294476018752254,80.44,2,48088.2017203851,0,0.650803040016768,7938
"Highly_Fatal_And_Damaging",28.2191780821918,13,0,64.9954421148587,0.422856833754057,79.51,7,46371.5275238705,2,0.00383708389771657,5060
"Highly_Fatal_And_Damaging",22.9680365296804,15,0,66.5451230628988,0.306737107825459,78.36,4,30605.4321457317,2,0.0560106003796652,10475
"Significant_Damage_And_Serious_Injuries",72.4657534246575,9,2,48.9061075660894,0.662308690948431,82.86,5,25644.4684192504,2,0.0173519118509636,8151
"Highly_Fatal_And_Damaging",55.662100456621,12,21,55.5150410209663,0.568186801298233,83.71,2,20204.6489775497,0,0.273440189207303,10459
"Minor_Damage_And_Injuries",65.4337899543379,12,12,77.7575205104832,0.308179588892896,76.56,2,32690.6257735184,1,0.442575446115247,6880
"Minor_Damage_And_Injuries",33.7442922374429,18,10,62.2607110300821,0.375254958528669,84.29,1,43422.9523245703,1,1.60598230838271,1829
"Significant_Damage_And_Serious_Injuries",33.6986301369863,15,7,66.0437556973564,0.354699603317706,78.75,3,40491.8862409923,1,0.202363110539689,2573
"Minor_Damage_And_Injuries",28.675799086758,16,11,52.461257976299,0.323686260367832,81.39,1,30063.4050731068,2,1.10726459904649,6585
"Minor_Damage_And_Injuries",30.7305936073059,19,2,59.3892433910666,0.427184276956365,79.66,1,32337.3176953635,1,1.18962343627537,12056
"Significant_Damage_And_Serious_Injuries",52.3744292237443,9,19,82.0875113947128,0.462885683375405,78.52,3,32746.1554861564,1,0.163526332695922,6903
"Significant_Damage_And_Serious_Injuries",51.2785388127854,10,9,71.1941659070192,0.424299314821493,77.7,3,37477.5074617678,2,0.185836721640805,8930
"Minor_Damage_And_Injuries",52.9223744292237,9,5,54.7402005469462,0.500390191128741,78.34,6,39274.1367282181,2,0.00967149012379955,10708
"Minor_Damage_And_Injuries",60.0913242009132,10,5,66.5451230628988,0.41095636494771,77.02,4,31387.7303250155,2,0.0575081967404916,1643
"Highly_Fatal_And_Damaging",20.2739726027397,15,5,60.7110300820419,0.360830147854309,88.04,4,31864.7898725408,2,0.0592112001916615,7502
"Significant_Damage_And_Serious_Injuries",47.9908675799087,11,0,73.0173199635369,0.223433826181031,83.34,3,35121.5544506946,3,0.174153414362184,11510
"Minor_Damage_And_Injuries",27.1232876712329,17,3,56.9279854147676,0.356142084385142,84.82,6,24122.306625314,1,0.00623447084626441,7088
"Significant_Damage_And_Serious_Injuries",91.2328767123288,6,3,55.0592525068368,0.508684457266498,78.25,7,31318.3160971791,1,0.00266818024046381,9754
"Significant_Damage_And_Serious_Injuries",45.4337899543379,11,3,59.4804010938925,0.514093761269383,78.37,2,28436.741416448,0,0.384621350729976,5695
"Highly_Fatal_And_Damaging",40.6849315068493,16,9,55.6061987237922,0.433314821492968,79.6,7,29538.27364245,2,0.00277595369618666,1487
"Highly_Fatal_And_Damaging",12.9680365296804,17,6,59.2980856882407,0.338111071042192,83.9,3,24897.4411607909,0,0.124435001468023,2884
"Significant_Damage_And_Serious_Injuries",27.8538812785388,17,6,76.5724703737466,0.233531193653083,83.94,7,32213.6960035099,3,0.00311549295347341,2350
"Minor_Damage_And_Injuries",47.8995433789954,14,29,70.8295350957156,0.339914172376487,75.99,2,30684.6725583661,2,0.41527188517092,9009
"Minor_Damage_And_Injuries",63.6529680365297,10,1,63.5824977210575,0.482359177785791,78.31,2,38165.4207238734,1,0.516512802350989,2898
"Highly_Fatal_And_Damaging",35.4337899543379,11,6,63.3546034639927,0.32116191849982,75.95,4,35490.4760411693,2,0.0652770328532724,6295
"Minor_Damage_And_Injuries",45.2054794520548,15,3,72.2424794895169,0.268150739271547,78.31,2,30465.0899917416,1,0.413267080126156,278
"Significant_Damage_And_Serious_Injuries",24.9315068493151,18,6,65.0410209662717,0.439084745762712,79.09,6,27487.6888024332,3,0.00691660370224402,1996
"Significant_Damage_And_Serious_Injuries",20.958904109589,19,20,73.9744758432088,0.334865488640461,78.12,3,33896.0232636711,3,0.167893190363399,6112
"Significant_Damage_And_Fatalities",49.4520547945205,17,5,70.0091157702826,0.341717273710782,83.08,5,11025.734744313,3,0.00375549732045075,12122
"Minor_Damage_And_Injuries",73.3333333333333,7,6,80.4010938924339,0.243628561125135,75.76,2,48352.0147996316,4,0.653014214204056,7202
"Significant_Damage_And_Serious_Injuries",29.4063926940639,16,19,84.8678213309025,0.421053732419762,76.18,6,29311.5725785883,3,0.00705230146184997,4165
"Significant_Damage_And_Serious_Injuries",63.6986301369863,6,4,75.38742023701,0.238940497655968,86.32,3,36736.2901448529,3,0.183405433181803,4681
"Significant_Damage_And_Serious_Injuries",31.5981735159817,15,8,72.7438468550593,0.186650558961413,76.9,3,40239.8802618811,3,0.202521398591503,12385
"Significant_Damage_And_Serious_Injuries",34.4292237442922,15,1,68.3226982680037,0.258774612333213,76.93,3,29763.1841640457,2,0.147969484951643,3279
"Significant_Damage_And_Serious_Injuries",48.310502283105,10,5,57.4749316317229,0.39292535160476,79.56,1,37933.3990008527,0,1.39914903206619,7604
"Minor_Damage_And_Injuries",52.8767123287671,13,1,67.7757520510483,0.251922827262892,82.59,7,37772.6897005185,1,0.00353978635402655,2345
"Highly_Fatal_And_Damaging",29.1780821917808,13,4,79.535095715588,0.294836639019113,77.26,1,36048.4823583013,2,1.32525896658218,11170
"Minor_Damage_And_Injuries",48.4018264840183,11,2,48.2680036463081,0.42898737829066,86.36,3,42615.8389199835,4,0.211728167404242,3785
"Highly_Fatal_And_Damaging",36.6666666666667,10,11,83.4092980856883,0.289427335016228,78.2,4,35048.0265895625,2,0.0637233304662383,8582
"Significant_Damage_And_Fatalities",48.7214611872146,17,3,66.1804922515953,0.376336819329246,79.81,7,20106.7303917632,3,0.00189626987285492,7134
"Highly_Fatal_And_Damaging",19.041095890411,16,4,73.2452142206017,0.238940497655968,78.7,1,27823.4561463994,1,1.01607221631166,2839
"Highly_Fatal_And_Damaging",32.7397260273973,19,7,51.0938924339107,0.63021348719798,81.66,5,48338.7786128591,2,0.0330801193794526,3234
"Minor_Damage_And_Injuries",47.4885844748858,11,13,43.5278030993619,0.485604760187523,79.89,6,40442.7281475776,3,0.010108419161522,2903
"Minor_Damage_And_Injuries",45.296803652968,15,1,72.8350045578852,0.27428128380815,78.8,6,23536.9009038836,2,0.00607740767699834,1391
"Minor_Damage_And_Injuries",56.027397260274,12,2,88.6052871467639,0.289066714749369,76.18,5,24842.6498966652,2,0.0164689122872173,12489
"Highly_Fatal_And_Damaging",16.3470319634703,16,0,72.2424794895169,0.398695275874504,76.85,1,34544.1444583375,2,1.27665927889249,53
"Significant_Damage_And_Serious_Injuries",42.8767123287671,12,14,58.5232452142206,0.416005048683736,82.13,6,26640.1090793987,2,0.00645951923367222,8357
"Minor_Damage_And_Injuries",39.3607305936073,17,0,76.5724703737466,0.335226108907321,78.83,2,22106.5964598616,2,0.30011361651155,12393
"Significant_Damage_And_Fatalities",41.3698630136986,9,20,39.8814949863264,0.735153984853949,79.88,4,22065.8831667243,3,0.0408770658166928,12123
"Significant_Damage_And_Serious_Injuries",28.4931506849315,16,9,79.2160437556974,0.268511359538406,79.3,6,30586.407239901,3,0.00716115285602777,3594
"Highly_Fatal_And_Damaging",22.2831050228311,15,12,59.7082953509572,0.556646952758745,79.06,1,35966.2470220649,2,1.34219324869291,7671