"Severity","Safety_Score","Days_Since_Inspection","Total_Safety_Complaints","Control_Metric","Turbulence_In_gforces","Cabin_Temperature","Accident_Type_Code","Max_Elevation","Violations","Adverse_Weather_Metric","Accident_ID"
"Highly_Fatal_And_Damaging",36.7579908675799,11,10,67.4111212397448,0.245071042192571,80.43,5,23467.0817843707,2,0.0154972430753475,6847
"Significant_Damage_And_Fatalities",25.296803652968,14,0,48.0856882406563,0.429347998557519,80.59,2,27506.8489311607,3,0.372264719104535,569
"Significant_Damage_And_Fatalities",34.0639269406393,11,7,56.7912488605287,0.538976559682654,86.47,4,35962.0053171007,4,0.0665145741903083,6144
"Minor_Damage_And_Injuries",59.1324200913242,11,10,59.0701914311759,0.335947349441038,80.26,2,37411.153141132,1,0.504146550036542,8234
"Significant_Damage_And_Serious_Injuries",79.6803652968037,8,22,45.897903372835,0.721450414713307,78.5,7,31898.6401662182,3,0.00283676253405104,802
"Significant_Damage_And_Serious_Injuries",41.7808219178082,12,17,73.3363719234275,0.432954201226109,77,3,49040.7161051711,1,0.241592300449702,7038
"Significant_Damage_And_Fatalities",63.972602739726,13,0,72.971741112124,0.492817165524703,82.67,2,40494.3158720077,2,0.546221486814704,4106
"Highly_Fatal_And_Damaging",32.1461187214612,12,8,84.2752962625342,0.433675441759827,82.53,1,29021.2749490607,0,1.06635953548775,9448
"Significant_Damage_And_Fatalities",60.5479452054795,14,25,78.0309936189608,0.19133862243058,79.35,4,19550.4236118066,2,0.035517130695692,4663
"Significant_Damage_And_Serious_Injuries",46.1643835616438,18,0,45.8067456700091,0.657981247746123,81.42,7,47433.0162389743,2,0.00460952595186691,1843
"Significant_Damage_And_Fatalities",82.7853881278539,8,11,62.5341841385597,0.278608727010458,77.05,3,18924.3797701407,1,0.0945616410103572,8535
"Significant_Damage_And_Serious_Injuries",31.1415525114155,16,0,70.510483135825,0.251922827262892,84.4,3,18418.6699875871,2,0.0900636948470218,6469
"Significant_Damage_And_Fatalities",60.365296803653,14,11,73.0173199635369,0.39292535160476,79.39,7,31652.7562487891,3,0.00285419654463286,2176
"Significant_Damage_And_Serious_Injuries",36.8949771689498,14,4,72.151321786691,0.294836639019113,79.28,6,29519.010231283,3,0.00743860219406398,2973
"Significant_Damage_And_Serious_Injuries",31.1872146118721,16,1,71.1941659070192,0.54763144608727,84.6,2,20228.1228705605,1,0.27379814127354,6005
"Significant_Damage_And_Serious_Injuries",65.8904109589041,9,37,42.0692798541477,0.606412549585286,79.88,7,48367.5893217614,2,0.00454671815180665,10214
"Significant_Damage_And_Fatalities",29.9543378995434,13,11,53.7830446672744,0.405186440677966,78.62,1,27865.4680761156,2,1.01036207837383,12494
"Highly_Fatal_And_Damaging",22.9223744292237,14,2,61.9416590701914,0.246513523260007,79.49,2,24854.1018365485,1,0.337996374568915,3245
"Significant_Damage_And_Serious_Injuries",37.3972602739726,14,1,80.1731996353692,0.355060223584565,78.39,6,50402.8810491369,2,0.0122725648420376,12289
"Significant_Damage_And_Serious_Injuries",31.7351598173516,15,0,82.1330902461258,0.238940497655968,81.2,3,22036.1723032917,2,0.110911641223805,9170
"Minor_Damage_And_Injuries",40.6849315068493,16,7,60.1640838650866,0.315752614496934,79.56,2,28787.1727151921,3,0.388261185483228,10105
"Highly_Fatal_And_Damaging",43.7899543378995,8,6,87.0556061987238,0.264183916336098,82.43,1,41205.6890305526,3,1.52229250928503,1988
"Minor_Damage_And_Injuries",53.9269406392694,12,7,61.9416590701914,0.352175261449693,75.33,2,46273.2400084029,0,0.623420577171322,2110
"Significant_Damage_And_Fatalities",54.7488584474886,16,33,64.8131267092069,0.551598269022719,81.75,7,33915.180313015,2,0.00323435392509764,4593
"Minor_Damage_And_Injuries",45.296803652968,15,0,76.7547857793984,0.215500180310133,79.27,2,22004.4704078618,3,0.30011361651155,9258
"Highly_Fatal_And_Damaging",42.648401826484,9,10,70.2825888787603,0.346765957446808,80.71,4,25227.6087401299,3,0.0452453456509353,8573
"Highly_Fatal_And_Damaging",16.1187214611872,17,12,71.3764813126709,0.258053371799495,79.85,4,36662.2802611695,2,0.0670921890387285,6510
"Significant_Damage_And_Serious_Injuries",57.0776255707762,15,5,56.1531449407475,0.405186440677966,83.6,7,54660.6342971425,1,0.00449290359555931,282
"Minor_Damage_And_Injuries",62.283105022831,10,10,65.9981768459435,0.309982690227191,78.49,5,29593.8930095095,2,0.0199273006311425,9845
"Significant_Damage_And_Fatalities",62.6940639269406,13,3,75.0683682771194,0.244710421925712,78.56,5,13696.9970624703,3,0.00259797974810656,4644
"Highly_Fatal_And_Damaging",42.7853881278539,9,22,64.3117593436645,0.445215290299315,79.42,5,38068.0704053001,2,0.0266123032873258,1724
"Minor_Damage_And_Injuries",48.4474885844749,14,1,58.4776663628077,0.42898737829066,77.3,1,31052.2766021659,2,1.14234941635059,3113
"Significant_Damage_And_Serious_Injuries",50,10,2,88.6508659981769,0.17330760908763,81.78,6,24292.3426083081,1,0.00605108745987546,4884
"Highly_Fatal_And_Damaging",49.7260273972603,7,5,61.3035551504102,0.426102416155788,88.78,5,29247.4908093916,1,0.0199263679642517,5324
"Significant_Damage_And_Fatalities",13.37899543379,18,3,48.7693710118505,0.590545257843491,79.97,4,38484.6290564965,5,0.0708873270749383,10219
"Minor_Damage_And_Injuries",48.2648401826484,10,13,43.5278030993619,0.782395239812477,79.13,5,24798.3540796078,2,0.0170823495653645,5030
"Significant_Damage_And_Serious_Injuries",39.9086757990868,13,1,71.8778486782133,0.42177497295348,78.23,2,28523.7110261133,2,0.383873272536627,3314
"Highly_Fatal_And_Damaging",16.1187214611872,17,5,80.9936189608022,0.358305805986296,86.43,4,35728.3005695812,1,0.0648203926610396,11027
"Minor_Damage_And_Injuries",35.5251141552511,18,0,74.7493163172288,0.281133068878471,76.12,4,32791.8421914493,3,0.060013008820757,3095
"Minor_Damage_And_Injuries",38.0365296803653,17,0,69.5989061075661,0.355060223584565,84.1,3,47530.9062148968,3,0.237190414799633,10217
"Significant_Damage_And_Fatalities",91.1872146118722,5,2,60.665451230629,0.368403173458348,81.15,2,30028.2840811135,2,0.404487468588732,1522
"Highly_Fatal_And_Damaging",13.7899543378995,17,3,76.3445761166819,0.29591849981969,76.61,4,30384.1142456733,1,0.0557082103084701,8595
"Minor_Damage_And_Injuries",73.37899543379,7,2,70.0546946216956,0.381746123332131,77.34,2,31638.629323934,3,0.429074922493588,688
"Significant_Damage_And_Serious_Injuries",86.4840182648402,6,21,55.0592525068368,0.436560403894699,84.27,7,33757.0053641767,1,0.00333988647036586,7558
"Highly_Fatal_And_Damaging",38.2648401826484,10,1,67.8213309024613,0.421053732419762,83.22,3,25829.3853916475,3,0.128263029713891,4900
"Minor_Damage_And_Injuries",41.324200913242,13,10,50.8659981768459,0.538976559682654,80.99,2,45105.8414366345,3,0.617217585058776,7780
"Highly_Fatal_And_Damaging",42.5570776255708,9,1,63.947128532361,0.264183916336098,79.26,4,37065.4837499923,2,0.0673084209630457,4941
"Significant_Damage_And_Serious_Injuries",79.4977168949772,8,13,45.897903372835,0.63021348719798,78.5,7,31544.5869936275,1,0.00288635775833638,9941
"Significant_Damage_And_Serious_Injuries",51.4155251141552,10,16,71.9690063810392,0.381024882798413,78.51,6,35851.210781326,2,0.00908337648476575,10639
"Significant_Damage_And_Serious_Injuries",37.1689497716895,14,7,66.6362807657247,0.373451857194374,81.84,4,31993.458888341,2,0.0593813308679131,6718
"Significant_Damage_And_Serious_Injuries",35.7077625570776,14,5,72.3792160437557,0.314310133429499,81.53,1,29596.4642229924,0,1.09257988690076,2077
"Minor_Damage_And_Injuries",64.5662100456621,9,2,91.2032816773017,0.297000360620267,83.53,6,30207.8523138926,1,0.0072546048634942,1359
"Highly_Fatal_And_Damaging",43.7899543378995,8,6,60.6198723792161,0.544746483952398,77.25,1,10587.3525848917,2,0.3894869352415,11329
"Minor_Damage_And_Injuries",25.662100456621,21,1,58.3865086599818,0.282214929679048,78.11,1,27678.5183953478,1,1.02511328238221,7277
"Minor_Damage_And_Injuries",33.0593607305936,15,15,51.640838650866,0.258053371799495,76.49,2,18614.2680854717,0,0.262284440356596,1706
"Highly_Fatal_And_Damaging",33.7899543378995,11,1,70.1914311759344,0.272838802740714,79.92,4,27619.7064200209,2,0.0505580952090882,6096
"Significant_Damage_And_Fatalities",33.8356164383562,11,1,41.5223336371923,0.409874504147133,74.95,4,19872.4691787797,2,0.035517130695692,6735
"Significant_Damage_And_Serious_Injuries",34.0639269406393,15,43,61.3947128532361,0.292672917417959,78.7,7,37917.1797061165,2,0.00351241302831694,6610
"Significant_Damage_And_Serious_Injuries",46.5753424657534,11,2,53.6007292616226,0.621558600793364,78.73,3,27053.4458792123,2,0.133099569852491,2626
"Significant_Damage_And_Serious_Injuries",49.1780821917808,10,4,58.4320875113947,0.39292535160476,80.9,6,47462.7280298216,2,0.0116123239444989,7850
"Highly_Fatal_And_Damaging",41.1415525114155,9,12,60.9845031905196,0.267790119004688,80.77,3,32629.2975573198,1,0.16258386348284,744
"Highly_Fatal_And_Damaging",31.7808219178082,12,1,62.7164995442115,0.443772809231878,82.73,3,36749.152662344,1,0.182930118985126,3040
"Minor_Damage_And_Injuries",49.041095890411,14,4,68.0948040109389,0.369845654525784,79.09,2,43971.7104530714,1,0.592421266424541,8071
"Significant_Damage_And_Fatalities",20.1826484018265,15,0,53.9197812215132,0.345684096646231,78.66,1,16868.7507825344,2,0.664870453860243,12148
"Significant_Damage_And_Fatalities",23.4703196347032,14,0,46.0346399270738,0.610739992787594,82.72,3,38476.5659567678,2,0.189891852323305,1068
"Minor_Damage_And_Injuries",46.8949771689498,14,8,72.8805834092981,0.352535881716553,79.8,2,42622.3715192289,0,0.579229481985553,8766
"Minor_Damage_And_Injuries",63.5159817351598,10,2,63.5824977210575,0.258413992066354,78.96,2,29333.0700005052,3,0.397706337034966,2822
"Highly_Fatal_And_Damaging",55.5707762557078,12,21,55.8340929808569,0.568186801298233,83.6,2,26042.9934430378,2,0.351388022143726,8192
"Highly_Fatal_And_Damaging",29.4063926940639,13,19,60.9845031905196,0.448460872701046,78.66,6,15252.2217803697,1,0.00316250427677456,3397
"Highly_Fatal_And_Damaging",39.8173515981735,9,4,54.922515952598,0.307097728092319,80.64,6,22017.9352065084,2,0.00544196944099981,11700
"Significant_Damage_And_Serious_Injuries",29.2237442922374,16,3,66.2260711030082,0.355420843851424,84.62,6,34255.7043624546,3,0.00926439171560809,3945
"Minor_Damage_And_Injuries",42.9680365296804,15,25,77.4384685505925,0.450263974035341,82.13,5,32803.7517033394,1,0.0212246538797448,5162
"Minor_Damage_And_Injuries",32.7853881278539,15,1,35.6882406563355,0.705583122971511,78.46,7,18661.7138068118,2,0.00183581023428451,2010
"Minor_Damage_And_Injuries",47.9908675799087,14,19,82.0419325432999,0.158882798413271,82.46,2,17287.2556177208,5,0.231292269047612,12391
"Highly_Fatal_And_Damaging",39.8173515981735,10,2,66.5907019143118,0.460721961774252,78.68,2,48251.5866215288,2,0.653900333012144,1168
"Significant_Damage_And_Serious_Injuries",37.8082191780822,14,5,71.9234275296263,0.183044356292824,76.39,3,47141.2263132954,1,0.234985280834006,5544
"Minor_Damage_And_Injuries",20.0456621004566,19,12,47.9489516864175,0.493899026325279,80.51,3,36997.329884366,1,0.183959103652925,7698
"Significant_Damage_And_Serious_Injuries",38.675799086758,13,10,64.3573381950775,0.332701767039307,77.34,3,28814.0737967906,1,0.141526014290169,10080
"Significant_Damage_And_Serious_Injuries",26.5753424657534,17,1,89.1066545123063,0.334504868373603,77.36,3,40674.112655783,1,0.201586739441268,2538
"Significant_Damage_And_Fatalities",58.8584474885845,14,2,58.8422971741112,0.467213126577713,81.74,7,35634.8941329161,2,0.00312164948656344,1435
"Significant_Damage_And_Serious_Injuries",36.8493150684931,14,3,62.6253418413856,0.325128741435269,82.53,3,41413.121702732,2,0.205286208938162,4072
"Minor_Damage_And_Injuries",45.8904109589041,11,1,55.6517775752051,0.578644789037144,83.72,6,8645.35570372917,3,0.00279254182406123,4265
"Significant_Damage_And_Fatalities",50.2283105022831,16,0,57.7484047402006,0.403383339343671,79.6,7,31639.1855021958,3,0.00278932339913356,7164
"Significant_Damage_And_Fatalities",72.1461187214612,11,11,71.4676390154968,0.245071042192571,78.14,7,42627.7631749649,3,0.00395710657286073,12492
"Highly_Fatal_And_Damaging",14.8858447488584,17,10,61.2579762989973,0.501472051929318,81,1,10115.9216675063,0,0.439207928563992,9050
"Significant_Damage_And_Serious_Injuries",56.8949771689498,8,7,74.4302643573382,0.435478543094122,87.47,3,37489.8125581997,3,0.186318355278325,215
"Significant_Damage_And_Serious_Injuries",38.675799086758,14,9,62.9443938012762,0.321522538766679,80.49,4,19243.1330905624,2,0.0356172029643824,1185
"Highly_Fatal_And_Damaging",33.7442922374429,11,5,61.7593436645397,0.444133429498738,79.33,2,35004.0541195592,1,0.475322665637944,6852
"Minor_Damage_And_Injuries",45.6164383561644,15,2,65.8158614402917,0.224515686981608,80.09,2,34076.4536138475,0,0.462538700847881,136
"Minor_Damage_And_Injuries",70.5479452054795,7,44,62.5341841385597,0.352535881716553,79.49,2,34608.2943986072,1,0.469625726447576,912
"Highly_Fatal_And_Damaging",4.79452054794521,20,1,68.915223336372,0.23100685178507,78.5,7,15246.0930451473,3,0.00135636474701727,6930
"Significant_Damage_And_Serious_Injuries",76.3926940639269,9,3,55.9252506836828,0.363354489722322,83.72,7,27305.7293869438,1,0.00250158912835895,8356
"Highly_Fatal_And_Damaging",70.1369863013699,7,17,42.0237010027347,0.584054093040028,79.81,2,40343.5706342527,2,0.548030970801103,7593
"Significant_Damage_And_Serious_Injuries",66.5753424657534,5,30,63.3090246125798,0.258413992066354,80.48,6,38341.4628028992,1,0.010121604078669,5264
"Minor_Damage_And_Injuries",51.9178082191781,13,11,81.4494074749317,0.392204111071042,82.08,5,37477.5074617678,1,0.0242450616027844,3263
"Minor_Damage_And_Injuries",47.4885844748858,11,16,55.6973564266181,0.333062387306166,85.61,6,52015.7944241626,2,0.0128950518817826,7895
"Significant_Damage_And_Serious_Injuries",27.945205479452,17,5,67.3199635369189,0.377418680129823,79.26,1,26616.837265357,2,0.978454626515347,11963
"Significant_Damage_And_Fatalities",59.6803652968037,14,5,66.3172288058341,0.376336819329246,74.82,3,38880.4007290491,1,0.193613017863946,2913
"Significant_Damage_And_Fatalities",48.6301369863014,17,1,69.7356426618049,0.30313090515687,82.66,7,36566.3964795644,2,0.0032646245817578,7344
"Minor_Damage_And_Injuries",41.0502283105023,16,3,58.8422971741112,0.204320952037505,81.32,2,26210.1922272661,3,0.35571645860377,11372
"Significant_Damage_And_Fatalities",59.2694063926941,14,2,66.40838650866,0.283296790479625,80.77,7,11938.9093113064,3,0.00147995965828901,9597
"Significant_Damage_And_Serious_Injuries",36.8493150684931,14,0,79.8085688240656,0.275723764875586,79.71,1,29216.4159909021,2,1.08869848224258,2900
"Significant_Damage_And_Fatalities",24.6575342465753,14,2,54.8313582497721,0.34965091958168,81.58,4,31864.7898725408,3,0.0583398233039638,7756
"Highly_Fatal_And_Damaging",46.4840182648402,15,13,50.0911577028259,0.745972592859718,76.86,3,42536.9610561116,3,0.211178175574612,6618
"Highly_Fatal_And_Damaging",54.4292237442922,12,8,55.9252506836828,0.390761630003606,81.43,7,40605.9159409807,2,0.00355401758737832,4374
"Minor_Damage_And_Injuries",47.945205479452,14,8,66.0893345487694,0.337750450775333,79.35,1,45541.2367525593,2,1.66043195531517,9893
"Highly_Fatal_And_Damaging",35.9360730593607,11,3,86.918869644485,0.198911648034619,78.54,2,46043.9858100506,0,0.62216520436786,7812
"Significant_Damage_And_Serious_Injuries",57.1689497716895,8,3,67.3655423883318,0.416005048683736,79.45,6,27093.5445642043,4,0.00684331444711715,256
"Significant_Damage_And_Serious_Injuries",38.310502283105,14,0,79.7629899726527,0.289427335016228,81.03,3,22597.0959547712,3,0.111288342389772,1424
"Highly_Fatal_And_Damaging",33.2420091324201,11,1,67.4111212397448,0.368042553191489,81.86,1,33766.6231497173,3,1.23980426124456,7386
"Highly_Fatal_And_Damaging",39.8173515981735,9,1,60.0729261622607,0.360830147854309,79.75,4,32832.4176893392,2,0.0599545335214721,5991
"Significant_Damage_And_Fatalities",30.7305936073059,12,0,52.2333637192343,0.236055535521096,81.26,4,23701.007581183,2,0.0435364457252003,9338
"Significant_Damage_And_Serious_Injuries",49.2694063926941,10,0,78.714676390155,0.449182113234764,78.52,2,39506.6914240772,3,0.533684621923382,2368
"Highly_Fatal_And_Damaging",29.7260273972603,13,1,61.5770282588879,0.52599423007573,77.65,1,26762.0712962178,3,0.987183897224711,194
"Significant_Damage_And_Serious_Injuries",26.4383561643836,17,1,92.616226071103,0.211172737107825,79.16,4,42790.3357609339,3,0.0783387334083711,1962
"Highly_Fatal_And_Damaging",17.7168949771689,16,3,62.1239744758432,0.491014064190407,77.13,2,26266.1389809758,0,0.354201915427497,11937
"Highly_Fatal_And_Damaging",46.2100456621004,8,2,49.179580674567,0.412759466282005,80.08,6,26005.3229868944,1,0.00697645814427042,4288
"Minor_Damage_And_Injuries",49.041095890411,14,6,63.947128532361,0.387516047601875,77.78,5,20739.6318796237,3,0.0137472799987364,3403
"Minor_Damage_And_Injuries",70.5022831050228,7,0,68.4594348222425,0.422496213487198,78.46,4,23692.0970279195,3,0.044082859659204,8418
"Minor_Damage_And_Injuries",36.8493150684931,17,6,61.5314494074749,0.381024882798413,74.85,2,25016.3637851441,1,0.335642631444626,10422
"Significant_Damage_And_Serious_Injuries",46.5753424657534,11,1,61.2123974475843,0.430429859358096,82.56,2,30028.2840811135,1,0.404401762084286,6948
"Highly_Fatal_And_Damaging",40.7305936073059,9,5,89.1066545123063,0.275363144608727,81.53,1,26572.9666742821,1,0.972402662659163,3961
"Highly_Fatal_And_Damaging",9.31506849315068,18,4,56.608933454877,0.273199423007573,75.25,4,33643.9887734499,2,0.0614525873393909,5891
"Highly_Fatal_And_Damaging",40.7762557077626,16,12,56.517775752051,0.606412549585286,82.71,2,48162.8722893482,2,0.655799278013633,12253
"Significant_Damage_And_Serious_Injuries",53.4703196347032,9,1,79.7174111212398,0.297721601153985,79.71,3,33701.3739418717,2,0.168314610673458,1202
"Highly_Fatal_And_Damaging",56.4383561643835,12,0,55.8340929808569,0.363354489722322,79.21,2,40617.9788788948,1,0.550538133768456,9780
"Significant_Damage_And_Fatalities",53.2876712328767,16,1,82.9535095715588,0.258774612333213,76.17,2,13214.8518929535,1,0.203715106441441,8228
"Minor_Damage_And_Injuries",60.1369863013699,11,13,69.8723792160438,0.283296790479625,77.69,2,12895.2925792209,1,0.2007875632122,446
"Significant_Damage_And_Fatalities",31.2328767123288,12,15,51.5952597994531,0.422856833754057,82.58,4,23999.4411044211,2,0.0435847572179465,3796
"Minor_Damage_And_Injuries",42.8310502283105,15,3,58.3865086599818,0.204320952037505,79.22,3,18958.9284350624,0,0.0941747741034185,5756
"Minor_Damage_And_Injuries",35.0228310502283,14,0,32.7256153144941,0.729744680851064,78.46,5,36310.4576909527,4,0.0240955544858232,6751
"Highly_Fatal_And_Damaging",19.041095890411,16,4,72.151321786691,0.279690587811035,75.88,7,33108.5121785402,3,0.0032646245817578,7685
"Minor_Damage_And_Injuries",55.9360730593607,12,1,84.6855059252507,0.151670393076091,84.83,2,17287.2556177208,1,0.231292269047612,8127
"Significant_Damage_And_Fatalities",26.3470319634703,13,22,55.1504102096627,0.434396682293545,87,4,39646.0018104717,3,0.0722610484320384,200
"Highly_Fatal_And_Damaging",31.4611872146119,12,11,69.5077484047402,0.273560043274432,82.53,2,42416.2704287528,1,0.573748943852159,6888
"Significant_Damage_And_Fatalities",11.0045662100457,18,2,51.1850501367366,0.763282365668951,75.5,4,11781.8736269463,3,0.0224178241914354,369
"Minor_Damage_And_Injuries",39.5890410958904,17,3,70.1458523245214,0.312146411828345,76.12,2,38288.4040060295,2,0.51978130044264,11330
"Significant_Damage_And_Serious_Injuries",40.3196347031963,13,4,82.2242479489517,0.318276956364948,81.24,4,21156.477787046,2,0.0384089818644619,9103
"Highly_Fatal_And_Damaging",41.1872146118721,9,2,68.4138559708295,0.277526866209881,81.96,1,56326.3502441608,3,2.36537839986842,8205
"Minor_Damage_And_Injuries",55.5707762557078,12,1,70.8751139471286,0.52238802740714,79.66,5,25562.6034711693,2,0.0165134897469149,2569
"Significant_Damage_And_Fatalities",12.6027397260274,17,1,45.8067456700091,0.631295347998557,78.95,1,32718.3677403417,2,1.2119543063584,6891
"Highly_Fatal_And_Damaging",40.0913242009132,10,5,56.517775752051,0.456033898305084,76.48,6,30372.7583025121,2,0.00713918772315649,8879
"Significant_Damage_And_Serious_Injuries",62.0091324200913,6,0,56.0619872379216,0.546910205553552,83.56,3,36837.9660008634,2,0.182502202884981,2721
"Minor_Damage_And_Injuries",27.1232876712329,17,2,56.0619872379216,0.466131265777136,80.19,1,55934.468569702,2,2.11697684404786,5592
"Highly_Fatal_And_Damaging",23.6986301369863,14,15,71.1941659070192,0.273560043274432,79.58,1,28549.7555524629,1,1.04519049130943,7233
"Significant_Damage_And_Fatalities",26.3926940639269,13,6,55.1504102096627,0.418529390551749,81.44,2,45020.5543496115,3,0.617744870168884,4101
"Significant_Damage_And_Serious_Injuries",41.1415525114155,12,2,73.2907930720146,0.340274792643346,77.03,6,27584.056491732,2,0.00651284521909927,4753
"Minor_Damage_And_Injuries",27.4885844748858,20,1,74.3391066545123,0.305294626758024,76.68,4,31531.7961960508,2,0.0564238689532988,4587
"Significant_Damage_And_Serious_Injuries",37.6712328767123,14,4,79.3983591613491,0.322965019834114,80.58,6,26266.3679590952,2,0.00646198221057229,1257
"Highly_Fatal_And_Damaging",20.2283105022831,15,5,65.8614402917047,0.193502344031734,85.75,1,16878.4843087957,3,0.660172964090242,4172
"Significant_Damage_And_Fatalities",62.6940639269406,13,29,71.8322698268004,0.183404976559682,79.38,7,31424.3927488377,2,0.00285419654463286,1301
"Significant_Damage_And_Fatalities",75.5707762557078,10,13,61.485870556062,0.300245943021998,77.05,7,19742.2730195278,1,0.00171823991731958,7227
"Significant_Damage_And_Serious_Injuries",44.7488584474886,12,4,73.9288969917958,0.413841327082582,79.57,3,37571.9051001859,1,0.187105192249461,6043
"Highly_Fatal_And_Damaging",4.93150684931507,20,1,64.9954421148587,0.289427335016228,84.78,1,21997.4295032142,2,0.813088558799784,1908
"Highly_Fatal_And_Damaging",30.1369863013699,12,2,75.7520510483136,0.265987017670393,76.02,2,32625.7179340323,3,0.441091386952033,2632
"Highly_Fatal_And_Damaging",33.7899543378995,11,2,73.6098450319052,0.404104579877389,81.27,4,21061.7524346312,0,0.0382474902668748,6840
"Minor_Damage_And_Injuries",51.2328767123288,13,3,53.0993618960802,0.325849981968986,81.25,3,34172.7763897644,1,0.17069849613111,479
"Highly_Fatal_And_Damaging",40.5479452054794,9,13,62.3518687329079,0.375615578795528,78.66,1,21865.1119571099,3,0.79055360627557,9813
"Minor_Damage_And_Injuries",58.0365296803653,11,5,64.8131267092069,0.329095564370718,82.69,2,48274.055452493,3,0.65347854608736,3805
"Highly_Fatal_And_Damaging",56.5296803652968,12,0,55.4694621695533,0.459279480706816,78.1,2,35070.3331931138,2,0.473525440021114,11807
"Minor_Damage_And_Injuries",52.2374429223744,13,3,84.0018231540565,0.25985647313379,79.12,2,32572.0731531787,2,0.441152689524508,4850
"Significant_Damage_And_Fatalities",65.296803652968,12,2,75.3418413855971,0.168258925351605,79.17,1,27658.7234251664,2,1.01607221631166,6283
"Significant_Damage_And_Fatalities",24.7945205479452,14,4,48.313582497721,0.592348359177785,82.75,1,45383.7009524717,3,1.66486418964678,3343
"Significant_Damage_And_Fatalities",56.7123287671233,15,2,66.5451230628988,0.375615578795528,77.75,7,28891.4980176386,1,0.00265756641815923,698
"Minor_Damage_And_Injuries",35.7077625570776,18,14,60.0273473108478,0.465770645510278,80.04,4,33944.6431410097,3,0.0620379742960961,7655
"Significant_Damage_And_Fatalities",55.9360730593607,15,5,70.3281677301732,0.2923122971511,78.96,7,38924.6214354371,0,0.00343974015422181,7052
"Significant_Damage_And_Fatalities",23.7442922374429,14,0,46.0346399270738,0.409874504147133,81.91,5,45815.5655303605,1,0.0309501756806459,10651
"Highly_Fatal_And_Damaging",0,20,7,64.9954421148587,0.549434547421565,83.36,1,27361.8000012909,0,0.997980574484882,10859
"Highly_Fatal_And_Damaging",18.9497716894977,16,0,76.5268915223336,0.327653083303281,78.43,1,29801.5065245731,2,1.07868990698059,4886
"Minor_Damage_And_Injuries",41.324200913242,16,5,71.1485870556062,0.423938694554634,76.96,7,42912.5244287391,3,0.00412999471383646,9482
"Minor_Damage_And_Injuries",66.2557077625571,9,2,69.4621695533273,0.379582401730977,83.84,2,46308.2439160623,2,0.627074277696416,2960
"Highly_Fatal_And_Damaging",50.8675799086758,13,3,51.9143117593437,0.556286332491886,79.6,2,40741.8822675604,0,0.551040805007,8673
"Highly_Fatal_And_Damaging",24.8401826484018,14,21,59.4804010938925,0.584054093040028,79.49,6,39150.6721955048,3,0.00982820470918574,3791
"Highly_Fatal_And_Damaging",42.9680365296804,9,6,75.432999088423,0.244349801658853,77.6,4,39024.0290886163,2,0.0713789477305042,10068
"Significant_Damage_And_Serious_Injuries",46.4840182648402,11,1,85.5970829535096,0.259135232600072,78.21,3,34497.643982666,3,0.17089911377233,11553
"Minor_Damage_And_Injuries",45.296803652968,15,8,65.9981768459435,0.286542372881356,78.05,1,24554.5855122477,0,0.894482923105375,5216
"Minor_Damage_And_Injuries",51.6438356164384,13,13,65.5423883318141,0.318276956364948,79.62,2,36133.3387032021,2,0.493845717527548,2208
"Minor_Damage_And_Injuries",64.1552511415525,9,9,58.97903372835,0.323686260367832,80.92,2,28609.1259761055,3,0.389545009608015,11839
"Significant_Damage_And_Serious_Injuries",60.1826484018265,10,2,50.1823154056518,0.484522899386945,78.08,7,24626.2329864038,3,0.00234855462733374,2395
"Significant_Damage_And_Serious_Injuries",31.1872146118721,16,5,57.5660893345488,0.328734944103858,80.8,3,35862.1682875726,2,0.179528293028085,4982
"Significant_Damage_And_Fatalities",62.4200913242009,13,22,64.2661804922516,0.339192931842769,80.02,7,35719.9920681528,4,0.00300586985694696,3303
"Significant_Damage_And_Serious_Injuries",47.7168949771689,10,0,85.8705560619873,0.215500180310133,83.37,6,39455.0809877443,2,0.0104735164225717,5173
"Highly_Fatal_And_Damaging",54.8401826484018,6,6,69.5533272561531,0.305294626758024,79.63,4,27431.0829243834,1,0.049707368124433,60
"Minor_Damage_And_Injuries",31.5525114155251,19,9,74.1567912488605,0.232809953119365,79.88,4,25245.6347673321,2,0.0454098325116744,9203
"Minor_Damage_And_Injuries",61.6438356164383,10,12,87.693710118505,0.253725928597187,78.92,2,35847.895873568,3,0.484430431994035,6506
"Minor_Damage_And_Injuries",28.2191780821918,17,22,54.5578851412944,0.279690587811035,77.4,3,30063.4050731068,0,0.149641084203215,1353
"Significant_Damage_And_Fatalities",16.0730593607306,17,3,43.5278030993619,0.47911359538406,79.81,1,34595.3633432901,2,1.27665927889249,11053
"Significant_Damage_And_Serious_Injuries",40.365296803653,13,8,79.3983591613491,0.315752614496934,77.65,3,45239.9524774151,0,0.222859387437907,169
"Minor_Damage_And_Injuries",55.5707762557078,12,21,72.0145852324522,0.205042192571222,77.41,2,28923.9002638104,1,0.391901325903437,2696
"Minor_Damage_And_Injuries",50.3196347031963,13,0,70.2825888787603,0.546188965019834,83.76,5,25562.6034711693,0,0.0175108013766839,10161