"Severity","Safety_Score","Days_Since_Inspection","Total_Safety_Complaints","Control_Metric","Turbulence_In_gforces","Cabin_Temperature","Accident_Type_Code","Max_Elevation","Violations","Adverse_Weather_Metric","Accident_ID"
"Significant_Damage_And_Serious_Injuries",24.3835616438356,18,0,63.8559708295351,0.353617742517129,83.11,6,31111.5384572407,3,0.00797271379377732,7575
"Significant_Damage_And_Fatalities",30.1369863013699,13,0,54.9680948040109,0.240743598990263,86.98,4,17318.5484826987,2,0.0324831783332799,7341
"Significant_Damage_And_Serious_Injuries",38.8127853881278,13,22,68.6873290793072,0.192059862964299,89.51,6,46328.8706815311,1,0.0117758107745166,2151
"Significant_Damage_And_Serious_Injuries",56.7579908675799,8,4,69.1431175934367,0.445215290299315,83.36,3,28602.6042861829,3,0.142615982984133,1884
"Highly_Fatal_And_Damaging",43.0593607305936,9,22,62.8532360984503,0.350732780382257,81.21,4,30428.3031280998,1,0.0558063494423823,644
"Significant_Damage_And_Serious_Injuries",16.986301369863,20,6,59.6171376481313,0.322965019834114,76.98,6,23279.0783462437,0,0.00539594244887619,5038
"Highly_Fatal_And_Damaging",21.1872146118721,15,0,80.6289881494986,0.308900829426614,77.3,4,25111.1749048795,2,0.0454597222702216,5116
"Minor_Damage_And_Injuries",41.7351598173516,16,6,66.8641750227894,0.251201586729174,81.86,2,25419.8015193351,1,0.339886381510903,1375
"Significant_Damage_And_Fatalities",22.7853881278539,15,6,55.6973564266181,0.411316985214569,85.87,5,34205.1278146446,1,0.0227523182589593,10894
"Significant_Damage_And_Serious_Injuries",51.2785388127854,10,13,63.126709206928,0.46108258204111,84.01,6,30147.9054384671,1,0.00754742113011944,2401
"Minor_Damage_And_Injuries",38.310502283105,13,1,52.3245214220602,0.337029210241615,77.92,6,41643.7682906453,1,0.010247915761715,9502
"Highly_Fatal_And_Damaging",55.1141552511415,5,2,60.4375569735643,0.242907320591417,74.85,1,25598.804538292,1,0.937147430771286,5570
"Highly_Fatal_And_Damaging",1.14155251141552,21,14,66.9097538742024,0.352175261449693,82.93,7,49433.3029790945,2,0.00493421862080108,2487
"Minor_Damage_And_Injuries",48.4018264840183,10,1,53.9197812215132,0.315752614496934,78.46,4,26685.2963627824,1,0.0494697995302419,8037
"Minor_Damage_And_Injuries",72.1004566210046,4,3,54.9680948040109,0.300967183555716,79.55,3,29734.4413363987,2,0.147509964610866,3870
"Highly_Fatal_And_Damaging",44.4292237442922,15,3,48.2224247948952,0.660144969347277,78.52,2,22332.0856885042,2,0.306829680399169,10148
"Significant_Damage_And_Serious_Injuries",61.2328767123288,7,0,71.2397447584321,0.293754778218536,78.12,3,16229.7283441618,1,0.0789915262449856,4142
"Minor_Damage_And_Injuries",48.8584474885845,14,23,66.7730173199635,0.417808150018031,78.64,1,22550.623318695,1,0.840694950949006,6860
"Minor_Damage_And_Injuries",55.8447488584475,12,2,88.6052871467639,0.207566534439235,80.64,5,33268.4518194129,3,0.0218634673868009,4107
"Minor_Damage_And_Injuries",61.4155251141552,10,0,83.5460346399271,0.248316624594302,79.94,1,26920.0371752431,3,0.992974229396275,2805
"Minor_Damage_And_Injuries",28.9497716894977,16,2,41.6590701914312,0.462164442841687,77.65,4,18491.7313994727,4,0.0340977244601301,10909
"Minor_Damage_And_Injuries",33.7899543378995,18,1,88.2862351868733,0.240382978723404,79.94,4,32222.0358753946,2,0.0586746001326933,3871
"Significant_Damage_And_Fatalities",25.8904109589041,14,1,47.8577939835916,0.38210674359899,76.79,2,27506.8489311607,2,0.373413681056902,6004
"Minor_Damage_And_Injuries",55.7077625570776,12,21,69.9179580674567,0.351454020915975,83.15,2,49803.0831353689,2,0.67415476619384,8011
"Significant_Damage_And_Serious_Injuries",27.4885844748858,17,0,83.8195077484048,0.192781103498016,86.08,2,25377.6648055458,2,0.341937267945787,2047
"Highly_Fatal_And_Damaging",30.8219178082192,12,1,49.4530537830446,0.498947710061305,77.69,2,40813.3057574463,3,0.553097083571328,7146
"Significant_Damage_And_Serious_Injuries",40.6392694063927,13,1,79.0337283500456,0.372730616660656,75.95,3,29428.5998046567,4,0.146630034655966,2965
"Highly_Fatal_And_Damaging",21.2328767123288,15,3,65.587967183227,0.193502344031734,79.31,4,28976.8387515777,2,0.0528874696253254,5942
"Highly_Fatal_And_Damaging",27.2602739726027,13,13,82.8623518687329,0.211893977641543,80.09,2,16008.7450906877,3,0.210346808285708,11853
"Highly_Fatal_And_Damaging",38.2648401826484,10,2,67.8213309024613,0.452067075369635,82.3,4,33921.7026214133,1,0.0618281120215323,9827
"Highly_Fatal_And_Damaging",30.7762557077626,12,1,57.2926162260711,0.49353840605842,77.75,1,29601.0780584221,1,1.08279062206135,5233
"Significant_Damage_And_Serious_Injuries",36.8493150684931,14,4,88.0127620783956,0.200354129102055,87.72,6,36644.9561608933,3,0.00831707573304156,6779
"Minor_Damage_And_Injuries",45.0684931506849,11,6,45.2142206016409,0.63742589253516,76.01,3,5142.28607310439,3,0.0447153366816364,11928
"Significant_Damage_And_Serious_Injuries",30.6849315068493,16,0,67.5934366453965,0.208287774972954,77.29,3,34016.7896094001,1,0.171510133935463,8717
"Highly_Fatal_And_Damaging",28.2191780821918,13,3,62.6253418413856,0.480556076451497,80.52,1,30112.7020804158,2,1.10713322942273,6219
"Highly_Fatal_And_Damaging",34.0182648401826,18,1,48.4958979033728,0.441969707897583,82.31,1,28193.962254837,1,1.03719790787182,12216
"Significant_Damage_And_Fatalities",34.337899543379,11,6,45.8067456700091,0.456755138838803,77.9,2,19136.0861004631,2,0.262284440356596,3089
"Minor_Damage_And_Injuries",41.9178082191781,12,0,52.1422060164084,0.510848178867652,79.37,3,29224.0229831433,0,0.145406245169267,4298
"Minor_Damage_And_Injuries",36.027397260274,14,2,31.4949863263446,0.777707176343311,78.37,3,36376.498578343,5,0.182025377886897,2243
"Significant_Damage_And_Serious_Injuries",44.5205479452055,12,1,67.18322698268,0.411316985214569,81.78,5,43482.8520757632,3,0.0294822052768993,6226
"Minor_Damage_And_Injuries",40.5936073059361,13,10,55.0592525068368,0.524191128741435,81.52,4,38896.1729120633,3,0.0713728148247185,12131
"Highly_Fatal_And_Damaging",7.99086757990868,19,0,67.7301731996354,0.203960331770645,76.28,1,35067.7050829379,4,1.29301476392542,5282
"Highly_Fatal_And_Damaging",40.7762557077626,9,3,75.7064721969006,0.369845654525784,79.98,4,16209.2902996607,2,0.0303895622038682,8229
"Significant_Damage_And_Serious_Injuries",50.5022831050228,10,3,71.0118505013674,0.326931842769563,78.04,3,26734.0140324126,1,0.134763236432874,8103
"Highly_Fatal_And_Damaging",44.8401826484018,8,2,88.2406563354604,0.212254597908403,78.93,1,33395.5017361782,2,1.22751849059637,5779
"Minor_Damage_And_Injuries",52.5114155251141,9,5,53.9653600729262,0.461803822574828,79.39,2,25642.1963410359,1,0.346527327910913,10132
"Significant_Damage_And_Serious_Injuries",31.1872146118721,16,5,65.1321786690975,0.382827984132708,80.59,3,37550.3987735086,1,0.187105192249461,8413
"Highly_Fatal_And_Damaging",18.2191780821918,16,4,71.8778486782133,0.253725928597187,89.51,1,20524.2616566958,0,0.741000085873413,4706
"Significant_Damage_And_Fatalities",7.44292237442922,19,7,29.8997265268915,0.606412549585286,82.15,4,41873.4884147618,2,0.076505897644789,386
"Minor_Damage_And_Injuries",49.2237442922374,14,6,67.1376481312671,0.417086909484313,80.91,2,35676.3730916699,2,0.481719619088506,6155
"Highly_Fatal_And_Damaging",51.2785388127854,13,1,54.8313582497721,0.434396682293545,80.42,2,37853.1677471245,2,0.51228691784601,11994
"Highly_Fatal_And_Damaging",34.3835616438356,11,5,57.5205104831358,0.328734944103858,79.69,3,35500.5630256623,2,0.177623324826473,968
"Minor_Damage_And_Injuries",35.9817351598173,18,6,61.5314494074749,0.381024882798413,78.87,4,34120.059024156,1,0.0623374264236487,11979
"Minor_Damage_And_Injuries",20.365296803653,19,9,54.4667274384686,0.469376848178867,77.44,1,55934.468569702,2,2.04849047999187,766
"Minor_Damage_And_Injuries",45.9817351598173,15,1,64.6308113035552,0.316473855030653,78.93,2,29727.4972777029,4,0.403593936192003,10525
"Significant_Damage_And_Serious_Injuries",33.972602739726,15,0,66.40838650866,0.387516047601875,78.59,1,30966.1598251022,3,1.14962907963072,10418
"Significant_Damage_And_Fatalities",66.4840182648402,12,2,62.3518687329079,0.402662098809953,81.81,5,34233.0433595664,1,0.0227520656738623,6575
"Significant_Damage_And_Serious_Injuries",23.8812785388128,18,1,56.8368277119417,0.786362062747926,79.48,7,24600.5650962669,2,0.00224562177398453,4118
"Significant_Damage_And_Serious_Injuries",37.8538812785388,14,4,79.3983591613491,0.222351965380454,76.41,3,26194.6862921461,0,0.130685044919669,8352
"Significant_Damage_And_Fatalities",27.6712328767123,13,29,55.6517775752051,0.538255319148936,82.53,1,31571.3496204891,2,1.15647808158358,556
"Minor_Damage_And_Injuries",38.0365296803653,17,0,69.5989061075661,0.387516047601875,76.05,2,37626.225581993,1,0.506902920654004,4436
"Significant_Damage_And_Serious_Injuries",57.8995433789954,15,7,55.6973564266181,0.455673278038226,79.6,7,31706.3038057388,2,0.00277740022017135,10463
"Highly_Fatal_And_Damaging",40.0456621004566,10,0,77.9854147675479,0.268150739271547,78.69,4,22834.1486913392,4,0.0423891336784103,11584
"Significant_Damage_And_Serious_Injuries",47.5342465753425,11,9,74.7037374658159,0.337029210241615,81.79,3,34481.225822636,0,0.169435829021002,1766
"Minor_Damage_And_Injuries",46.1187214611872,15,9,61.485870556062,0.533927875946628,78.5,2,31292.9574886337,2,0.424352083307853,7619
"Highly_Fatal_And_Damaging",48.8127853881278,7,2,73.7010027347311,0.203599711503786,78.62,4,41910.8098811917,3,0.0760172273487276,350
"Highly_Fatal_And_Damaging",30.1369863013699,12,10,73.7010027347311,0.369485034258925,87.86,4,47592.316643138,2,0.0865139983925863,11805
"Highly_Fatal_And_Damaging",61.4155251141552,10,1,51.3673655423883,0.460361341507393,80.13,2,43203.9825103468,3,0.588559894511099,3646
"Highly_Fatal_And_Damaging",12.9223744292237,17,34,66.0893345487694,0.417447529751172,80.15,1,33143.9853063049,4,1.21929907926779,8447
"Significant_Damage_And_Fatalities",87.4885844748858,5,3,78.0765724703738,0.204320952037505,82.6,7,36493.1943544014,3,0.00298099920855631,6366
"Significant_Damage_And_Serious_Injuries",24.6575342465753,17,16,41.0665451230629,0.694764514965741,86.8,6,28384.5263097579,3,0.00720357970658475,11321
"Minor_Damage_And_Injuries",51.2328767123288,13,1,62.2151321786691,0.552319509556437,83.76,5,8645.35570372917,1,0.00565999846684,11365
"Highly_Fatal_And_Damaging",4.29223744292237,21,4,68.7784867821331,0.197108546700325,78.58,6,20059.3847114503,3,0.00497222435160952,7859
"Highly_Fatal_And_Damaging",16.1643835616438,17,12,72.0145852324522,0.261659574468085,78.05,7,43767.580522752,2,0.00415812411290623,998
"Highly_Fatal_And_Damaging",29.7260273972603,13,13,62.2607110300821,0.375615578795528,82.12,4,38271.1876810546,1,0.0703800483391097,12078
"Significant_Damage_And_Fatalities",25.6164383561644,14,2,51.0483135824977,0.63021348719798,78.55,4,24188.3948414421,1,0.0449289157473636,2678
"Significant_Damage_And_Serious_Injuries",29.634703196347,16,0,81.5861440291705,0.433675441759827,84.72,6,34431.9183697929,0,0.00910625571870795,4290
"Highly_Fatal_And_Damaging",23.3789954337899,15,5,75.432999088423,0.247956004327443,78.58,7,24801.7379750678,2,0.0021852795760138,8704
"Highly_Fatal_And_Damaging",33.4703196347032,12,1,75.432999088423,0.31358889289578,79.8,6,34640.5468695966,1,0.00860815483067114,7959
"Highly_Fatal_And_Damaging",34.7488584474886,11,1,59.1613491340018,0.503996393797331,80.92,5,40073.720174847,4,0.025816320539418,1708
"Significant_Damage_And_Serious_Injuries",76.6666666666667,10,10,56.9735642661805,0.448460872701046,84.09,7,40277.3094684945,3,0.00360683476794685,9614
"Highly_Fatal_And_Damaging",18.310502283105,16,9,70.1002734731085,0.338111071042192,78.28,4,27007.9663942613,1,0.0488975818320902,10408
"Minor_Damage_And_Injuries",46.5753424657534,15,7,84.2752962625342,0.263823296069239,78.56,2,36834.7828425541,3,0.498504576895618,4033
"Highly_Fatal_And_Damaging",13.6986301369863,17,0,66.7730173199635,0.380303642264695,76.06,4,36324.9430018409,2,0.0661081166338039,3668
"Significant_Damage_And_Fatalities",68.4931506849315,11,1,60.7110300820419,0.496423368193292,78.96,4,14874.3455650257,2,0.0264588314136203,5397
"Minor_Damage_And_Injuries",27.3972602739726,20,4,71.2397447584321,0.438724125495853,80.13,4,39215.0592883377,2,0.0714856336544902,11814
"Significant_Damage_And_Serious_Injuries",33.7899543378995,15,1,68.7784867821331,0.323325640100974,78.82,3,51678.284648488,0,0.253342148267452,6857
"Significant_Damage_And_Serious_Injuries",44.5205479452055,12,0,63.8559708295351,0.27788748647674,82.41,5,21402.7601137385,3,0.0148082405234847,7220
"Significant_Damage_And_Serious_Injuries",41.1872146118721,13,2,69.1431175934367,0.315752614496934,81.46,6,36790.5008094017,3,0.00832899694803638,8570
"Highly_Fatal_And_Damaging",27.7168949771689,13,5,66.2716499544212,0.223433826181031,76.8,3,30122.3193576333,0,0.149122605634599,3634
"Minor_Damage_And_Injuries",19.5433789954338,19,0,56.1531449407475,0.313228272628922,85.04,6,38703.1691908605,0,0.00957553756891347,9556
"Significant_Damage_And_Serious_Injuries",45.7990867579909,11,24,72.8805834092981,0.365157591056617,82.36,3,39863.3683153599,2,0.19890841544931,10908
"Significant_Damage_And_Serious_Injuries",24.3835616438356,17,4,80.4466727438469,0.30313090515687,77.98,6,45239.9524774151,3,0.0114943524785138,1742
"Minor_Damage_And_Injuries",52.7397260273972,13,3,58.2953509571559,0.46829498737829,78.47,5,43786.173360848,1,0.0302458106880006,9837
"Highly_Fatal_And_Damaging",18.9497716894977,16,1,89.1978122151322,0.271396321673278,82.97,4,23511.5711458984,2,0.0435688687075891,11511
"Minor_Damage_And_Injuries",76.62100456621,6,0,72.4703737465816,0.387155427335016,75.94,6,33573.2699399035,3,0.00847670132384697,3903
"Significant_Damage_And_Fatalities",54.1095890410959,16,20,60.7566089334549,0.419971871619185,78.5,1,22550.623318695,3,0.83130070319387,4132
"Highly_Fatal_And_Damaging",41.1415525114155,9,11,62.3518687329079,0.314670753696357,80.71,7,19518.5621631503,1,0.00166625715666245,3220
"Significant_Damage_And_Serious_Injuries",18.7214611872146,19,12,66.4995442114859,0.42177497295348,78.49,1,40347.886658032,1,1.50398754286448,3551
"Highly_Fatal_And_Damaging",65.3424657534246,3,2,74.7948951686418,0.306015867291742,77.32,6,30445.1677064832,2,0.00716896155939985,11793
"Significant_Damage_And_Fatalities",15.8904109589041,17,2,45.3965360072927,0.514093761269383,76.89,1,30233.1910796089,3,1.11360026590412,3480
"Highly_Fatal_And_Damaging",39.5433789954338,10,6,59.0701914311759,0.488850342589253,83.33,7,41695.975178656,1,0.00399284362384002,9931
"Highly_Fatal_And_Damaging",34.1095890410959,11,1,73.4731084776664,0.419971871619185,82.21,4,26674.9433945282,1,0.0489849322409907,1273
"Minor_Damage_And_Injuries",34.6575342465753,18,5,65.8158614402917,0.282575549945907,78.64,1,25276.6017158966,3,0.928160114062658,538
"Significant_Damage_And_Serious_Injuries",53.7442922374429,9,2,72.4247948951687,0.420332491886044,81.56,5,27776.6103421415,2,0.0185203892363935,2187
"Significant_Damage_And_Serious_Injuries",39.4977168949772,13,1,77.848678213309,0.399416516408222,78.28,3,28154.2803480068,2,0.140988659182671,5921
"Significant_Damage_And_Serious_Injuries",36.3013698630137,14,3,62.6253418413856,0.325128741435269,81.78,3,45341.2787914712,2,0.22568423147531,7074
"Minor_Damage_And_Injuries",53.7899543378995,9,0,52.1877848678213,0.491735304724126,83.39,6,21779.8358358126,2,0.00575729159765092,9501
"Significant_Damage_And_Fatalities",54.2922374429224,16,0,70.6016408386509,0.291230436350523,82.5,7,42628.510405682,1,0.00375006683446869,2747
"Highly_Fatal_And_Damaging",33.1963470319635,12,5,58.7967183226983,0.364436350522899,79.71,1,38518.0479996643,3,1.40775526841574,3750
"Minor_Damage_And_Injuries",40.9132420091324,16,23,67.3655423883318,0.352175261449693,80.7,7,47430.2732035325,3,0.00460286344892508,9766
"Highly_Fatal_And_Damaging",36.62100456621,11,7,58.7967183226983,0.412038225748287,84.48,4,43887.3019722406,0,0.0800334853925099,6353
"Highly_Fatal_And_Damaging",36.62100456621,11,11,65.4056517775752,0.272478182473855,81.28,2,51160.0188437154,3,0.690352132882796,3951
"Significant_Damage_And_Serious_Injuries",59.4520547945205,14,0,54.8313582497721,0.457476379372521,78.92,7,17216.4218876264,1,0.00179714325210385,12258
"Significant_Damage_And_Serious_Injuries",39.2694063926941,13,1,64.1750227894257,0.330898665705012,78.71,2,32739.2459757613,2,0.444452039038506,10314
"Minor_Damage_And_Injuries",41.2785388127854,13,10,50.8659981768459,0.538976559682654,77.55,4,47882.5666610854,2,0.0888961552082543,3277
"Minor_Damage_And_Injuries",50.0913242009132,10,3,39.8814949863264,0.585857194374324,84.96,3,33576.0742769008,1,0.167683342524907,10825
"Significant_Damage_And_Serious_Injuries",37.6712328767123,14,5,57.6116681859617,0.312507032095204,82.3,1,32734.0661637251,0,1.21296402356341,5530
"Significant_Damage_And_Fatalities",22.7853881278539,15,4,44.7584320875114,0.45387017670393,77.91,2,19136.0861004631,2,0.254442294313853,10344
"Significant_Damage_And_Fatalities",39.4063926940639,10,8,49.4530537830446,0.531042913811756,80.45,1,25958.1374625071,4,0.956826200797043,11857
"Highly_Fatal_And_Damaging",19.1780821917808,16,10,59.0701914311759,0.514093761269383,84.03,4,32035.2462117953,2,0.0593966255335747,5096
"Minor_Damage_And_Injuries",49.3607305936073,14,2,59.1157702825889,0.375254958528669,79.32,2,28208.2593702175,2,0.379276810633701,11885
"Highly_Fatal_And_Damaging",20.1826484018265,15,0,74.0656335460346,0.424299314821493,79.58,7,31164.4523117872,2,0.00258556122063918,11658
"Significant_Damage_And_Serious_Injuries",60.5479452054795,14,2,45.5332725615314,0.359387666786873,78.94,7,28287.9926044483,2,0.00266007015636225,4466
"Minor_Damage_And_Injuries",48.9041095890411,14,23,66.7730173199635,0.344602235845654,81.56,2,29368.1675507863,0,0.397454927362596,5518
"Significant_Damage_And_Serious_Injuries",57.0776255707762,8,9,80.4922515952598,0.502914532996754,77.55,3,31035.6551968925,1,0.154517428712914,9041
"Highly_Fatal_And_Damaging",17.3972602739726,16,15,68.6417502278943,0.267429498737829,81.87,4,16238.5861110973,2,0.0304735173357446,10413
"Significant_Damage_And_Serious_Injuries",37.6712328767123,14,5,71.9234275296263,0.27788748647674,76.39,3,30830.3940187457,2,0.154648326213696,11169
"Significant_Damage_And_Serious_Injuries",23.6529680365297,18,0,59.2069279854148,0.518421204471691,80.19,3,30056.8989424303,2,0.148832135405465,9653
"Significant_Damage_And_Serious_Injuries",28.9041095890411,16,3,64.6763901549681,0.341717273710782,81.85,3,34255.7043624546,3,0.17089911377233,9851
"Minor_Damage_And_Injuries",68.1278538812785,5,7,56.3810391978122,0.276805625676163,88.71,4,40646.9528251508,1,0.0744832392429479,3509
"Significant_Damage_And_Serious_Injuries",17.351598173516,20,7,67.0920692798541,0.469737468445727,82.91,2,31302.3851194615,1,0.423471023989516,8872
"Highly_Fatal_And_Damaging",14.2009132420091,17,1,57.8851412944394,0.285821132347638,76.61,4,47507.7168742865,3,0.0865139983925863,10482
"Significant_Damage_And_Serious_Injuries",53.8356164383562,12,1,54.4667274384686,0.604970068517851,78.67,3,39083.4123264333,2,0.194627896518072,8732
"Significant_Damage_And_Serious_Injuries",27.3059360730594,17,2,74.7948951686418,0.451345834835918,80.76,3,40230.3528397513,3,0.202628386150138,7796
"Minor_Damage_And_Injuries",69.634703196347,8,0,82.9079307201459,0.269953840605842,78.78,5,25298.9797853968,2,0.0169084447733504,4582
"Significant_Damage_And_Fatalities",48.8584474885845,17,5,75.38742023701,0.388597908402452,83.08,7,12800.2929710725,2,0.00129857213614497,11841
"Minor_Damage_And_Injuries",38.8584474885845,17,4,78.9425706472197,0.278608727010458,75.88,1,32625.7179340323,4,1.20865168020795,4116
"Highly_Fatal_And_Damaging",37.5799086757991,10,6,69.1431175934367,0.289427335016228,84.51,4,33523.7023387974,2,0.0612243728033003,3042
"Highly_Fatal_And_Damaging",30.7305936073059,19,0,48.0401093892434,0.510848178867652,77.4,4,34735.4582523127,2,0.0639610596417436,2528
"Significant_Damage_And_Fatalities",48.8584474885845,17,5,66.1804922515953,0.376336819329246,83.82,7,12239.7172862064,3,0.00141753325541133,5571
"Significant_Damage_And_Fatalities",40.1826484018265,10,13,55.2415679124886,0.430790479624955,76.07,4,50314.7204576381,3,0.0958258956683562,1575
"Highly_Fatal_And_Damaging",71.9178082191781,7,17,18.4594348222425,0.771576631806707,79.88,3,46291.3905755955,2,0.232376595778976,9357
"Significant_Damage_And_Fatalities",22.648401826484,15,6,37.739288969918,0.571432383699964,86.59,3,22327.5246569269,3,0.111428701057596,3712
"Significant_Damage_And_Serious_Injuries",61.1872146118721,7,10,61.2579762989973,0.418529390551749,80.03,3,28156.6962344969,2,0.140626767258425,3031
"Significant_Damage_And_Fatalities",63.1963470319635,13,8,73.0628988149499,0.352175261449693,77.09,7,27612.5083782762,2,0.00238118653379434,2968
"Highly_Fatal_And_Damaging",14.8858447488584,17,24,78.0309936189608,0.352535881716553,77.51,4,40752.5345280167,3,0.0740408070505912,4946
"Minor_Damage_And_Injuries",54.8858447488584,12,1,68.869644484959,0.28149368914533,82.14,5,36790.5008094017,2,0.0245406632757047,9261
"Significant_Damage_And_Fatalities",39.6803652968037,9,4,55.2415679124886,0.253004688063469,79.67,1,32919.0524774902,2,1.19895525832586,7603
"Significant_Damage_And_Serious_Injuries",45.9817351598173,11,2,77.9854147675479,0.421053732419762,87.51,6,28520.1977697407,0,0.00705230146184997,9506
"Highly_Fatal_And_Damaging",29.7716894977169,12,2,68.6417502278943,0.255889650198341,76.13,6,33414.3928579992,1,0.00860815483067114,1549
"Minor_Damage_And_Injuries",45.0684931506849,11,2,56.4721969006381,0.319719437432383,76.85,4,37177.3789253251,1,0.0685852010451031,2297
"Significant_Damage_And_Fatalities",39.4063926940639,10,1,53.9197812215132,0.510848178867652,79.53,1,22938.1779252997,1,0.845845626344203,11218
"Highly_Fatal_And_Damaging",47.4885844748858,14,6,50.3190519598906,0.485965380454381,77.89,5,8981.31545951776,2,0.00259797974810656,2497
"Minor_Damage_And_Injuries",33.013698630137,18,7,56.9279854147676,0.231728092318788,80.54,1,26930.3762347395,1,0.993891141184969,5545
"Highly_Fatal_And_Damaging",30.5936073059361,12,0,79.535095715588,0.228121889650198,83.01,3,37066.9622418898,3,0.185100239617324,5161
"Minor_Damage_And_Injuries",42.283105022831,16,7,77.4384685505925,0.237858636855391,76.9,2,40987.1911745433,3,0.556483733711453,5455
"Highly_Fatal_And_Damaging",41.1872146118721,9,11,62.3518687329079,0.247234763793725,82.8,4,22999.9480219285,0,0.0427864059446497,9457
"Highly_Fatal_And_Damaging",36.0730593607306,11,1,76.4813126709207,0.283296790479625,77.94,1,22834.1486913392,4,0.83130070319387,4155
"Significant_Damage_And_Fatalities",95.2511415525114,4,11,78.0765724703738,0.276084385142445,80.45,6,45294.8304706165,1,0.0119468965853497,7891
"Significant_Damage_And_Fatalities",72.8767123287671,10,7,63.9015496809481,0.448100252434187,80.23,7,42297.736277418,1,0.00401669100153598,9917
"Significant_Damage_And_Serious_Injuries",37.7625570776256,14,4,66.5907019143118,0.460000721240533,78.97,4,42708.8544741583,3,0.0785727187769532,10208
"Significant_Damage_And_Serious_Injuries",41.5525114155251,13,4,66.4539653600729,0.366239451857194,81.27,1,26622.2917360185,3,0.977273485934279,11161
"Significant_Damage_And_Serious_Injuries",76.1187214611872,9,1,51.0027347310848,0.500390191128741,78.25,7,33076.7705547097,2,0.00304457767393473,8651
"Highly_Fatal_And_Damaging",37.2146118721461,11,0,68.6417502278943,0.146261089073206,76.63,4,30918.2798878022,0,0.0576727377660007,6664
"Minor_Damage_And_Injuries",38.4931506849315,17,2,63.7192342752963,0.335947349441038,84.1,7,41724.5687249952,1,0.00387886876565629,9499
"Highly_Fatal_And_Damaging",34.6575342465753,11,5,74.8860528714676,0.31358889289578,81.27,4,29518.3315276388,2,0.0527156406454591,6709
"Highly_Fatal_And_Damaging",52.7397260273972,6,0,59.024612579763,0.422496213487198,82.8,3,22475.1258704004,3,0.112198793945968,11641
"Significant_Damage_And_Serious_Injuries",45.4794520547945,11,1,62.7164995442115,0.293394157951677,82.41,6,18411.0289640045,3,0.00427834417018891,9042
"Significant_Damage_And_Serious_Injuries",57.351598173516,8,11,66.3172288058341,0.46108258204111,77.4,5,44143.7353048618,3,0.0299674821819734,113
"Highly_Fatal_And_Damaging",39.1780821917808,10,8,82.2242479489517,0.434036062026686,87.27,4,24295.5955977486,4,0.0444837660915728,2627
"Highly_Fatal_And_Damaging",38.2648401826484,10,1,73.5186873290793,0.30313090515687,78.74,4,23690.6304006591,1,0.0435364457252003,4782
"Highly_Fatal_And_Damaging",46.027397260274,8,8,66.2260711030082,0.306376487558601,77.22,1,16029.0812385471,2,0.589488708275267,9626
"Minor_Damage_And_Injuries",72.5570776255708,7,11,70.510483135825,0.395449693472773,82.17,5,27749.2508884797,3,0.01851592253734,1434
"Highly_Fatal_And_Damaging",68.4018264840182,8,2,54.2844120328168,0.511930039668229,80.62,2,40177.3017762019,1,0.539780083967179,482
"Significant_Damage_And_Serious_Injuries",50.2739726027397,10,0,78.714676390155,0.399416516408222,88.67,6,831.69555342133,5,0.00292043448980012,6782
"Minor_Damage_And_Injuries",52.5114155251141,9,5,53.9653600729262,0.312867652362062,82.08,6,22381.0528939519,3,0.00561003413808215,2726
"Significant_Damage_And_Serious_Injuries",31.1415525114155,16,7,65.1321786690975,0.457115759105661,84.4,7,21270.9086507751,2,0.00198107194251065,4699
"Highly_Fatal_And_Damaging",18.310502283105,16,8,59.6171376481313,0.392204111071042,76.95,1,33393.5930883868,1,1.2282281733603,1895
"Minor_Damage_And_Injuries",30.8219178082192,16,6,57.1558796718323,0.343159754778218,77,4,27007.9663942613,4,0.0495178660399433,1656
"Highly_Fatal_And_Damaging",46.6666666666667,14,3,48.9061075660894,0.541140281283808,83.12,2,27716.3461658188,1,0.376057124267334,2566
"Significant_Damage_And_Fatalities",60.4109589041096,14,0,76.2989972652689,0.266347637937252,83.15,7,34239.8497938214,2,0.00294921862398122,3106
"Minor_Damage_And_Injuries",46.8949771689498,11,1,52.6891522333637,0.426823656689506,80.55,2,40360.6120851516,3,0.546221486814704,263
"Highly_Fatal_And_Damaging",18.9497716894977,16,12,64.4484958979034,0.330898665705012,78.55,4,22736.3823339225,4,0.0424140711996413,3298
"Highly_Fatal_And_Damaging",30.5022831050228,12,1,89.1066545123063,0.256971510998918,80.39,4,22068.2222270981,3,0.040335527894257,7250
"Highly_Fatal_And_Damaging",32.8767123287671,11,9,62.6709206927985,0.443772809231878,85.4,3,46847.45838576,0,0.231087541271551,7969
"Minor_Damage_And_Injuries",44.337899543379,15,10,76.7092069279854,0.215500180310133,83.32,2,15282.2248119916,2,0.17603090511794,1615
"Significant_Damage_And_Serious_Injuries",27.3972602739726,17,0,67.4111212397448,0.414923187883159,83.58,3,41920.2471614135,2,0.208475823050671,7389
"Highly_Fatal_And_Damaging",34.4292237442922,11,5,67.18322698268,0.330538045438154,75.71,4,27511.8404672498,2,0.0498088897494593,4163