"Severity","Safety_Score","Days_Since_Inspection","Total_Safety_Complaints","Control_Metric","Turbulence_In_gforces","Cabin_Temperature","Accident_Type_Code","Max_Elevation","Violations","Adverse_Weather_Metric","Accident_ID"
"Significant_Damage_And_Fatalities",40.7305936073059,9,7,53.7830446672744,0.488129102055535,78.22,1,39565.8344826951,1,1.46134822160589,2939
"Significant_Damage_And_Fatalities",51.9178082191781,16,3,64.0382862351869,0.322243779300397,83.07,7,38615.1265617957,2,0.0035783671851997,11533
"Significant_Damage_And_Serious_Injuries",32.4657534246575,15,2,79.0793072014585,0.268511359538406,78.42,6,34929.7404234047,3,0.00840433624604243,9649
"Significant_Damage_And_Serious_Injuries",45.0684931506849,11,14,72.8805834092981,0.335947349441038,80.52,3,32164.2230668647,3,0.159696995800694,9306
"Significant_Damage_And_Fatalities",78.2191780821918,8,0,70.8295350957156,0.243989181391994,77.09,7,42627.7631749649,2,0.00380218078016251,1477
"Significant_Damage_And_Fatalities",93.4703196347032,4,2,60.665451230629,0.250119725928597,80.44,2,53831.7385266991,4,0.729576237972483,4606
"Significant_Damage_And_Serious_Injuries",45.296803652968,18,21,49.6353691886965,0.696567616300036,79.37,7,42628.3886404936,3,0.00430015617015619,6604
"Significant_Damage_And_Serious_Injuries",42.8767123287671,12,10,68.9608021877849,0.413120086548864,77.82,3,13364.5100535046,2,0.0653943422597568,1842
"Significant_Damage_And_Fatalities",34.5662100456621,11,25,52.5524156791249,0.359387666786873,81.44,1,17712.9698025224,0,0.655500113007298,5442
"Significant_Damage_And_Fatalities",48.6301369863014,17,3,68.003646308113,0.452067075369635,76.89,7,13790.8744728662,4,0.000763558904105058,2422
"Significant_Damage_And_Serious_Injuries",39.4520547945205,13,3,78.1677301731996,0.312146411828345,76.77,6,21554.55213466,2,0.00575729159765092,11677
"Minor_Damage_And_Injuries",45.0684931506849,15,1,60.6198723792161,0.510848178867652,77.78,5,24084.887315452,1,0.014990810229226,3944
"Highly_Fatal_And_Damaging",34.4748858447488,11,5,50.0911577028259,0.754627479264334,78.58,3,14353.5846630685,2,0.0728513382155746,643
"Significant_Damage_And_Serious_Injuries",51.0502283105023,10,16,55.6973564266181,0.502914532996754,83.71,3,38011.0212226692,2,0.18927904197012,3947
"Minor_Damage_And_Injuries",49.4520547945205,14,5,69.690063810392,0.416005048683736,77.89,3,47101.4857514357,0,0.236948192249694,807
"Highly_Fatal_And_Damaging",39.8173515981735,10,1,57.5205104831358,0.277526866209881,86.98,4,38817.0897087123,3,0.0708873270749383,6817
"Significant_Damage_And_Fatalities",75.4337899543379,9,7,77.5296262534184,0.314670753696357,84.92,2,35956.3758124246,3,0.485968993616324,9309
"Significant_Damage_And_Serious_Injuries",34.703196347032,14,4,78.8058340929809,0.363354489722322,81.63,1,32854.5589924577,1,1.21102426293125,8529
"Minor_Damage_And_Injuries",38.4474885844749,17,18,73.1084776663628,0.290148575549946,80.06,4,43767.580522752,2,0.0798112391732618,5065
"Minor_Damage_And_Injuries",70,8,7,80.4010938924339,0.293394157951677,81.78,2,43912.8212802953,2,0.592637233865426,2
"Minor_Damage_And_Injuries",45.4794520547945,11,1,57.1558796718323,0.300606563288856,76.85,6,37375.2237227186,2,0.00866866493725363,11719
"Minor_Damage_And_Injuries",64.9315068493151,9,0,78.0765724703738,0.207205914172377,82.69,5,30882.7263765865,2,0.0199959371191929,7957
"Significant_Damage_And_Serious_Injuries",32.0091324200913,15,3,62.0783956244303,0.368763793725207,80.61,6,36364.5237921726,3,0.00833734110846063,6808
"Significant_Damage_And_Fatalities",56.0730593607306,15,16,70.3281677301732,0.439805986296429,79.17,7,45795.5029606522,4,0.00391332884816276,2648
"Significant_Damage_And_Serious_Injuries",55.0228310502283,9,10,66.3172288058341,0.287263613415074,78.11,7,34641.5118628154,2,0.00328719609481451,2804
"Minor_Damage_And_Injuries",46.6666666666667,11,1,57.1558796718323,0.399055896141363,78.47,1,35207.2285556311,2,1.28587911562902,4314
"Highly_Fatal_And_Damaging",28.7214611872146,13,12,69.4165907019143,0.439445366029571,79.05,2,15883.2995802048,1,0.209602822932632,4997
"Significant_Damage_And_Serious_Injuries",60.2283105022831,7,11,67.0464904284412,0.293394157951677,82.27,7,39269.0539266116,2,0.00362547214117164,9979
"Significant_Damage_And_Serious_Injuries",28.9041095890411,16,5,52.7803099361896,0.280411828344753,82.11,7,33403.2551232866,2,0.00307248713334016,8637
"Significant_Damage_And_Fatalities",53.2876712328767,16,4,58.5232452142206,0.287263613415074,84.76,5,28509.7596822488,1,0.0193428547975353,10609
"Significant_Damage_And_Fatalities",29.7716894977169,12,2,44.7584320875114,0.687191489361702,79.92,1,36463.5453790652,2,1.32566078193503,9846
"Minor_Damage_And_Injuries",42.9680365296804,15,8,73.4731084776664,0.338471691309052,82.49,2,37236.7491118675,1,0.504117435127591,10457
"Highly_Fatal_And_Damaging",12.4657534246575,18,9,41.6134913400182,0.473704291381176,80.34,3,27487.6888024332,2,0.136592250612013,26
"Minor_Damage_And_Injuries",35.3881278538813,18,0,76.4357338195078,0.278608727010458,75.88,4,31531.7961960508,3,0.0576230616227392,9796
"Significant_Damage_And_Serious_Injuries",78.4474885844749,9,1,51.3673655423883,0.523830508474576,87.34,7,38170.7498413797,2,0.00346277084197133,9576
"Significant_Damage_And_Fatalities",59.8173515981735,14,0,73.0173199635369,0.290148575549946,76.33,7,33425.2255805168,3,0.00316851867819873,3858
"Minor_Damage_And_Injuries",42.0547945205479,16,0,57.5205104831358,0.356502704652002,83.22,2,28957.808823458,2,0.392319835029806,7145
"Minor_Damage_And_Injuries",57.4885844748858,11,9,65.2233363719235,0.330898665705012,78.48,2,12376.5613732312,1,0.170460593515575,7721
"Highly_Fatal_And_Damaging",40.7762557077626,9,1,72.105742935278,0.42177497295348,78.56,1,48659.2600483197,2,1.79007413943917,2418
"Highly_Fatal_And_Damaging",41.1415525114155,9,5,74.7493163172288,0.241104219257122,79.87,4,34007.0176462605,3,0.062507842180649,6262
"Significant_Damage_And_Fatalities",19.5433789954338,16,9,53.327256153145,0.462164442841687,77.67,7,38050.7869555455,2,0.00365795623306935,9235
"Highly_Fatal_And_Damaging",13.7899543378995,17,12,63.3090246125798,0.356142084385142,79.67,2,32729.7199588753,2,0.444452039038506,3161
"Highly_Fatal_And_Damaging",40.0913242009132,9,14,68.049225159526,0.158882798413271,78.4,1,29763.1841640457,1,1.0963361566327,6597
"Significant_Damage_And_Serious_Injuries",6.02739726027397,22,2,77.073837739289,0.32116191849982,82.08,3,21852.7135965614,1,0.107090687819435,10370
"Minor_Damage_And_Injuries",46.4840182648402,11,6,39.8814949863264,0.725417237648755,77.95,2,24285.8919300678,1,0.328620657287925,10589
"Significant_Damage_And_Serious_Injuries",37.5342465753425,14,9,62.9443938012762,0.312507032095204,80.9,4,25989.3630647294,2,0.0481186113732843,5028
"Minor_Damage_And_Injuries",55.7077625570776,12,11,64.1294439380128,0.406268301478543,78.47,5,35167.1709289219,1,0.0230233855883476,119
"Highly_Fatal_And_Damaging",31.0958904109589,12,7,86.052871467639,0.291951676884241,80.24,3,21790.7339062999,3,0.106939063681618,6424
"Significant_Damage_And_Serious_Injuries",30.365296803653,16,12,66.4995442114859,0.256610890732059,81.88,6,40101.9196560567,3,0.0101249384175377,12203
"Highly_Fatal_And_Damaging",28.7214611872146,13,12,67.3655423883318,0.298803461954562,78.46,4,32555.6438294962,1,0.0599548194439076,8109
"Minor_Damage_And_Injuries",45.4794520547945,11,6,20.9662716499544,0.882647673999279,87.11,6,15656.6371844094,4,0.00341451541179736,7043
"Highly_Fatal_And_Damaging",33.7899543378995,11,0,70.1458523245214,0.291230436350523,79.14,4,27619.7064200209,1,0.0506515878177534,8481
"Significant_Damage_And_Serious_Injuries",50.7762557077626,10,18,51.0483135824977,0.575759826902272,80.89,6,28245.641261576,1,0.00644871247685485,3055
"Significant_Damage_And_Serious_Injuries",53.4703196347032,9,4,84.5487693710119,0.275002524341868,80.16,3,18059.2372512249,4,0.0917011581917121,8701
"Highly_Fatal_And_Damaging",42.7853881278539,9,10,57.6116681859617,0.605691309051569,80.99,4,32578.5943530981,2,0.0603659819363915,11519
"Significant_Damage_And_Serious_Injuries",50.5022831050228,10,0,71.0118505013674,0.326931842769563,80.43,6,21674.7237723003,4,0.00565273348216524,7951
"Highly_Fatal_And_Damaging",28.675799086758,13,1,62.5341841385597,0.335226108907321,77.82,4,31003.9110435795,2,0.0572107838399182,5133
"Minor_Damage_And_Injuries",58.4931506849315,7,3,34.9134001823154,0.668078615218175,79.25,3,25644.4684192504,0,0.128439069282741,8000
"Significant_Damage_And_Fatalities",25.296803652968,14,8,40.2917046490429,0.429708618824378,78.69,4,35186.8752843927,2,0.0645364140643536,11046
"Significant_Damage_And_Fatalities",59.8173515981735,14,5,60.9845031905196,0.370927515326361,74.82,4,52783.6699929497,1,0.0941830531015625,3172
"Highly_Fatal_And_Damaging",34.7945205479452,11,10,57.4293527803099,0.440887847097007,82.03,3,23999.4411044211,2,0.120797848119952,9385
"Highly_Fatal_And_Damaging",44.4292237442922,15,2,49.4530537830446,0.526354850342589,77.92,2,41045.6940016465,3,0.553650909787565,6237
"Minor_Damage_And_Injuries",58.8584474885845,7,5,38.1494986326345,0.710992426974395,76.19,6,26885.1576261271,0,0.00686081877193683,4336
"Significant_Damage_And_Fatalities",55.7534246575342,15,5,70.3281677301732,0.26346267580238,78.96,7,18298.7567204596,4,0.00175499774738141,11237
"Minor_Damage_And_Injuries",48.7671232876712,14,35,66.7730173199635,0.417808150018031,81.84,2,27758.7655828431,1,0.376057124267334,11924
"Highly_Fatal_And_Damaging",43.2876712328767,8,3,68.3682771194166,0.255168409664623,83.58,4,37772.6897005185,4,0.0697843616372638,4610
"Minor_Damage_And_Injuries",55.5251141552511,12,1,64.9954421148587,0.386434186801298,76.95,5,33435.8541733318,3,0.0215739524915231,6497
"Minor_Damage_And_Injuries",42.1004566210046,16,5,60.665451230629,0.33883231157591,77.16,2,32682.9018146972,2,0.442314977408644,10386
"Minor_Damage_And_Injuries",52.5114155251141,13,2,60.4831358249772,0.526354850342589,86.51,5,32908.2936804925,0,0.0215533582053583,8523
"Highly_Fatal_And_Damaging",39.1324200913242,10,1,62.1239744758432,0.444494049765597,79.33,4,8706.41207763477,3,0.0188905261278938,10851
"Highly_Fatal_And_Damaging",38.1278538812785,10,1,66.4539653600729,0.460721961774252,77.87,1,33745.4930288049,1,1.23976926623189,828
"Minor_Damage_And_Injuries",66.5753424657534,9,9,59.0701914311759,0.634180310133429,80.41,2,48457.3765488096,2,0.651813596276774,8035
"Highly_Fatal_And_Damaging",21.2785388127854,15,5,62.7164995442115,0.380303642264695,84.12,7,20862.6343445671,2,0.00198107194251065,8670
"Significant_Damage_And_Serious_Injuries",29.3607305936073,16,10,82.0875113947128,0.262020194734944,83.32,6,40413.0386474199,3,0.00961789780026553,477
"Minor_Damage_And_Injuries",24.7945205479452,18,10,55.2871467639016,0.219467003245582,80.64,3,30364.8698905437,1,0.150293721810262,4935
"Significant_Damage_And_Serious_Injuries",43.1506849315068,12,13,57.8851412944394,0.426823656689506,77.25,6,30147.9054384671,2,0.00743860219406398,485
"Significant_Damage_And_Fatalities",25.8904109589041,14,1,49.2707383773929,0.413480706815723,81.14,4,36789.6854758482,3,0.067196147915411,8207
"Significant_Damage_And_Serious_Injuries",41.1415525114155,12,0,51.8231540565178,0.522748647673999,76.99,4,35012.5425984798,1,0.0643079310837254,9356
"Significant_Damage_And_Serious_Injuries",56.7579908675799,8,4,100,0.212254597908403,77.53,6,28890.1525672434,3,0.00716115285602777,4141
"Highly_Fatal_And_Damaging",25.9817351598173,14,1,73.9288969917958,0.373451857194374,78.23,7,47673.7542926758,2,0.00436632490027057,5286
"Minor_Damage_And_Injuries",52.5114155251141,13,0,71.5587967183227,0.273199423007573,80.34,5,40360.2154058748,3,0.0275610999374942,8470
"Minor_Damage_And_Injuries",50.5022831050228,10,10,52.0510483135825,0.447739632167328,76.07,3,9560.90943938469,1,0.0124778111374111,10900
"Highly_Fatal_And_Damaging",31.6438356164384,12,2,80.355515041021,0.229203750450775,83.94,4,25119.2421101637,2,0.0460458912336435,44
"Significant_Damage_And_Fatalities",44.4748858447489,8,3,52.8258887876026,0.22379444644789,78.06,1,14840.4652848946,2,0.51302895528027,10158
"Significant_Damage_And_Serious_Injuries",82.2831050228311,7,0,66.1349134001823,0.335586729174179,77.18,6,34982.9927274348,1,0.00923431990173697,5516
"Significant_Damage_And_Fatalities",44.5205479452055,8,3,49.5442114858706,0.456755138838803,82.08,4,20108.8925524883,4,0.0370683583090205,5402
"Highly_Fatal_And_Damaging",0.913242009132421,21,14,62.0328167730173,0.401219617742517,84.92,2,39366.3183285366,0,0.533890828441657,9656
"Significant_Damage_And_Serious_Injuries",48.1735159817352,11,3,76.8915223336372,0.381746123332131,77.81,2,28671.2954228205,2,0.389545009608015,6483
"Highly_Fatal_And_Damaging",43.972602739726,8,1,60.665451230629,0.476228633249188,81.78,4,39462.1095783026,2,0.0723885206448047,5785
"Significant_Damage_And_Fatalities",36.8036529680365,10,5,56.1075660893346,0.439445366029571,76.48,2,31318.3861110589,3,0.423441678295481,9486
"Significant_Damage_And_Serious_Injuries",26.5753424657534,17,9,79.2160437556974,0.217663901911287,77.26,3,37623.173029289,3,0.187059500793385,11631
"Minor_Damage_And_Injuries",45.9817351598173,15,2,73.3363719234275,0.458197619906239,80.42,2,59108.8771655082,3,0.836581796942541,3081
"Significant_Damage_And_Serious_Injuries",24.6575342465753,18,16,41.0665451230629,0.473704291381176,78.57,7,45599.3677907389,2,0.00397778701683289,418
"Significant_Damage_And_Serious_Injuries",52.9223744292237,9,0,79.8997265268915,0.234252434186801,77.08,2,38210.2878344268,1,0.514732243183487,2580
"Minor_Damage_And_Injuries",68.7671232876712,8,21,68.9608021877849,0.192059862964299,82.64,3,30479.9802452678,4,0.150707712103425,12041
"Minor_Damage_And_Injuries",76.6666666666667,6,29,64.8131267092069,0.399055896141363,76.1,3,26733.763247326,2,0.133339847407303,9800
"Significant_Damage_And_Fatalities",64.8858447488584,12,1,70.6472196900638,0.358666426253155,76.85,2,30684.6725583661,3,0.416258197098539,5512
"Significant_Damage_And_Serious_Injuries",45.7990867579909,11,2,78.3956244302644,0.331980526505589,75.41,3,40645.7172863603,2,0.200329336130819,6314
"Significant_Damage_And_Fatalities",76.1643835616438,9,5,66.362807657247,0.298803461954562,88.57,4,20721.9313806503,1,0.0377994193715539,3630
"Highly_Fatal_And_Damaging",30.1826484018265,12,1,78.1221513217867,0.390401009736747,80.98,4,36315.7270103316,2,0.0665145741903083,7485
"Highly_Fatal_And_Damaging",29.4977168949772,13,10,70.9206927985415,0.351454020915975,81.37,2,37236.7491118675,1,0.503651281263565,3105
"Highly_Fatal_And_Damaging",20.2739726027397,15,2,65.9981768459435,0.553401370357014,79.71,4,49288.6355066503,2,0.0915074626693022,8223
"Minor_Damage_And_Injuries",43.8812785388128,15,0,91.1121239744758,0.282936170212766,78.73,2,25487.6050171112,2,0.344926674199494,1963
"Significant_Damage_And_Serious_Injuries",42.4200913242009,12,3,67.7301731996354,0.338111071042192,81.37,3,39176.7609148741,2,0.194834612062384,1260
"Significant_Damage_And_Serious_Injuries",42.4200913242009,12,9,88.0127620783956,0.222351965380454,77.93,2,35183.5773073215,3,0.478306032390798,5934
"Minor_Damage_And_Injuries",69.7260273972603,7,3,75.38742023701,0.354699603317706,79.65,2,32584.0146079089,1,0.441589522673159,9722
"Significant_Damage_And_Fatalities",50.2283105022831,17,6,74.4302643573382,0.247595384060584,79.31,7,26764.9951679242,2,0.0021741484203101,12403
"Highly_Fatal_And_Damaging",14.5205479452055,17,1,80.7657247037375,0.269953840605842,81.33,4,48711.9822381572,3,0.0895323319881988,7334
"Significant_Damage_And_Serious_Injuries",47.8995433789954,11,0,74.8860528714676,0.325489361702128,82.19,5,37628.4658293457,0,0.024495461619962,1004
"Minor_Damage_And_Injuries",23.8812785388128,18,1,37.8304466727438,0.542582762351244,88.01,6,28645.185920645,2,0.00722474159604237,2998
"Minor_Damage_And_Injuries",67.2146118721461,12,3,79.0337283500456,0.390761630003606,87.51,2,51368.7499996858,4,0.695172258679209,1117
"Highly_Fatal_And_Damaging",45.0228310502283,8,6,88.2406563354604,0.212254597908403,77.6,2,30587.5693844636,1,0.414941704093137,9938
"Highly_Fatal_And_Damaging",29.7716894977169,12,0,56.8824065633546,0.378139920663541,79.4,4,35888.9398852774,2,0.0665314538675571,2168
"Highly_Fatal_And_Damaging",28.4018264840183,13,29,58.4776663628077,0.434396682293545,87,1,39741.3462846585,3,1.46134822160589,6297
"Minor_Damage_And_Injuries",77.3059360730594,2,19,65.3144940747493,0.557368193292463,77.77,5,23099.2468389868,2,0.0156792923406637,10334
"Significant_Damage_And_Serious_Injuries",39.4977168949772,13,6,76.4357338195078,0.421053732419762,75.81,6,49341.2232208618,3,0.0129833111717393,3498
"Highly_Fatal_And_Damaging",37.3972602739726,10,0,75.38742023701,0.325849981968986,78.65,4,34758.9344410775,1,0.0640529720617364,9462
"Highly_Fatal_And_Damaging",0.913242009132421,21,14,66.9097538742024,0.398334655607645,83.01,6,25720.9164075718,2,0.00597247383359291,10913
"Significant_Damage_And_Fatalities",20.5479452054795,15,2,45.8067456700091,0.409874504147133,81.91,4,20862.6343445671,2,0.0388307713777085,820
"Highly_Fatal_And_Damaging",13.7899543378995,17,5,70.7383773928897,0.267429498737829,76.61,4,27398.9877717438,1,0.0497643329463912,4910
"Significant_Damage_And_Fatalities",62.3287671232877,13,0,70.6472196900638,0.462525063108547,76.93,4,32364.3522171259,2,0.0588715558622953,3655
"Significant_Damage_And_Fatalities",56.7123287671233,15,2,74.0200546946217,0.185208077893978,79.7,7,24205.2243326284,2,0.00232829982073789,9153
"Minor_Damage_And_Injuries",20.4109589041096,19,14,29.4439380127621,0.774822214208438,80.78,5,39488.3014653357,2,0.0267894186959753,1983
"Minor_Damage_And_Injuries",45.4337899543379,15,31,79.0337283500456,0.40374395961053,78.47,2,19380.3444367151,2,0.256113629626921,9048
"Significant_Damage_And_Fatalities",24.7488584474886,14,1,55.7885141294439,0.311425171294627,81.32,2,41817.9806038586,2,0.567201132594691,11905
"Minor_Damage_And_Injuries",42.0547945205479,16,6,69.644484958979,0.372730616660656,76.96,2,20815.9142089448,2,0.280042859677686,2457
"Significant_Damage_And_Serious_Injuries",40.7762557077626,13,17,76.0255241567913,0.434036062026686,77.11,3,37862.9199927159,1,0.188871235049903,3475
"Highly_Fatal_And_Damaging",4.29223744292237,21,2,70.1914311759344,0.23100685178507,80.41,6,38605.8448723499,4,0.00985570910807226,5022
"Significant_Damage_And_Serious_Injuries",53.7442922374429,9,17,61.485870556062,0.387876667868734,82.66,1,32176.8739290162,1,1.18433439338999,2409
"Highly_Fatal_And_Damaging",21.5981735159817,15,12,67.5022789425707,0.272838802740714,77.74,4,38472.6989638762,2,0.0705271027139023,1161
"Highly_Fatal_And_Damaging",42.9680365296804,9,4,82.3609845031905,0.44341218896502,80.15,4,12666.7712047322,2,0.0232000007272091,3607
"Highly_Fatal_And_Damaging",26.7123287671233,13,2,70.1914311759344,0.358305805986296,81.37,3,37438.206200471,2,0.186511988073222,1537
"Significant_Damage_And_Serious_Injuries",63.4246575342466,6,0,76.5724703737466,0.243989181391994,80.54,3,33701.3739418717,2,0.167321669948203,429
"Highly_Fatal_And_Damaging",33.7442922374429,18,5,55.0136736554239,0.547270825820411,77.93,1,25739.3846771422,2,0.945916971637711,10524
"Significant_Damage_And_Fatalities",83.6529680365297,7,1,68.7329079307201,0.254086548864046,77.18,7,23245.3423411864,1,0.00223908837002849,12314
"Significant_Damage_And_Fatalities",24.1552511415525,14,3,53.327256153145,0.395449693472773,75.2,4,24892.5561259657,1,0.045618295027618,54
"Highly_Fatal_And_Damaging",39.8173515981735,10,4,66.5907019143118,0.460721961774252,88.71,4,39242.3743782701,4,0.0717190222705393,9832
"Highly_Fatal_And_Damaging",22.7397260273973,15,18,70.7839562443026,0.207205914172377,81.27,7,20358.3291608289,4,0.00170172802667714,3321
"Minor_Damage_And_Injuries",70.0456621004566,11,1,65.2689152233364,0.339553552109629,81.73,2,37749.2312463216,2,0.511651064252089,3575
"Significant_Damage_And_Serious_Injuries",54.5205479452055,8,0,73.2907930720146,0.27788748647674,81.61,6,34032.0959991224,0,0.00861070374879613,4177
"Significant_Damage_And_Serious_Injuries",43.8356164383562,12,3,64.2661804922516,0.243628561125135,78.31,4,29944.115484551,2,0.0547403831070529,3472
"Highly_Fatal_And_Damaging",48.6301369863014,7,1,76.7547857793984,0.335226108907321,78.46,4,50950.7851616493,2,0.0926302253351654,4144
"Minor_Damage_And_Injuries",33.1050228310502,15,15,57.1558796718323,0.509045077533357,80.19,2,36490.5371102771,1,0.488682348438616,4395
"Significant_Damage_And_Serious_Injuries",51.0502283105023,10,16,70.1914311759344,0.395449693472773,76.98,4,36742.4965923887,2,0.0679180602164867,9698
"Significant_Damage_And_Fatalities",19.4063926940639,16,16,44.7128532360985,0.634180310133429,85.1,4,28384.5263097579,2,0.0514662385219508,9702
"Minor_Damage_And_Injuries",30.7762557077626,16,3,54.6490428441203,0.372009376126938,80.09,1,30380.8615154131,3,1.11357000206576,4202
"Minor_Damage_And_Injuries",37.0776255707762,14,5,55.0592525068368,0.444854670032455,83.07,3,29541.1841118771,3,0.146736433115703,3447
"Significant_Damage_And_Fatalities",66.8036529680365,12,3,74.7948951686418,0.28509989181392,82.53,5,34239.8497938214,3,0.0237990658424012,1390
"Minor_Damage_And_Injuries",36.9406392694064,14,9,56.9279854147676,0.485965380454381,79.61,2,35540.8690617328,2,0.481652773305888,7428
"Highly_Fatal_And_Damaging",39.2694063926941,10,8,72.0145852324522,0.282214929679048,79.17,6,23733.486318278,0,0.00608880394708359,3683
"Highly_Fatal_And_Damaging",27.1232876712329,14,0,65.587967183227,0.425741795888929,81.86,4,30752.093089438,1,0.058088147653132,11653
"Highly_Fatal_And_Damaging",1.41552511415525,22,4,60.9845031905196,0.345323476379372,79.88,4,39366.3183285366,2,0.0714234557381285,11811
"Highly_Fatal_And_Damaging",38.8584474885845,10,1,57.9307201458523,0.430069239091237,79.56,5,33373.0269272214,1,0.0215975928521873,12219
"Significant_Damage_And_Serious_Injuries",58.1278538812785,8,1,75.38742023701,0.245792282726289,81.04,3,26266.3679590952,3,0.131340504997494,2803
"Significant_Damage_And_Fatalities",65.4337899543379,4,17,50.6381039197812,0.438002884962135,82.27,7,48388.150295776,2,0.00507361124995632,2951
"Minor_Damage_And_Injuries",46.4840182648402,15,9,84.2752962625342,0.255529029931482,78.56,2,25487.6050171112,3,0.346527327910913,7809
"Minor_Damage_And_Injuries",34.8401826484018,15,0,32.7256153144941,0.640310854670032,78.55,3,33315.568355075,3,0.166305014653227,3048
"Highly_Fatal_And_Damaging",39.7260273972603,16,11,53.0082041932544,0.334865488640461,80.95,2,37999.3671044333,2,0.514732243183487,11336
"Highly_Fatal_And_Damaging",21.4611872146119,15,9,59.845031905196,0.392204111071042,78.16,4,51330.7281929059,1,0.0941830531015625,10663
"Significant_Damage_And_Serious_Injuries",45.5251141552511,11,3,62.7164995442115,0.23461305445366,80.96,1,32094.8041801564,0,1.18439580185084,12169
"Significant_Damage_And_Serious_Injuries",42.283105022831,12,18,60.7566089334549,0.366960692390912,79.22,2,30232.1460175973,3,0.412117131132194,3949
"Highly_Fatal_And_Damaging",44.4292237442922,8,2,62.5797629899727,0.423578074287775,79.42,4,37353.2152049364,2,0.068210006095578,7032
"Highly_Fatal_And_Damaging",51.7351598173516,13,15,55.2871467639016,0.378139920663541,82.45,6,33095.9115787169,3,0.00778024048637489,3659
"Minor_Damage_And_Injuries",54.7945205479452,12,2,50.9571558796719,0.62660728452939,77.93,2,32349.2953783122,3,0.439042374653745,10925
"Significant_Damage_And_Fatalities",70.6392694063927,11,14,55.0592525068368,0.439805986296429,87.23,7,36489.111114402,4,0.00307677052811736,4514
"Highly_Fatal_And_Damaging",43.0593607305936,9,22,80.0820419325433,0.394728452939055,76.33,6,34687.307415452,1,0.00863399457726239,10548
"Highly_Fatal_And_Damaging",54.703196347032,5,3,80.6745670009116,0.375976199062387,79.63,5,26659.2351683511,3,0.01851592253734,7398
"Significant_Damage_And_Serious_Injuries",30.7762557077626,16,16,66.4995442114859,0.417808150018031,86.13,5,40169.155474508,2,0.0268038442368048,1467
"Significant_Damage_And_Serious_Injuries",31.2785388127854,15,2,71.8778486782133,0.438002884962135,82.08,3,29267.1648734599,2,0.145942988462053,6463
"Significant_Damage_And_Serious_Injuries",19.3607305936073,19,0,64.3573381950775,0.272838802740714,81.56,3,30477.3190817566,1,0.152337945102486,4077
"Significant_Damage_And_Fatalities",62.5114155251141,13,0,89.334548769371,0.217663901911287,79.94,7,32397.8028563726,2,0.0031312676073089,4138
"Minor_Damage_And_Injuries",36.62100456621,14,2,49.6809480401094,0.357223945185719,79.23,3,29290.6148321627,3,0.145497843024578,6357
"Significant_Damage_And_Serious_Injuries",87.4885844748858,6,21,52.461257976299,0.475868012982329,78.33,7,37447.461911083,1,0.00346583847527643,59
"Highly_Fatal_And_Damaging",18.310502283105,16,3,60.5742935278031,0.395089073205914,83.52,1,33105.8525511885,2,1.22554324235319,8263
"Highly_Fatal_And_Damaging",22.1917808219178,15,1,90.2917046490429,0.286902993148215,77.3,4,41770.8047803057,0,0.0763693670508144,8794
"Minor_Damage_And_Injuries",19.5433789954338,19,5,53.5095715587967,0.717844212044716,82.2,2,25824.9539278389,2,0.349246882159703,6570
"Highly_Fatal_And_Damaging",28.675799086758,20,1,44.3938012762078,0.339192931842769,83.72,3,33551.9758348096,1,0.167165430554854,10630
"Significant_Damage_And_Serious_Injuries",32.1004566210046,15,4,64.3573381950775,0.330538045438154,90.87,6,46572.4825389388,1,0.0116764435606435,8197
"Significant_Damage_And_Fatalities",34.7488584474886,11,8,50.1823154056518,0.448460872701046,78.23,7,45004.0013982202,2,0.00425968616006219,4723
"Significant_Damage_And_Serious_Injuries",22.3744292237443,18,0,58.3865086599818,0.345684096646231,84.82,6,38457.3958857102,2,0.00950376333512928,9789
"Highly_Fatal_And_Damaging",48.2648401826484,7,18,71.9690063810392,0.3785005409304,77.42,1,20400.0810537287,3,0.741000085873413,980
"Significant_Damage_And_Serious_Injuries",38.7671232876712,13,6,69.0519598906108,0.428266137756942,76.39,3,24295.5955977486,0,0.120541261122413,7383
"Significant_Damage_And_Fatalities",25.5707762557078,14,2,49.179580674567,0.582250991705733,78.46,4,24188.3948414421,2,0.0442690631810244,459
"Highly_Fatal_And_Damaging",29.4063926940639,13,0,63.6736554238833,0.43259358095925,79.16,6,8706.41207763477,4,0.00292043448980012,5694
"Minor_Damage_And_Injuries",47.8995433789954,14,19,74.9772105742936,0.388237288135593,77.07,2,20374.9875573108,2,0.275778719141191,1475
"Highly_Fatal_And_Damaging",47.8995433789954,7,11,78.9881494986326,0.179438153624233,78.61,3,22331.8751251695,2,0.111897062828597,3731
"Significant_Damage_And_Fatalities",39.4977168949772,10,8,49.4530537830446,0.478392354850342,82.13,4,44552.8688266593,2,0.082036560492673,7429
"Minor_Damage_And_Injuries",48.8584474885845,14,1,68.4138559708295,0.241104219257122,80.65,1,30098.5723888406,1,1.10726459904649,6278