"Severity","Safety_Score","Days_Since_Inspection","Total_Safety_Complaints","Control_Metric","Turbulence_In_gforces","Cabin_Temperature","Accident_Type_Code","Max_Elevation","Violations","Adverse_Weather_Metric","Accident_ID"
"Significant_Damage_And_Fatalities",34.5662100456621,11,6,45.8067456700091,0.388597908402452,77.99,4,19093.0822520948,1,0.0344048446195062,4961
"Highly_Fatal_And_Damaging",19.2237442922374,16,3,73.2452142206017,0.268150739271547,77.29,1,30938.8209970298,1,1.1424194449444,1622
"Significant_Damage_And_Fatalities",63.9269406392694,13,4,75.8432087511395,0.28149368914533,78.67,7,13696.9970624703,2,0.00147995965828901,11846
"Highly_Fatal_And_Damaging",12.4657534246575,18,3,74.61257976299,0.316113234763794,76,4,30384.1142456733,4,0.0560106003796652,6413
"Highly_Fatal_And_Damaging",48.8127853881278,7,1,76.7547857793984,0.305294626758024,80.5,4,20432.2797281007,3,0.0379859608192468,11740
"Significant_Damage_And_Serious_Injuries",7.94520547945206,23,2,70.5560619872379,0.189535521096285,75.25,4,47141.2263132954,1,0.08632702221355,12254
"Highly_Fatal_And_Damaging",21.2328767123288,15,3,67.6845943482224,0.505078254597908,80.85,2,49516.4424657654,3,0.678555591591014,10823
"Significant_Damage_And_Serious_Injuries",38.0365296803653,13,1,62.8988149498633,0.381385503065272,77.1,7,28967.6353257614,1,0.00270472976860055,5477
"Highly_Fatal_And_Damaging",43.6529680365297,8,5,67.7757520510483,0.262741435268662,77.28,1,34302.7258502924,3,1.2684727108881,11922
"Highly_Fatal_And_Damaging",29.2237442922374,13,1,82.2242479489517,0.287624233681933,86.57,4,41770.8047803057,2,0.0757777229810722,4629
"Highly_Fatal_And_Damaging",64.8401826484018,9,9,49.2707383773929,0.687191489361702,80.45,2,40580.5502390022,1,0.551381417627301,8173
"Minor_Damage_And_Injuries",42.8310502283105,12,10,55.0592525068368,0.410595744680851,86.13,2,44377.5915457626,1,0.598166042993753,1219
"Minor_Damage_And_Injuries",33.1050228310502,18,12,59.8906107566089,0.465770645510278,79.4,2,29818.3011307671,2,0.403086320643623,905
"Highly_Fatal_And_Damaging",20.958904109589,15,1,86.6453965360073,0.248316624594302,77.52,1,35147.7853670774,4,1.29384557291003,8677
"Minor_Damage_And_Injuries",48.8584474885845,14,23,71.5587967183227,0.331980526505589,78.04,5,34687.307415452,3,0.0227514745473042,3940
"Significant_Damage_And_Serious_Injuries",63.4246575342466,6,4,73.1540565177758,0.290148575549946,82.36,6,31484.4366438126,2,0.00806007658873008,48
"Significant_Damage_And_Serious_Injuries",54.4748858447489,9,23,71.5587967183227,0.17330760908763,82.64,3,35684.8827698476,3,0.177623324826473,8333
"Minor_Damage_And_Injuries",24.8858447488584,17,0,42.616226071103,0.663751172015867,80.9,5,36061.4324647463,2,0.0239597925051858,9763
"Minor_Damage_And_Injuries",51.5525114155251,13,11,77.5296262534184,0.298082221420844,77.22,5,37388.6897063868,2,0.0245030952312339,9878
"Highly_Fatal_And_Damaging",25.6164383561644,14,8,63.9927073837739,0.201435989902632,80.22,2,23362.5382988508,4,0.317264638371491,1498
"Highly_Fatal_And_Damaging",40.7762557077626,16,6,56.517775752051,0.404104579877389,81.89,2,44363.1891191291,0,0.600390476471675,6843
"Highly_Fatal_And_Damaging",19.1324200913242,16,6,74.61257976299,0.222351965380454,79.32,4,20146.9172518634,2,0.0378292648966444,11819
"Significant_Damage_And_Serious_Injuries",98.4018264840183,6,0,41.5679124886053,0.634901550667147,80.12,3,47433.0162389743,2,0.23646452524774,10162
"Minor_Damage_And_Injuries",59.041095890411,7,5,39.7447584320875,0.417808150018031,74.74,6,38880.4007290491,1,0.00977993678789187,4586
"Significant_Damage_And_Fatalities",58.9041095890411,14,8,81.2670920692799,0.289427335016228,82.49,7,31529.7623234607,1,0.00288440827898333,3411
"Significant_Damage_And_Fatalities",36.7579908675799,10,4,56.1531449407475,0.453509556437072,76.48,4,37570.1218919881,3,0.0686361610266386,2975
"Significant_Damage_And_Fatalities",76.8493150684932,9,0,73.7010027347311,0.201435989902632,79.85,7,22336.4072040184,2,0.00207246346185851,2468
"Minor_Damage_And_Injuries",46.4840182648402,11,0,45.7611668185962,0.37489433826181,76.53,3,40296.8160759999,2,0.199990448988869,11911
"Significant_Damage_And_Serious_Injuries",57.1232876712329,8,19,73.1540565177758,0.290148575549946,88.4,6,43611.8162404295,3,0.0110880611110665,1209
"Minor_Damage_And_Injuries",62.0091324200913,10,0,61.2123974475843,0.46108258204111,76.67,2,35679.2157133397,3,0.482942371692265,4380
"Minor_Damage_And_Injuries",52.3744292237443,9,1,55.1959890610757,0.454591417237649,79.62,3,25562.6034711693,1,0.128303571276887,1777
"Highly_Fatal_And_Damaging",17.0776255707763,16,15,75.6608933454877,0.394367832672196,76.44,1,33393.5930883868,1,1.23244148024859,685
"Significant_Damage_And_Fatalities",37.4885844748858,10,1,56.8824065633546,0.52960043274432,83.42,4,23157.2982287448,2,0.041745066790575,10492
"Highly_Fatal_And_Damaging",33.8812785388128,11,3,69.5533272561531,0.368042553191489,76.86,4,20937.1705110465,0,0.0384089818644619,9976
"Significant_Damage_And_Serious_Injuries",22.9680365296804,18,3,80.4466727438469,0.31358889289578,85.04,3,33656.0464667578,2,0.16875836276271,9881
"Significant_Damage_And_Fatalities",22.1917808219178,15,1,55.9708295350957,0.552680129823296,76.43,4,20993.9622286411,1,0.0384517831023515,6249
"Highly_Fatal_And_Damaging",30.5936073059361,12,5,68.4138559708295,0.377058059862964,78.78,5,38735.7513409735,4,0.026380928931565,5176
"Significant_Damage_And_Fatalities",31.4155251141552,12,2,56.2898814949863,0.276805625676163,78.37,4,45399.1945658495,2,0.0839917945185517,7013
"Minor_Damage_And_Injuries",72.9680365296803,7,1,70.0546946216956,0.439805986296429,78.46,2,19380.3444367151,3,0.254442294313853,2929
"Significant_Damage_And_Fatalities",68.2648401826484,12,35,72.6526891522334,0.296639740353408,80.58,7,40780.2734645167,1,0.00367281521253783,11482
"Minor_Damage_And_Injuries",58.0821917808219,11,9,78.0765724703738,0.343880995311936,81.81,2,35354.6491535324,3,0.478306032390798,12103
"Highly_Fatal_And_Damaging",22.9223744292237,14,2,60.4831358249772,0.366239451857194,83.19,1,16391.201556306,1,0.563737503783226,3441
"Minor_Damage_And_Injuries",69.4520547945205,8,0,68.003646308113,0.369845654525784,78.13,1,41060.4258734818,0,1.50734589361924,8249
"Highly_Fatal_And_Damaging",17.0776255707763,16,6,69.1886964448496,0.455673278038226,77.48,4,26748.2070214776,1,0.0490314461556636,2338
"Minor_Damage_And_Injuries",42.283105022831,12,8,56.9279854147676,0.47190119004688,84.27,7,18272.7284846477,2,0.00198107194251065,8634
"Minor_Damage_And_Injuries",45.7534246575342,15,0,72.926162260711,0.386073566534439,78.91,6,24530.3568280106,1,0.00638052631766798,4237
"Significant_Damage_And_Fatalities",79.4063926940639,8,13,58.4776663628077,0.543664623151821,88.39,4,35254.4934875509,3,0.0638479625702225,5295
"Significant_Damage_And_Serious_Injuries",57.3972602739726,8,2,89.2433910665451,0.294476018752254,82.19,3,48141.3485544039,1,0.236847335689612,9568
"Significant_Damage_And_Serious_Injuries",55.1598173515982,9,18,82.0875113947128,0.228482509917057,77.95,3,32880.837576059,2,0.163199733689906,1513
"Significant_Damage_And_Serious_Injuries",42.4200913242009,12,4,74.5214220601641,0.40013775694194,78.09,2,20683.2245157714,1,0.279249740703571,5130
"Minor_Damage_And_Injuries",36.4383561643836,17,1,60.1640838650866,0.302409664623152,79.3,2,38976.3406797894,0,0.527487410542601,383
"Significant_Damage_And_Fatalities",36.8036529680365,11,5,49.4530537830446,0.526354850342589,81.15,4,38055.6903779597,2,0.0692368044281072,5331
"Highly_Fatal_And_Damaging",30.7762557077626,12,0,73.3363719234275,0.43259358095925,82.21,1,29989.0265842119,2,1.10131814762192,10762
"Minor_Damage_And_Injuries",32.4657534246575,15,7,47.9033728350046,0.429708618824378,81.18,3,25131.3222040264,1,0.12514403561123,1087
"Significant_Damage_And_Fatalities",40.6392694063927,9,1,49.8632634457612,0.361551388388027,76.3,4,37915.6428001746,1,0.0697843616372638,840
"Highly_Fatal_And_Damaging",29.4977168949772,13,13,75.4785779398359,0.271035701406419,86.47,5,29518.3315276388,2,0.0207209616607708,7945
"Highly_Fatal_And_Damaging",27.3059360730594,13,9,79.2160437556974,0.283657410746484,76.89,4,31758.9281763219,3,0.0566664273024785,531
"Significant_Damage_And_Serious_Injuries",41.0045662100457,13,21,68.1403828623519,0.21297583844212,80.61,3,32374.9519273225,4,0.160237023074609,473
"Highly_Fatal_And_Damaging",40.365296803653,9,1,75.38742023701,0.293394157951677,79.98,5,28024.9763079592,3,0.0183562908562267,5426
"Significant_Damage_And_Serious_Injuries",29.634703196347,16,12,59.024612579763,0.219106382978723,76.49,3,45972.1359787677,2,0.227829389177973,3952
"Significant_Damage_And_Serious_Injuries",39.4520547945205,13,3,59.2980856882407,0.316834475297511,79.24,7,26226.1962177896,2,0.00234058699343394,195
"Significant_Damage_And_Serious_Injuries",24.9315068493151,17,4,72.0145852324522,0.312146411828345,80.46,6,29519.010231283,2,0.00716040585705998,8443
"Minor_Damage_And_Injuries",40.8219178082192,13,2,56.1531449407475,0.345323476379372,76.95,4,39740.0201192797,0,0.0723253469968561,8926
"Significant_Damage_And_Fatalities",50.0456621004566,16,7,59.7994530537831,0.465770645510278,78.5,7,21725.9744764813,0,0.00165483628932035,6746
"Minor_Damage_And_Injuries",58.1278538812785,11,5,76.8915223336372,0.491014064190407,78.91,2,40494.3158720077,4,0.548030970801103,10773
"Significant_Damage_And_Fatalities",66.2100456621004,12,0,78.6235186873291,0.326210602235846,79.94,7,22248.3350362665,4,0.00197907711742809,7626
"Minor_Damage_And_Injuries",32.648401826484,15,4,53.3728350045579,0.234252434186801,85.24,4,24506.9697360812,2,0.0449289157473636,8174
"Minor_Damage_And_Injuries",60.5479452054795,10,19,66.0893345487694,0.530321673278038,78.52,5,33228.4621335803,2,0.0216865530062197,9730
"Significant_Damage_And_Serious_Injuries",48.9041095890411,18,22,50.1823154056518,0.505799495131626,79.37,7,47232.0210882522,0,0.00383213965217503,1295
"Highly_Fatal_And_Damaging",61.4155251141552,10,2,54.922515952598,0.496423368193292,75.9,2,35000.8621054718,4,0.473371436510231,10717
"Significant_Damage_And_Serious_Injuries",39.7260273972603,13,2,60.665451230629,0.526354850342589,77,2,28456.00736787,2,0.384350598455968,9151
"Significant_Damage_And_Serious_Injuries",34.4748858447488,14,0,58.4776663628077,0.404465200144248,78.03,3,43915.3628054386,3,0.221481272569922,2854
"Significant_Damage_And_Fatalities",70.5022831050228,11,5,62.7620783956244,0.315391994230076,83.45,7,43296.0711451878,4,0.00419055705033447,8686
"Significant_Damage_And_Fatalities",53.7442922374429,16,20,72.8350045578852,0.391122250270465,78.27,7,29289.6517614832,2,0.00276350539336952,10167
"Significant_Damage_And_Serious_Injuries",32.8767123287671,15,7,62.6709206927985,0.307818968626037,78.09,3,26989.6146435872,1,0.134484836771453,153
"Highly_Fatal_And_Damaging",46.8949771689498,14,21,49.8176845943483,0.347487197980527,79.28,3,24563.9883018573,2,0.122219447167117,7300
"Highly_Fatal_And_Damaging",17.4429223744292,16,2,76.7547857793984,0.284378651280202,83.74,1,35006.6478704957,1,1.28587911562902,10067
"Significant_Damage_And_Serious_Injuries",30.3196347031963,16,5,70.464904284412,0.382467363865849,76.48,3,34255.7043624546,2,0.17069849613111,1204
"Highly_Fatal_And_Damaging",24.3835616438356,14,6,59.6171376481313,0.267429498737829,76.93,4,28921.6176492797,2,0.05298780403596,2159
"Highly_Fatal_And_Damaging",17.9908675799087,16,14,83.5460346399271,0.230646231518211,79.94,2,30415.652244998,2,0.411158531593447,1383
"Highly_Fatal_And_Damaging",4.65753424657534,20,8,58.7511394712853,0.360108907320591,78.73,4,38630.4756847112,2,0.070322073016045,4881
"Significant_Damage_And_Serious_Injuries",61.1872146118721,7,10,66.4539653600729,0.41095636494771,80.03,6,28426.2598561677,3,0.00726561243306898,2167
"Highly_Fatal_And_Damaging",29.7260273972603,12,17,75.7520510483136,0.381746123332131,76.75,1,55683.7444753324,0,2.05771410396436,1601
"Significant_Damage_And_Fatalities",53.7442922374429,16,13,60.7566089334549,0.385352326000721,76.1,3,38011.0212226692,2,0.189062380253031,4382
"Highly_Fatal_And_Damaging",33.7442922374429,11,2,61.7593436645397,0.367321312657771,82.23,3,34132.2412197546,2,0.171426427391359,2665
"Minor_Damage_And_Injuries",63.6529680365297,10,1,71.1030082041933,0.375254958528669,79.93,2,29887.8059671659,2,0.404577060303128,9108
"Highly_Fatal_And_Damaging",32.8767123287671,12,9,65.1321786690975,0.439084745762712,82.02,4,45769.7818318359,0,0.0830454489098009,1264
"Highly_Fatal_And_Damaging",15.7077625570776,17,3,73.2907930720146,0.315391994230076,80.8,4,13953.6566024815,3,0.0255489502130423,6875
"Minor_Damage_And_Injuries",61.2785388127854,10,3,60.4831358249772,0.505799495131626,79.6,5,36323.6029675182,1,0.025353860841503,6969
"Significant_Damage_And_Fatalities",50.2283105022831,16,9,70.0091157702826,0.573596105301118,78.58,7,26697.1750912641,2,0.00226741238790717,1795
"Significant_Damage_And_Fatalities",43.2420091324201,19,19,58.6599817684595,0.784558961413632,77.78,7,47156.9384261401,4,0.00391760256780998,8359
"Significant_Damage_And_Serious_Injuries",34.7488584474886,15,3,83.2725615314494,0.346405337179949,79.78,3,31091.6766527067,0,0.1545353277621,1986
"Highly_Fatal_And_Damaging",30.7762557077626,19,2,56.8368277119417,0.378139920663541,84.8,4,31812.0039865495,1,0.0585884246430177,10835
"Significant_Damage_And_Serious_Injuries",45.2511415525114,18,4,49.6809480401094,0.499308330328164,81.8,7,30664.9684488475,2,0.00268595996374477,3390
"Minor_Damage_And_Injuries",48.9954337899543,14,3,68.1403828623519,0.21297583844212,80.06,2,25093.1260664619,2,0.339470394778478,11258
"Highly_Fatal_And_Damaging",46.8036529680365,14,4,55.9708295350957,0.286902993148215,83.28,4,39521.7363015936,3,0.0728604655906755,7627
"Significant_Damage_And_Serious_Injuries",70.5479452054795,4,14,87.8304466727439,0.18088063469167,75.96,7,43717.2844019346,3,0.00396141086736455,6931
"Minor_Damage_And_Injuries",30.7762557077626,19,3,57.2470373746582,0.426102416155788,82.38,3,38671.1085004594,2,0.192477284009883,6666
"Highly_Fatal_And_Damaging",13.37899543379,18,17,68.003646308113,0.254447169130905,78.99,2,42760.6401322885,2,0.576823927713424,9021
"Highly_Fatal_And_Damaging",46.0730593607306,8,0,58.7967183226983,0.417086909484313,78.09,3,39848.6893071312,2,0.199589398231174,1027
"Highly_Fatal_And_Damaging",35.9817351598173,11,7,74.2935278030994,0.263823296069239,84.4,5,22918.5602543458,1,0.014990810229226,8168
"Significant_Damage_And_Serious_Injuries",23.6529680365297,18,7,76.6180492251596,0.270314460872701,77.96,3,30176.470252091,1,0.151672484406703,7486
"Significant_Damage_And_Fatalities",68.0365296803653,12,1,72.971741112124,0.492817165524703,76.99,7,15180.0317902949,2,0.00148033397409175,73
"Highly_Fatal_And_Damaging",41.1415525114155,9,11,32.4977210574293,0.729744680851064,78.9,2,23758.6115451918,2,0.321668685211402,12304
"Significant_Damage_And_Serious_Injuries",29.1324200913242,16,2,82.2242479489517,0.176553191489361,79.52,6,24686.4675183425,2,0.00600909810519402,1665
"Highly_Fatal_And_Damaging",47.9908675799087,7,6,82.9535095715588,0.484522899386945,78.47,1,21595.6871451792,3,0.788798022717649,7062
"Highly_Fatal_And_Damaging",28.8584474885845,13,0,61.8505013673656,0.307097728092319,77.53,5,17011.9552427058,5,0.00985436488531033,2813
"Significant_Damage_And_Fatalities",58.9954337899543,14,4,67.4567000911577,0.245071042192571,82.09,4,25419.8015193351,2,0.0471095016808403,6896
"Significant_Damage_And_Fatalities",40.4109589041096,20,2,58.20419325433,0.4145625676163,79.01,7,31812.0039865495,3,0.00278932339913356,11167
"Significant_Damage_And_Serious_Injuries",57.4885844748858,8,11,66.3172288058341,0.46108258204111,77.82,3,33284.9308408919,2,0.164634007734505,1083
"Significant_Damage_And_Fatalities",32.4200913242009,12,8,53.281677301732,0.245792282726289,87.97,4,26355.2604438277,3,0.0484508667497566,6145
"Minor_Damage_And_Injuries",46.027397260274,15,0,62.0783956244303,0.346405337179949,76.68,2,32682.9018146972,0,0.443808474464164,5649
"Highly_Fatal_And_Damaging",26.2100456621005,14,2,63.1722880583409,0.482359177785791,82.17,1,28921.5486997521,4,1.06635953548775,8697
"Significant_Damage_And_Serious_Injuries",38.0365296803653,13,0,71.285323609845,0.246874143526866,84.51,3,39835.7183100935,0,0.198468024369016,9995
"Significant_Damage_And_Serious_Injuries",59.634703196347,14,8,54.6490428441203,0.458558240173098,76.52,7,31280.7641019388,2,0.00256162599965324,799
"Significant_Damage_And_Serious_Injuries",33.7442922374429,15,6,67.2743846855059,0.416365668950595,81.1,3,23078.0997172158,0,0.114217417558227,10793
"Highly_Fatal_And_Damaging",49.4520547945205,7,8,76.9371011850502,0.381746123332131,83.19,4,29261.0724381254,3,0.0532825062350489,4733
"Minor_Damage_And_Injuries",32.8767123287671,19,9,60.0273473108478,0.308540209159754,80.25,2,36657.8455729123,2,0.490533993778691,5707
"Significant_Damage_And_Fatalities",68.0365296803653,12,2,62.3518687329079,0.38210674359899,86.36,7,19398.1511532957,1,0.00203640341836576,935
"Significant_Damage_And_Serious_Injuries",48.1735159817352,11,0,72.4247948951687,0.416726289217454,75.4,2,46273.2400084029,2,0.627545993999708,8550
"Significant_Damage_And_Serious_Injuries",47.7168949771689,10,4,85.8705560619873,0.25985647313379,82.66,3,45176.8326191203,3,0.223008337378143,763
"Highly_Fatal_And_Damaging",32.8767123287671,12,1,69.0975387420237,0.428626758023801,77.2,4,49951.1427599292,3,0.0905402526442483,8137
"Minor_Damage_And_Injuries",50.365296803653,10,10,44.8951686417502,0.705583122971511,80.25,7,34034.0610333629,2,0.00329233679584091,6649
"Highly_Fatal_And_Damaging",20.958904109589,15,0,86.6453965360073,0.228482509917057,81.73,4,53915.3329941275,0,0.100579962364862,11645
"Highly_Fatal_And_Damaging",47.9908675799087,7,18,65.2233363719235,0.366239451857194,81.31,5,36056.3247444592,2,0.0244090469441248,12381
"Significant_Damage_And_Serious_Injuries",39.3607305936073,13,5,76.4357338195078,0.304573386224305,79.53,5,29216.4159909021,3,0.020054275742136,9097
"Significant_Damage_And_Serious_Injuries",47.9908675799087,17,19,55.6517775752051,0.568186801298233,76.04,3,23099.2468389868,4,0.1151390279243,11738
"Significant_Damage_And_Fatalities",35.0228310502283,11,5,43.0720145852325,0.558089433826181,80.82,1,19507.2239268193,2,0.721848475861016,222
"Significant_Damage_And_Fatalities",56.0730593607306,15,16,73.2907930720146,0.352175261449693,75.29,7,45795.5029606522,0,0.0042971745609235,6944
"Significant_Damage_And_Serious_Injuries",60.5479452054795,10,2,50.5469462169553,0.329095564370718,78.4,7,39029.8335148224,4,0.00373408886789247,1066
"Highly_Fatal_And_Damaging",23.1050228310502,14,15,73.4275296262534,0.311064551027768,81.53,4,32729.3914910183,2,0.0600821670394064,3227
"Minor_Damage_And_Injuries",41.9178082191781,16,22,76.253418413856,0.380664262531554,86.43,5,34687.307415452,1,0.0227523182589593,9404
"Minor_Damage_And_Injuries",59.7716894977169,7,19,49.9544211485871,0.354338983050847,76.3,2,15521.1855005986,2,0.210809444881712,9077
"Highly_Fatal_And_Damaging",31.9178082191781,19,0,50.9571558796719,0.527076090876307,77.4,6,22131.7362773227,2,0.00539594244887619,4417
"Minor_Damage_And_Injuries",57.7168949771689,11,1,64.1294439380128,0.414923187883159,77.18,2,26040.2990908391,1,0.352422365698257,5894
"Minor_Damage_And_Injuries",33.5616438356164,15,10,51.640838650866,0.393646592138478,81.89,3,30205.1411058189,2,0.152337945102486,11455
"Significant_Damage_And_Serious_Injuries",44.1552511415525,12,14,57.2014585232452,0.366960692390912,84.14,3,36949.1736877732,1,0.185100239617324,9946
"Highly_Fatal_And_Damaging",21.2785388127854,15,7,65.587967183227,0.362272628921745,78.52,2,30826.090107085,3,0.417827928336965,2583
"Minor_Damage_And_Injuries",19.5433789954338,21,1,56.9735642661805,0.313228272628922,85.04,4,38703.1691908605,0,0.0707412082678978,4021
"Highly_Fatal_And_Damaging",30.6392694063927,20,2,56.2898814949863,0.47911359538406,80.13,3,24371.5142179798,1,0.121332213492387,5213
"Minor_Damage_And_Injuries",42.1004566210046,16,15,72.2424794895169,0.27788748647674,76.75,5,31335.4768243775,2,0.0195516826413514,2407
"Minor_Damage_And_Injuries",69.7260273972603,8,2,66.0893345487694,0.346405337179949,76.35,1,41060.4258734818,2,1.50734589361924,11790
"Significant_Damage_And_Serious_Injuries",35.7077625570776,14,8,80.4466727438469,0.30313090515687,81.48,3,31398.4115377294,2,0.157967679969144,1304
"Highly_Fatal_And_Damaging",45.0228310502283,8,0,65.2689152233364,0.250119725928597,79.56,4,37065.4837499923,3,0.0670328004795129,5491
"Minor_Damage_And_Injuries",46.1187214611872,15,3,72.3336371923428,0.240743598990263,80.33,2,24487.7919532445,3,0.323437570988376,2972
"Significant_Damage_And_Serious_Injuries",50.0456621004566,10,7,67.6845943482224,0.314310133429499,75.27,3,35598.8461311814,2,0.176883368384811,11165
"Minor_Damage_And_Injuries",61.6438356164383,10,0,87.693710118505,0.217663901911287,79.94,2,26920.0371752431,1,0.366224285097702,9951
"Minor_Damage_And_Injuries",27.3972602739726,20,1,73.6554238833182,0.394728452939055,79.74,7,24905.0619902748,1,0.00229414110951528,333
"Highly_Fatal_And_Damaging",42.648401826484,9,22,32.4977210574293,0.777707176343311,86.52,2,30393.2366090176,2,0.407910453312984,10124
"Highly_Fatal_And_Damaging",20.5479452054795,15,2,86.6453965360073,0.319358817165525,78.03,6,25111.1749048795,3,0.00611916350952947,1799
"Significant_Damage_And_Fatalities",70.6849315068493,11,0,80.9024612579763,0.234252434186801,80.66,7,45302.3037066897,4,0.00383586636122059,10470
"Highly_Fatal_And_Damaging",72.9680365296803,7,5,47.4020054694622,0.487768481788677,79.26,2,45903.4682004767,1,0.627545993999708,3320
"Highly_Fatal_And_Damaging",23.1506849315068,14,9,74.7493163172288,0.302770284890011,77.53,4,43023.0169934209,4,0.0792995204396203,8330
"Minor_Damage_And_Injuries",35.5251141552511,18,8,67.6845943482224,0.255529029931482,78.18,1,28202.759653544,2,1.04371906696974,10437
"Significant_Damage_And_Serious_Injuries",45.0684931506849,11,20,66.9097538742024,0.298803461954562,88.71,7,32301.4341762744,1,0.0033047001729781,693
"Minor_Damage_And_Injuries",72.9680365296803,6,2,68.2771194165907,0.324046880634692,78.03,2,20751.8870444696,1,0.279249740703571,7746
"Highly_Fatal_And_Damaging",19.1780821917808,21,2,57.0191431175934,0.378139920663541,83.72,1,37496.2410972152,2,1.38064271264044,9830
"Minor_Damage_And_Injuries",49.9086757990868,10,4,45.8067456700091,0.408071402812838,81.93,4,10864.3781533671,1,0.00727331278339437,4458
"Significant_Damage_And_Serious_Injuries",44.703196347032,12,3,73.9288969917958,0.381746123332131,81.02,3,27584.056491732,3,0.137435801532218,12251
"Highly_Fatal_And_Damaging",32.5570776255708,12,0,68.9608021877849,0.151670393076091,86.96,4,28510.1224862741,1,0.0517797336074063,8506
"Significant_Damage_And_Fatalities",34.6575342465753,11,8,54.3755697356427,0.204681572304363,87.97,4,29638.2639734828,1,0.055051130714473,1003
"Highly_Fatal_And_Damaging",7.85388127853881,19,12,66.9553327256153,0.469737468445727,82.66,6,39901.6054859658,2,0.00989361030881823,1253
"Significant_Damage_And_Fatalities",61.8721461187214,13,11,67.8669097538742,0.452067075369635,77.4,2,38666.0454138036,2,0.52274965233139,8639
"Highly_Fatal_And_Damaging",23.9269406392694,14,0,69.644484958979,0.337029210241615,86.96,1,18897.2774645504,4,0.691594571833008,348
"Highly_Fatal_And_Damaging",9.68036529680365,18,2,71.4220601640839,0.290148575549946,79.07,3,21536.2194666649,0,0.107983120434988,6340
"Significant_Damage_And_Serious_Injuries",32.8310502283105,15,1,86.2351868732908,0.280051208077894,78.42,4,38631.0171950936,3,0.0703800483391097,6135
"Minor_Damage_And_Injuries",44.3835616438356,15,5,67.6845943482224,0.338111071042192,79.72,2,40332.3363229316,1,0.545307675232046,12071
"Significant_Damage_And_Fatalities",32.6940639269406,12,0,49.5442114858706,0.526354850342589,77.35,4,35012.5425984798,2,0.0645381425247153,8029
"Minor_Damage_And_Injuries",32.8310502283105,15,0,47.9033728350046,0.658702488279841,78.37,4,38800.9673142313,2,0.0709905354811421,10704
"Minor_Damage_And_Injuries",28.8127853881279,16,1,47.9945305378305,0.407710782545979,83.22,3,36789.6854758482,1,0.182930118985126,7273
"Minor_Damage_And_Injuries",64.337899543379,9,0,65.4968094804011,0.35686332491886,77.53,2,32592.490029437,3,0.440110495001411,3831
"Significant_Damage_And_Serious_Injuries",40.8219178082192,13,0,58.5232452142206,0.391122250270465,81.43,5,48525.1107104034,1,0.0331635429635031,9225
"Highly_Fatal_And_Damaging",19.1780821917808,16,15,76.5268915223336,0.238940497655968,78.73,4,25245.6347673321,1,0.0455923069020736,9031
"Minor_Damage_And_Injuries",58.675799086758,11,22,74.4758432087512,0.364436350522899,82.36,2,30068.5787324876,2,0.405852963176552,9547
"Minor_Damage_And_Injuries",48.9954337899543,14,4,71.0118505013674,0.52238802740714,83.24,6,25740.8803418544,2,0.00609428775687228,12422
"Significant_Damage_And_Serious_Injuries",33.9269406392694,15,2,61.2123974475843,0.344962856112513,82.45,3,26459.3327304016,0,0.131453133849679,4103
"Significant_Damage_And_Fatalities",37.0776255707762,11,4,48.2224247948952,0.680339704291381,81.81,1,41729.0407240999,3,1.54692480033966,3647
"Highly_Fatal_And_Damaging",36.7579908675799,17,11,56.7000911577028,0.293033537684818,76.63,2,35012.6011594488,2,0.4741097524186,7832
"Significant_Damage_And_Serious_Injuries",15.2054794520548,20,31,76.7547857793984,0.327653083303281,76.35,3,19201.5021304644,3,0.0945616410103572,3661
"Minor_Damage_And_Injuries",60.5479452054795,10,10,73.4731084776664,0.334144248106743,79.71,2,37297.0932027602,1,0.504117435127591,4473
"Highly_Fatal_And_Damaging",43.4703196347032,15,4,52.3245214220602,0.311064551027768,76.86,1,37249.520086068,0,1.37530557650739,11971
"Significant_Damage_And_Fatalities",66.2557077625571,12,15,74.0656335460346,0.232449332852506,79.64,7,24205.2243326284,1,0.00230284346998378,4354
"Highly_Fatal_And_Damaging",15.8904109589041,17,12,80.2187784867822,0.323686260367832,83.54,4,34977.6810000549,2,0.0637233304662383,8248
"Highly_Fatal_And_Damaging",33.7442922374429,11,7,64.4484958979034,0.290148575549946,81.27,4,39913.6727017382,0,0.0722540767650013,1148
"Significant_Damage_And_Serious_Injuries",37.7625570776256,13,7,77.073837739289,0.242186080057699,77.34,4,37964.2880886999,3,0.0692368044281072,4851
"Highly_Fatal_And_Damaging",35.7077625570776,17,0,48.4958979033728,0.692240173097728,83.57,5,27012.0015458188,0,0.0184283725792126,5968
"Highly_Fatal_And_Damaging",32.1004566210046,12,8,73.5186873290793,0.388958528669311,80.07,6,35460.2652816768,0,0.0090676683776277,277
"Significant_Damage_And_Serious_Injuries",20.8675799086758,19,1,71.1941659070192,0.438724125495853,80.76,3,29061.3146985624,2,0.144784763505103,8583
"Highly_Fatal_And_Damaging",28.4018264840183,13,0,99.9544211485871,0.370927515326361,79.85,3,27433.2558692257,3,0.135825197385825,2976
"Significant_Damage_And_Fatalities",12.6940639269406,18,12,38.1494986326345,0.612543094121889,77.28,4,31006.5572504406,3,0.05721778810187,7974