"Severity","Safety_Score","Days_Since_Inspection","Total_Safety_Complaints","Control_Metric","Turbulence_In_gforces","Cabin_Temperature","Accident_Type_Code","Max_Elevation","Violations","Adverse_Weather_Metric","Accident_ID"
"Minor_Damage_And_Injuries",57.4429223744292,11,7,81.4038286235187,0.234252434186801,83.94,1,42820.7213445713,2,1.56591013730234,10756
"Significant_Damage_And_Serious_Injuries",20.4109589041096,19,4,71.1941659070192,0.438002884962135,82.38,3,36967.4489018541,1,0.184654979230829,12296
"Significant_Damage_And_Fatalities",51.5525114155251,16,0,72.2880583409298,0.337750450775333,85.08,7,20217.165694795,1,0.00195273846369112,9186
"Highly_Fatal_And_Damaging",30.7762557077626,20,2,53.2360984503191,0.273199423007573,85.9,4,35893.8768089408,1,0.0660248869185695,5611
"Significant_Damage_And_Serious_Injuries",65.296803652968,3,8,88.0583409298086,0.297000360620267,76.11,3,16149.3177035064,0,0.0772169276038119,1870
"Significant_Damage_And_Fatalities",43.2420091324201,9,0,47.1741112123974,0.633098449332852,79.78,3,34143.6751620819,2,0.170265585090925,7434
"Highly_Fatal_And_Damaging",29.5433789954338,13,3,74.7948951686418,0.265626397403534,77.09,6,43023.0169934209,3,0.0109841088913092,4220
"Significant_Damage_And_Serious_Injuries",63.6986301369863,13,10,51.1850501367366,0.54041904075009,81.85,5,39871.1860729164,3,0.026380928931565,1758
"Significant_Damage_And_Serious_Injuries",52.9223744292237,9,3,72.6071103008204,0.2061240533718,78.03,3,45351.5663157796,3,0.224922205425169,7610
"Minor_Damage_And_Injuries",43.1963470319635,15,8,75.38742023701,0.336307969707898,82.53,1,28433.3299479963,0,1.03274750346758,6995
"Minor_Damage_And_Injuries",28.6301369863014,20,1,70.7383773928897,0.446657771366751,77.95,3,27496.6930634184,2,0.136592250612013,2579
"Minor_Damage_And_Injuries",59.041095890411,7,0,54.4667274384686,0.454591417237649,83.57,5,41870.0262217125,3,0.0282456403562167,12006
"Significant_Damage_And_Fatalities",12.6940639269406,17,3,48.7693710118505,0.641753335737468,83.81,3,36350.8751542663,2,0.18156561790013,10308
"Highly_Fatal_And_Damaging",36.2557077625571,11,1,57.4293527803099,0.466491886043996,79.79,4,29061.3146985624,3,0.0531772420885427,12465
"Highly_Fatal_And_Damaging",29.3607305936073,13,14,74.0656335460346,0.232809953119365,84.3,1,25758.1197982121,2,0.937147430771286,11509
"Significant_Damage_And_Fatalities",38.9041095890411,10,12,54.3299908842297,0.466852506310854,75.78,4,26972.5039664084,3,0.0491943253022702,9393
"Minor_Damage_And_Injuries",55.9817351598173,12,1,88.6052871467639,0.275002524341868,78.46,3,27353.2011034988,4,0.136461853886764,10757
"Significant_Damage_And_Fatalities",64.2009132420091,13,9,68.7329079307201,0.335586729174179,79.69,6,15509.4345048147,2,0.00348349072368721,12050
"Significant_Damage_And_Serious_Injuries",60.8219178082192,7,10,72.4247948951687,0.442330328164443,86.09,3,30360.2984407479,2,0.15210902545666,4960
"Significant_Damage_And_Serious_Injuries",62.3744292237443,6,0,56.0619872379216,0.456394518571944,82.38,2,38406.931881458,2,0.519355070097568,6090
"Minor_Damage_And_Injuries",54.7945205479452,12,2,78.7602552415679,0.390761630003606,88.67,5,27237.9063139555,2,0.0179458235336835,537
"Significant_Damage_And_Serious_Injuries",61.2328767123288,7,1,58.97903372835,0.340274792643346,79.55,3,12320.2835343692,2,0.0578625828464421,9284
"Significant_Damage_And_Serious_Injuries",31.8721461187215,15,7,69.1431175934367,0.336307969707898,76.48,4,27780.2101903398,1,0.0505054542970095,8982
"Minor_Damage_And_Injuries",37.8538812785388,17,16,78.4867821330902,0.329816804904435,79.62,4,32560.2901155059,1,0.0604039658593619,5667
"Significant_Damage_And_Fatalities",72.3287671232876,10,3,67.4567000911577,0.377779300396682,79.45,7,35320.9454536098,2,0.00327020645071185,5947
"Minor_Damage_And_Injuries",29.2237442922374,16,0,41.6590701914312,0.432232960692391,80.16,3,45075.2781182304,3,0.224922205425169,1354
"Minor_Damage_And_Injuries",42.0091324200913,16,1,69.4165907019143,0.19133862243058,79.94,4,49422.6277653414,4,0.0902752849258249,6725
"Significant_Damage_And_Fatalities",62.5114155251141,13,3,58.7511394712853,0.482359177785791,77.25,7,32677.2060754324,2,0.0029602454265384,2491
"Minor_Damage_And_Injuries",39.4520547945205,13,0,54.7402005469462,0.456033898305084,84.87,6,3855.7438170101,2,0.00265777562407155,9190
"Significant_Damage_And_Fatalities",32.4200913242009,12,2,55.3783044667274,0.321883159033537,88.47,4,30162.7965041591,2,0.0558847376979447,2276
"Highly_Fatal_And_Damaging",28.675799086758,20,0,53.2360984503191,0.542582762351244,79.64,4,25762.3181919827,0,0.0468091662274168,6720
"Highly_Fatal_And_Damaging",33.9269406392694,11,2,73.6098450319052,0.388958528669311,81.27,4,21061.7524346312,2,0.0384517831023515,2879
"Highly_Fatal_And_Damaging",43.4246575342466,9,7,73.6098450319052,0.412398846015146,79.42,1,22474.7659595853,3,0.826800434167121,7040
"Minor_Damage_And_Injuries",39.8173515981735,17,0,58.7055606198724,0.42898737829066,80.24,4,43915.3628054386,2,0.0801631199888322,11659
"Significant_Damage_And_Serious_Injuries",58.4474885844749,7,5,88.4685505925251,0.253725928597187,78.47,6,24609.0335512452,2,0.00608157992115948,771
"Minor_Damage_And_Injuries",27.2602739726027,20,3,71.1030082041933,0.480556076451497,78.25,4,39215.0592883377,4,0.0714058753183895,5248
"Significant_Damage_And_Fatalities",35.1141552511415,11,10,52.3245214220602,0.416365668950595,80.92,4,28930.3607468219,2,0.0528517114582186,11799
"Minor_Damage_And_Injuries",48.3561643835616,10,3,39.7447584320875,0.585857194374324,82.85,4,23588.1187979774,2,0.0431418920641042,4337
"Minor_Damage_And_Injuries",59.4063926940639,11,9,81.3582497721058,0.365157591056617,81.35,2,29887.8059671659,3,0.405852963176552,10178
"Highly_Fatal_And_Damaging",34.3835616438356,18,11,53.6463081130356,0.334865488640461,79.39,3,41232.8372944868,2,0.205384016763677,7805
"Significant_Damage_And_Serious_Injuries",37.5342465753425,14,3,62.6253418413856,0.325128741435269,76.4,6,26890.6802773688,2,0.0067058787859423,10590
"Significant_Damage_And_Fatalities",12.6940639269406,18,6,51.1850501367366,0.63021348719798,83.9,4,30068.6765992829,2,0.055051130714473,10497
"Significant_Damage_And_Fatalities",78.675799086758,8,1,74.7948951686418,0.274641904075009,82.26,1,34239.8497938214,2,1.2581610297204,738
"Highly_Fatal_And_Damaging",31.1872146118721,12,5,62.1695533272562,0.493899026325279,79.3,1,16023.9644378645,3,0.588928819781827,1547
"Highly_Fatal_And_Damaging",42.9680365296804,9,12,62.8532360984503,0.295197259285972,88.39,1,27823.0505835169,1,1.01607221631166,8401
"Highly_Fatal_And_Damaging",16.0730593607306,17,5,80.2187784867822,0.304573386224305,80.47,1,47235.0426420563,2,1.73952817986032,8299
"Significant_Damage_And_Serious_Injuries",29.4063926940639,16,20,82.3609845031905,0.462885683375405,82.13,3,25949.100339733,2,0.128573249180056,2219
"Minor_Damage_And_Injuries",46.6666666666667,14,2,62.0783956244303,0.375976199062387,80.98,2,25365.6336471011,2,0.341937267945787,1034
"Significant_Damage_And_Serious_Injuries",31.9178082191781,15,6,59.8906107566089,0.361190768121168,79.45,4,33553.4782836866,1,0.0616426529691811,8022
"Minor_Damage_And_Injuries",71.689497716895,4,0,55.6061987237922,0.348929679047962,77.54,3,24792.9284845235,2,0.121917537215421,8987
"Highly_Fatal_And_Damaging",35.2054794520548,11,1,83.6827711941659,0.181962495492247,81.82,4,38002.0354296264,0,0.0696918142662149,2224
"Significant_Damage_And_Serious_Injuries",36.027397260274,14,3,62.1695533272562,0.232088712585647,83.85,7,23770.0939561432,1,0.00230492772552304,7399
"Minor_Damage_And_Injuries",42.8767123287671,15,9,57.4749316317229,0.309622069960331,80.14,6,22841.7634088089,1,0.00522411044585368,10916
"Highly_Fatal_And_Damaging",25.9817351598173,14,7,59.6171376481313,0.390761630003606,78.97,3,32002.9157562489,1,0.159286052499828,6066
"Significant_Damage_And_Serious_Injuries",31.689497716895,15,0,65.8614402917047,0.438724125495853,77.44,3,27496.6930634184,1,0.135850462114308,6427
"Highly_Fatal_And_Damaging",20.2283105022831,15,2,71.7866909753874,0.388958528669311,80.85,1,33737.3071201569,2,1.24112616899926,6887
"Minor_Damage_And_Injuries",48.9954337899543,14,1,71.0118505013674,0.386073566534439,78.42,2,23026.6296640072,1,0.3100966719209,1681
"Minor_Damage_And_Injuries",69.634703196347,8,2,74.6581586144029,0.338471691309052,78.24,5,49986.899410661,2,0.036830045683054,5188
"Significant_Damage_And_Serious_Injuries",62.3744292237443,13,0,45.6244302643574,0.52238802740714,76.59,7,46418.3805063549,4,0.0040045627353063,7130
"Significant_Damage_And_Serious_Injuries",45.2054794520548,11,29,72.8805834092981,0.336668589974756,79.25,3,3470.00217523393,3,0.0430780415831567,1585
"Significant_Damage_And_Serious_Injuries",45.0228310502283,12,3,49.6809480401094,0.367321312657771,76.53,5,23159.6988748288,3,0.0152037981933412,3350
"Significant_Damage_And_Serious_Injuries",52.1461187214612,6,9,64.1750227894257,0.345323476379372,80.03,6,33892.7702492079,3,0.00869999330387092,8368
"Significant_Damage_And_Serious_Injuries",20.1369863013699,19,17,69.4165907019143,0.375976199062387,81.3,1,30966.1598251022,1,1.14962907963072,3051
"Significant_Damage_And_Serious_Injuries",46.3470319634703,11,1,54.7857793983592,0.467213126577713,76.96,3,34830.5139974385,1,0.172818256004364,5674
"Significant_Damage_And_Serious_Injuries",41.5981735159817,13,8,71.9690063810392,0.326931842769563,76.71,5,42771.4992003673,0,0.0283280931345818,12496
"Minor_Damage_And_Injuries",52.4657534246575,9,6,53.9653600729262,0.312867652362062,79.76,7,31170.9864874617,2,0.00279373923729723,1993
"Minor_Damage_And_Injuries",50.4109589041096,13,54,72.8350045578852,0.319719437432383,80.84,2,44036.8146613431,3,0.592421266424541,551
"Significant_Damage_And_Fatalities",28.4018264840183,13,12,46.718322698268,0.560253155427335,76.62,2,27933.3453552046,2,0.37567404024528,10333
"Significant_Damage_And_Serious_Injuries",37.351598173516,14,7,71.0574293527803,0.372369996393797,76.11,3,34921.555305988,1,0.174775775733067,6322
"Highly_Fatal_And_Damaging",40.7762557077626,16,7,56.517775752051,0.315031373963217,80.25,2,27850.9170757979,1,0.378036720539273,12445
"Highly_Fatal_And_Damaging",18.5388127853881,16,7,71.8778486782133,0.253725928597187,79.94,1,31944.0012668172,3,1.16677479820232,11528
"Highly_Fatal_And_Damaging",12.1004566210046,18,4,74.1567912488605,0.285821132347638,77.79,2,30017.3106085214,1,0.404577060303128,11201
"Highly_Fatal_And_Damaging",18.1735159817352,16,1,76.5268915223336,0.335947349441038,78.37,7,32967.0320466574,2,0.0033047001729781,12449
"Significant_Damage_And_Serious_Injuries",33.3333333333333,15,2,59.024612579763,0.278608727010458,79.21,3,18958.9284350624,4,0.0941747741034185,1956
"Minor_Damage_And_Injuries",52.5114155251141,9,0,52.8714676390155,0.22379444644789,79.64,4,28377.2499381451,2,0.0515852646711956,5259
"Significant_Damage_And_Fatalities",63.1963470319635,13,19,71.8322698268004,0.388958528669311,76.33,7,24423.5752794527,1,0.00229566364108262,149
"Highly_Fatal_And_Damaging",34.337899543379,11,9,64.2661804922516,0.290148575549946,79.72,1,43459.9317547451,0,1.62375240575535,10503
"Highly_Fatal_And_Damaging",16.4840182648402,16,5,66.5451230628988,0.473704291381176,78.4,4,35728.3005695812,2,0.0654085850714836,810
"Minor_Damage_And_Injuries",55.4337899543379,8,4,45.3965360072927,0.63742589253516,77.74,6,38888.7530091818,2,0.010247915761715,1196
"Highly_Fatal_And_Damaging",55.2511415525114,12,2,45.5332725615314,0.496783988460151,83.21,4,17343.6622157536,1,0.0320805077660302,3019
"Significant_Damage_And_Serious_Injuries",33.9269406392694,15,0,66.40838650866,0.502193292463036,79.92,2,27448.2763828229,4,0.372844371101317,4277
"Highly_Fatal_And_Damaging",36.62100456621,10,10,61.4402917046491,0.474064911648034,76.79,4,34120.059024156,3,0.0620699590838415,2260
"Minor_Damage_And_Injuries",32.648401826484,15,1,35.6882406563355,0.705583122971511,79.66,6,26706.8543840839,2,0.00678801516185438,1901
"Significant_Damage_And_Fatalities",62.5114155251141,13,29,71.3764813126709,0.17330760908763,79.38,7,35684.8827698476,2,0.00316791802409073,1719
"Highly_Fatal_And_Damaging",54.7945205479452,6,9,76.5724703737466,0.374533717994951,79.65,4,18887.3161579666,1,0.0342021971190433,5988
"Minor_Damage_And_Injuries",53.5616438356164,12,5,70.1002734731085,0.421414352686621,76.58,2,14865.9056452982,2,0.2007875632122,2711
"Significant_Damage_And_Serious_Injuries",32.9223744292237,15,2,69.5077484047402,0.230646231518211,79.09,3,47572.0590615232,2,0.239876570361101,8176
"Minor_Damage_And_Injuries",30.5936073059361,19,9,71.2397447584321,0.328734944103858,80.7,3,33896.0232636711,2,0.167487830522777,7979
"Significant_Damage_And_Serious_Injuries",36.5753424657534,14,3,75.7520510483136,0.333062387306166,81.26,1,27752.8670889775,3,1.01036207837383,7638
"Significant_Damage_And_Serious_Injuries",54.2922374429224,9,23,65.0865998176846,0.293394157951677,87.05,6,31541.6998361538,2,0.0082036562864502,6582
"Highly_Fatal_And_Damaging",36.3926940639269,11,2,70.0091157702826,0.368042553191489,76.12,2,38183.1809071596,2,0.515851431914473,7113
"Significant_Damage_And_Fatalities",58.7214611872146,14,9,79.9908842297174,0.34965091958168,76.46,2,37853.2560286298,2,0.513030099886614,2539
"Significant_Damage_And_Fatalities",22.1004566210046,15,7,48.5870556061987,0.850913090515687,85.1,4,28126.4685617393,3,0.0515805396340857,2713
"Significant_Damage_And_Fatalities",64.0182648401826,13,0,60.5287146763902,0.220548864046159,81.37,7,36324.4375831292,3,0.00314344715318344,3511
"Highly_Fatal_And_Damaging",18.310502283105,16,1,76.5268915223336,0.238940497655968,79.15,4,31988.0198052666,3,0.0589535428536337,11005
"Significant_Damage_And_Serious_Injuries",36.1643835616438,14,1,79.2160437556974,0.268511359538406,87.62,3,33656.0464667578,2,0.168586748894355,7519
"Significant_Damage_And_Fatalities",28.5388127853881,13,6,51.2762078395624,0.236055535521096,79.77,1,29133.3615239579,1,1.09257988690076,10521
"Significant_Damage_And_Fatalities",48.5388127853881,17,1,65.0865998176846,0.403022719076812,76.3,7,47964.9433890402,2,0.00469611599491054,8162
"Minor_Damage_And_Injuries",31.1872146118721,15,0,57.1558796718323,0.282214929679048,81.68,4,18917.972732299,2,0.0338942196143558,5949
"Significant_Damage_And_Serious_Injuries",38.0821917808219,13,3,59.2980856882407,0.318637576631806,78.68,3,28183.3231299795,1,0.141000605097377,2376
"Significant_Damage_And_Fatalities",66.4840182648402,12,4,71.1941659070192,0.297721601153985,84.49,7,33311.1730562469,2,0.00309622031037902,7943
"Significant_Damage_And_Serious_Injuries",41.8264840182648,12,0,64.2206016408387,0.490292823656689,78.64,6,22277.1986501207,2,0.00544196944099981,7669
"Significant_Damage_And_Fatalities",20.5479452054795,15,14,54.2844120328168,0.40013775694194,81.19,2,32417.9301673667,3,0.438728976114531,2501
"Significant_Damage_And_Serious_Injuries",47.5342465753425,11,9,74.7037374658159,0.28509989181392,81.24,1,41468.3975005761,2,1.5224826267586,11777
"Significant_Damage_And_Serious_Injuries",41.7351598173516,13,9,58.8422971741112,0.492456545257843,75.58,1,45416.5825159865,0,1.65646494997323,3465
"Highly_Fatal_And_Damaging",32.4200913242009,12,7,62.9443938012762,0.328734944103858,80.43,4,28809.1051846816,3,0.053751422666227,3037
"Highly_Fatal_And_Damaging",17.1689497716895,16,19,71.6499544211486,0.306737107825459,78.28,4,28549.7555524629,2,0.0517797336074063,7954
"Significant_Damage_And_Serious_Injuries",46.2100456621004,11,1,85.5970829535096,0.270314460872701,76.17,6,14582.4606952481,1,0.00376153914630119,664
"Minor_Damage_And_Injuries",78.4018264840183,5,23,76.6180492251596,0.287263613415074,79.58,2,28259.6806196274,1,0.381164849621306,9305
"Significant_Damage_And_Fatalities",58.9954337899543,14,7,78.5323609845032,0.208287774972954,88.93,7,27720.6039256864,5,0.00238458772839743,1914
"Highly_Fatal_And_Damaging",30,13,10,73.0628988149499,0.3785005409304,81.37,4,43635.7546909786,2,0.0796140496419091,9039
"Highly_Fatal_And_Damaging",27.8995433789954,13,3,57.2470373746582,0.438724125495853,81.78,2,31748.2529497146,2,0.42818228607728,9605
"Significant_Damage_And_Fatalities",61.4611872146119,13,2,79.1704649042844,0.272838802740714,80.55,7,37614.5594211291,2,0.00346277084197133,4545
"Minor_Damage_And_Injuries",52.3744292237443,13,15,69.9179580674567,0.369124413992066,83.97,2,46608.2720139824,4,0.633815557320407,10494
"Minor_Damage_And_Injuries",18.8127853881278,23,2,60.1640838650866,0.639589614136314,80.13,3,24998.0502221417,3,0.124631110425203,11517
"Significant_Damage_And_Serious_Injuries",24.8858447488584,18,16,74.3391066545123,0.373451857194374,81.3,3,32328.2199170687,2,0.160120932295153,5857
"Highly_Fatal_And_Damaging",46.9406392694064,14,3,46.0346399270738,0.484522899386945,81.17,3,18247.3728312848,3,0.0901334616176345,6928
"Minor_Damage_And_Injuries",54.7945205479452,12,1,82.3154056517776,0.268150739271547,76.18,5,48820.2733551817,3,0.0324373855024073,11701
"Highly_Fatal_And_Damaging",26.3013698630137,14,2,82.0875113947128,0.199993508835196,87.72,4,45712.5484301237,3,0.083610549525106,460
"Highly_Fatal_And_Damaging",37.2146118721461,11,3,57.8395624430264,0.29591849981969,81.8,3,32108.8944544788,1,0.160821287549669,276
"Significant_Damage_And_Fatalities",50.7762557077626,17,7,86.2351868732908,0.333783627839884,81.04,7,35719.9920681528,0,0.00329338480002912,11980
"Highly_Fatal_And_Damaging",51.5981735159817,13,13,52.3245214220602,0.579366029570862,83.71,2,33167.2769169269,2,0.448870281573947,3560
"Highly_Fatal_And_Damaging",22.648401826484,15,8,72.8805834092981,0.27428128380815,82.93,4,24906.7451617412,2,0.0453323988881035,9509
"Significant_Damage_And_Serious_Injuries",37.5342465753425,14,1,91.3855970829535,0.211172737107825,75.68,3,28801.5388967117,3,0.14297429508679,10136
"Highly_Fatal_And_Damaging",64.8401826484018,9,15,41.5223336371923,0.438724125495853,81.62,2,26385.9208020125,1,0.357126172144394,1548
"Minor_Damage_And_Injuries",36.0730593607306,17,0,73.4731084776664,0.297360980887126,78.48,3,30017.3106085214,2,0.149122605634599,5274
"Significant_Damage_And_Serious_Injuries",40.3196347031963,13,0,61.8960802187785,0.26346267580238,84.56,6,47495.6595147704,0,0.0113283291184958,38
"Highly_Fatal_And_Damaging",20.4566210045662,15,1,66.8185961713765,0.553401370357014,82.19,5,23157.2982287448,3,0.0157543917646869,3589
"Significant_Damage_And_Serious_Injuries",49.5890410958904,10,5,68.7784867821331,0.198911648034619,78.05,4,30307.857269128,2,0.0553718382352327,790
"Significant_Damage_And_Fatalities",25.296803652968,14,22,54.7857793983592,0.538255319148936,86.43,7,47946.3125870917,3,0.00469390067071004,79
"Highly_Fatal_And_Damaging",22.7397260273973,15,7,68.7784867821331,0.399777136675081,78.52,4,38081.2358451794,0,0.0692154391987707,8212
"Significant_Damage_And_Fatalities",62.3744292237443,13,0,72.971741112124,0.364796970789758,79.73,4,26248.7929504245,3,0.0482607690783199,3182
"Minor_Damage_And_Injuries",51.4611872146119,13,3,57.8851412944394,0.414923187883159,77.02,5,36594.4894820802,2,0.025353860841503,5211
"Significant_Damage_And_Serious_Injuries",43.7899543378995,12,3,71.6955332725615,0.31358889289578,78.78,6,35906.4415472225,2,0.0092353588658826,8473
"Significant_Damage_And_Serious_Injuries",30.7305936073059,16,16,66.4995442114859,0.346765957446808,86.13,6,33567.8763125468,2,0.00831707573304156,1071
"Significant_Damage_And_Fatalities",66.2557077625571,12,11,70.4193254329991,0.391482870537324,79.77,7,35561.5648695679,2,0.00307677052811736,10010
"Significant_Damage_And_Serious_Injuries",40.0913242009132,13,2,70.6927985414767,0.28149368914533,76.2,2,39850.2140336444,1,0.538862339469786,5354
"Highly_Fatal_And_Damaging",24.1552511415525,14,3,72.0601640838651,0.278969347277317,77.08,4,21101.5489464311,3,0.0387908818557251,1479
"Significant_Damage_And_Serious_Injuries",31.9634703196347,15,2,62.0783956244303,0.344962856112513,83.19,3,37550.3987735086,3,0.187016357171913,9038
"Significant_Damage_And_Fatalities",22.648401826484,15,8,37.2835004557886,0.680339704291381,80.71,4,36889.7195181602,2,0.0678905095124799,4576
"Significant_Damage_And_Serious_Injuries",26.5753424657534,17,14,64.3117593436645,0.335226108907321,76.21,3,40282.3364101982,1,0.200477177659557,11462
"Significant_Damage_And_Fatalities",39.7260273972603,10,1,53.5095715587967,0.245792282726289,79.64,1,24506.9697360812,3,0.894409699247168,5392
"Highly_Fatal_And_Damaging",35.2054794520548,11,1,80.0364630811304,0.360830147854309,77.89,4,45972.6225379351,3,0.0850182295154255,7960
"Significant_Damage_And_Serious_Injuries",48.3561643835616,11,3,68.3682771194166,0.397974035340786,81.78,5,26852.6964035447,4,0.0183426417789464,11972
"Highly_Fatal_And_Damaging",1.14155251141552,23,4,68.7784867821331,0.197108546700325,79.05,6,16238.5861110973,3,0.00303189200401893,205
"Significant_Damage_And_Fatalities",41.5068493150685,19,8,60.1640838650866,0.391843490804183,79.23,7,21725.9744764813,2,0.00203640341836576,2576
"Significant_Damage_And_Serious_Injuries",45.296803652968,11,1,63.4457611668186,0.332701767039307,80.77,6,27665.2998400449,0,0.00699570467874823,12295
"Highly_Fatal_And_Damaging",42.9680365296804,9,4,82.3609845031905,0.44341218896502,79.46,1,26565.0475824998,2,0.978578768073676,7257
"Highly_Fatal_And_Damaging",46.027397260274,15,3,54.6946216955333,0.503275153263613,77.69,2,31292.9574886337,0,0.424352083307853,4509
"Highly_Fatal_And_Damaging",36.986301369863,10,6,65.0865998176846,0.370927515326361,82.02,4,31728.6566869053,4,0.0573884601721742,11425
"Minor_Damage_And_Injuries",56.027397260274,12,18,63.9015496809481,0.394007212405337,77,4,33607.4557979406,2,0.0615388804407856,12325
"Highly_Fatal_And_Damaging",31.3698630136986,12,11,66.0893345487694,0.386794807068157,75.8,1,22950.5810160187,1,0.852433505816292,7758
"Significant_Damage_And_Serious_Injuries",31.2785388127854,15,1,79.8541476754786,0.196387306166606,79.85,3,14519.2418896442,1,0.0753155639194272,8885
"Minor_Damage_And_Injuries",24.0639269406393,18,8,52.5524156791249,0.382467363865849,80.92,6,38630.4756847112,2,0.0100809469366386,10914
"Significant_Damage_And_Fatalities",11.8264840182648,18,7,47.7666362807658,0.484883519653804,79.36,4,32187.5437770809,3,0.0592496949826449,4762
"Highly_Fatal_And_Damaging",44.0639269406393,15,4,38.3318140382862,0.710992426974395,79.14,5,28579.1660477413,2,0.0183988257543123,853
"Minor_Damage_And_Injuries",60.5479452054795,11,25,69.8723792160438,0.335586729174179,77.05,2,36247.5362907565,3,0.490533993778691,1392
"Minor_Damage_And_Injuries",46.1187214611872,15,11,69.9179580674567,0.464328164442842,85.92,2,23214.4912184096,0,0.314050656397823,10500
"Minor_Damage_And_Injuries",76.6666666666667,6,23,65.0865998176846,0.37128813559322,79.58,3,22450.2663425306,1,0.112551766589855,3628
"Highly_Fatal_And_Damaging",58.310502283105,11,5,49.6353691886965,0.336668589974756,79.21,2,37871.0557631729,1,0.510880290268532,6863
"Highly_Fatal_And_Damaging",0.913242009132421,23,14,54.6490428441203,0.532846015146051,82.93,6,25720.9164075718,2,0.0059310930744335,9577
"Highly_Fatal_And_Damaging",22.0091324200913,15,5,70.3281677301732,0.276084385142445,75.34,7,40401.4218160128,2,0.00341917971358481,6383
"Significant_Damage_And_Serious_Injuries",41.1872146118721,13,2,73.2907930720146,0.246874143526866,76.17,2,35535.2005207219,3,0.483125215393737,2720
"Significant_Damage_And_Serious_Injuries",26.3470319634703,17,0,73.746581586144,0.369845654525784,77.19,2,29821.7823571095,1,0.401309819318027,4952
"Significant_Damage_And_Serious_Injuries",43.607305936073,12,3,66.8641750227894,0.251201586729174,82.43,1,38719.6875106846,0,1.41869503093969,11721
"Minor_Damage_And_Injuries",71.689497716895,7,0,63.7192342752963,0.498947710061305,78.17,5,38281.2923716348,2,0.0262202357668089,1626
"Highly_Fatal_And_Damaging",30.6392694063927,12,3,79.0337283500456,0.393646592138478,79.31,6,38623.3910253659,3,0.0101020846763771,3492
"Minor_Damage_And_Injuries",37.4885844748858,14,13,56.9279854147676,0.48632600072124,83.38,2,24744.1584157867,2,0.335627808937991,1009
"Significant_Damage_And_Serious_Injuries",48.4474885844749,11,1,76.6180492251596,0.293033537684818,82.19,6,20406.491789574,1,0.005098132215622,1737
"Highly_Fatal_And_Damaging",47.3059360730593,8,0,58.7967183226983,0.444854670032455,82.8,7,24973.6836872682,2,0.00231036898663625,870
"Highly_Fatal_And_Damaging",44.7945205479452,8,13,35.5059252506837,0.705583122971511,79.89,6,39453.1956384473,2,0.0093983482120637,4291
"Significant_Damage_And_Serious_Injuries",45.2511415525114,11,16,63.9015496809481,0.246152902993148,77.16,6,37065.4837499923,3,0.00850597118339987,11920
"Significant_Damage_And_Serious_Injuries",87.4885844748858,6,1,42.0692798541477,0.538615939415795,80.15,4,48400.6194864647,1,0.0884973764056748,7729
"Significant_Damage_And_Fatalities",57.4885844748858,15,7,69.5077484047402,0.2923122971511,79.22,7,49422.6277653414,3,0.00510546972779216,10356
"Minor_Damage_And_Injuries",54.1095890410959,12,3,49.3163172288059,0.421053732419762,81.43,2,36037.4356530986,3,0.48771365612333,874
"Highly_Fatal_And_Damaging",20.2739726027397,15,3,65.8614402917047,0.236776776054814,78.21,4,27035.8387936996,3,0.0495178660399433,8392
"Significant_Damage_And_Fatalities",39.1324200913242,10,2,52.6435733819508,0.456033898305084,81.74,1,25631.3457142277,3,0.936641790738993,3802
"Minor_Damage_And_Injuries",41.7351598173516,16,20,81.0391978122151,0.365157591056617,78.47,2,9023.69269986881,3,0.0595076217413258,89
"Minor_Damage_And_Injuries",51.9178082191781,13,8,66.6362807657247,0.372730616660656,80.34,2,42621.8436108,2,0.577208625420804,4618
"Significant_Damage_And_Fatalities",52.6940639269406,6,15,42.9808568824066,0.578644789037144,79.61,1,31618.5684248395,1,1.15647808158358,8161
"Highly_Fatal_And_Damaging",27.8995433789954,13,2,72.0145852324522,0.522748647673999,79.85,3,25889.5343997223,2,0.128453568773262,1801
"Significant_Damage_And_Fatalities",53.7442922374429,16,0,82.9535095715588,0.248677244861161,79.6,7,27550.5913743851,1,0.00228638425828823,3345
"Highly_Fatal_And_Damaging",18.7214611872146,16,2,89.1978122151322,0.271035701406419,78.23,3,26623.2048805474,0,0.132090952785728,10829
"Highly_Fatal_And_Damaging",22.9680365296804,15,1,62.9443938012762,0.57648106743599,79.8,1,33313.7192567944,2,1.22297120835898,812
"Significant_Damage_And_Serious_Injuries",15.7534246575342,20,7,82.1330902461258,0.245071042192571,81.11,7,32708.1391417124,3,0.00321926666714331,4338
"Highly_Fatal_And_Damaging",40.7762557077626,16,9,47.0829535095716,0.495702127659574,78.33,1,42902.3849751326,1,1.56124667254123,7102
"Significant_Damage_And_Serious_Injuries",31.9178082191781,15,3,63.7192342752963,0.225958168049044,80.22,3,25474.3083165267,3,0.125660881272039,6616
"Highly_Fatal_And_Damaging",54.0639269406393,9,10,88.0583409298086,0.268150739271547,78.4,1,19700.9554497443,2,0.723355681550488,12081