"Severity","Safety_Score","Days_Since_Inspection","Total_Safety_Complaints","Control_Metric","Turbulence_In_gforces","Cabin_Temperature","Accident_Type_Code","Max_Elevation","Violations","Adverse_Weather_Metric","Accident_ID"
"Significant_Damage_And_Serious_Injuries",46.8949771689498,11,0,60.4375569735643,0.517339343671114,83.24,3,40979.5754532752,2,0.203121083428734,11824
"Highly_Fatal_And_Damaging",42.5114155251142,16,7,42.5706472196901,0.608215650919581,79.64,6,45760.7560852147,2,0.0119400602625915,9227
"Significant_Damage_And_Fatalities",1.14155251141552,21,4,54.4667274384686,0.484162279120086,83.34,1,37120.1716684666,1,1.35839613360227,2989
"Significant_Damage_And_Serious_Injuries",31.5981735159817,15,13,66.2716499544212,0.422135593220339,84.4,4,32472.0736609725,2,0.0592112001916615,12036
"Significant_Damage_And_Fatalities",27.8082191780822,13,13,56.563354603464,0.505078254597908,77.37,4,21179.1038747685,3,0.0385759451956623,4844
"Minor_Damage_And_Injuries",32.8767123287671,19,3,60.5287146763902,0.368763793725207,78.44,3,32275.9088048593,3,0.160110192147785,1138
"Significant_Damage_And_Fatalities",82.2374429223744,7,11,68.6417502278943,0.262020194734944,86.09,7,27762.7996722579,3,0.00243243998136578,377
"Significant_Damage_And_Fatalities",73.607305936073,10,22,57.5205104831358,0.473704291381176,87.1,7,30951.0633871869,3,0.0028125247804077,2304
"Significant_Damage_And_Serious_Injuries",91.2328767123288,6,0,32.7256153144941,0.734793364587089,82.16,7,32628.399491092,3,0.0033140906062656,10476
"Significant_Damage_And_Serious_Injuries",62.6940639269406,6,2,73.1540565177758,0.260938333934367,79.19,7,31290.5115253014,2,0.00290087927234828,2933
"Highly_Fatal_And_Damaging",30.1369863013699,12,1,68.6417502278943,0.412038225748287,86.96,4,831.69555342133,2,0.0198346999706244,9142
"Significant_Damage_And_Fatalities",25.2511415525114,14,13,56.6545123062899,0.430790479624955,77.79,2,27702.6663148683,1,0.37489100786849,9163
"Significant_Damage_And_Fatalities",58.1278538812785,14,4,68.9608021877849,0.413120086548864,77.69,4,35154.7272649408,1,0.0639057568277937,2201
"Significant_Damage_And_Serious_Injuries",49.7260273972603,10,10,87.693710118505,0.287263613415074,83.07,6,26959.5819051962,3,0.0065120821981488,10752
"Significant_Damage_And_Serious_Injuries",16.986301369863,20,3,64.4484958979034,0.337389830508475,83.21,6,18089.7766828856,2,0.00446187925089134,353
"Significant_Damage_And_Serious_Injuries",44.6575342465753,12,3,65.1321786690975,0.265265777136675,79.64,3,37318.5134929379,2,0.18564707587063,7676
"Minor_Damage_And_Injuries",28.2191780821918,17,11,56.9279854147676,0.323686260367832,79.85,3,19949.517832695,1,0.0993228008242308,10271
"Minor_Damage_And_Injuries",38.4474885844749,13,22,56.7456700091158,0.494620266858997,78.43,3,42190.154354331,3,0.209889349040736,4718
"Highly_Fatal_And_Damaging",28.9954337899543,13,0,82.2242479489517,0.332341146772449,83.29,4,33053.916313277,3,0.0604794899831926,9558
"Highly_Fatal_And_Damaging",47.9908675799087,7,6,75.1139471285324,0.312867652362062,77.42,3,33257.5951870857,2,0.164857538935295,7490
"Significant_Damage_And_Fatalities",65.7077625570776,12,2,58.8422971741112,0.4145625676163,81.78,7,34233.0433595664,1,0.00321926666714331,4332
"Minor_Damage_And_Injuries",19.5433789954338,21,1,84.8678213309025,0.245071042192571,78.84,4,33146.0700290333,1,0.0608856857112103,2207
"Minor_Damage_And_Injuries",52.8767123287671,13,4,67.7757520510483,0.37489433826181,79.71,4,24262.8963865492,4,0.044555720248319,5877
"Significant_Damage_And_Serious_Injuries",39.6803652968037,13,30,69.9635369188697,0.249759105661738,79.99,3,20402.7725368013,2,0.101175219064126,5698
"Significant_Damage_And_Serious_Injuries",54.6575342465753,9,0,87.2835004557885,0.40374395961053,78,1,34684.7064974376,0,1.27665927889249,8566
"Highly_Fatal_And_Damaging",56.2557077625571,12,13,49.6353691886965,0.465049404976559,81.63,3,21287.7996759686,2,0.106394034490747,12076
"Significant_Damage_And_Serious_Injuries",45.2511415525114,11,16,72.0145852324522,0.442330328164443,76.2,6,20938.3572458028,2,0.005557064300179,734
"Significant_Damage_And_Fatalities",1.14155251141552,21,1,56.3810391978122,0.313228272628922,81.15,2,15521.1452198509,0,0.210809444881712,9290
"Highly_Fatal_And_Damaging",26.2557077625571,14,10,70.9206927985415,0.273560043274432,80.35,4,31335.4768243775,0,0.0569905136266613,8757
"Highly_Fatal_And_Damaging",29.5433789954338,13,4,74.7948951686418,0.201435989902632,77.11,6,30077.4161879637,2,0.00707625704504583,7207
"Highly_Fatal_And_Damaging",37.5799086757991,10,10,74.9772105742936,0.368403173458348,77.65,3,24946.5314678191,2,0.123761057564859,3328
"Significant_Damage_And_Fatalities",74.2009132420091,10,0,65.9070191431176,0.339914172376487,77.53,7,26248.7929504245,3,0.00216645188959327,922
"Significant_Damage_And_Serious_Injuries",33.6529680365297,15,11,66.0437556973564,0.354699603317706,76.2,2,38079.8427477091,2,0.514265510989051,9354
"Significant_Damage_And_Serious_Injuries",46.1643835616438,18,19,50.0911577028259,0.75246375766318,79.51,7,39152.9933728058,1,0.00359083469130035,3394
"Significant_Damage_And_Fatalities",82.7853881278539,7,1,59.3892433910666,0.289066714749369,77.98,6,27518.7235157539,3,0.00649134340495729,11858
"Highly_Fatal_And_Damaging",11.5068493150685,18,0,82.4065633546035,0.219827623512441,76.96,1,25251.2120439666,1,0.920195563410704,12410
"Significant_Damage_And_Serious_Injuries",55.0228310502283,9,10,77.4384685505925,0.185568698160836,78.56,7,52054.3002379775,2,0.00460952595186691,9445
"Highly_Fatal_And_Damaging",15.4337899543379,17,29,72.4247948951687,0.355420843851424,80.4,4,38168.2845511766,1,0.0695073447784336,10566
"Significant_Damage_And_Serious_Injuries",51.1872146118721,10,6,65.9981768459435,0.381746123332131,79.56,3,17267.0045345224,0,0.086846843745868,5222
"Highly_Fatal_And_Damaging",38.9954337899543,10,2,57.4749316317229,0.304573386224305,77.13,6,50122.0197516808,2,0.0127192033069789,8832
"Significant_Damage_And_Fatalities",42.0547945205479,19,5,64.1750227894257,0.445936530833032,74.85,1,22265.2378232954,2,0.819092324798317,4341
"Minor_Damage_And_Injuries",31.4155251141552,19,11,70.6016408386509,0.382467363865849,79.4,4,31041.7385112057,2,0.0575557829885468,5668
"Highly_Fatal_And_Damaging",30.9132420091324,12,0,49.4530537830446,0.491014064190407,77.83,4,35084.3986653576,2,0.0639026705133312,1462
"Significant_Damage_And_Fatalities",56.4840182648402,15,7,71.3764813126709,0.362272628921745,77.2,7,26112.881093622,1,0.00222971733346745,12112
"Highly_Fatal_And_Damaging",21.2785388127854,15,11,67.5022789425707,0.505078254597908,76.62,1,11268.2935055275,2,0.394750463991409,697
"Significant_Damage_And_Serious_Injuries",34.7488584474886,14,22,60.0273473108478,0.262741435268662,80.55,6,10829.3792485855,2,0.00265777562407155,10072
"Highly_Fatal_And_Damaging",33.972602739726,11,14,71.4676390154968,0.237858636855391,82.07,4,51143.5391676143,2,0.0958258956683562,8285
"Highly_Fatal_And_Damaging",47.8995433789954,14,20,55.6517775752051,0.48993220338983,80.58,2,25365.6336471011,4,0.343985850553441,7157
"Highly_Fatal_And_Damaging",44.0639269406393,8,5,85.1868732907931,0.264183916336098,78.73,7,33395.5017361782,1,0.00314676670034171,7730
"Significant_Damage_And_Serious_Injuries",54.5205479452055,8,0,60.0273473108478,0.444133429498738,83.84,6,23360.58611145,2,0.00538907479033693,12334
"Highly_Fatal_And_Damaging",30.9132420091324,12,3,76.4813126709207,0.271035701406419,76.35,2,48882.9969470896,2,0.653014214204056,6519
"Minor_Damage_And_Injuries",29.8173515981735,16,3,41.6590701914312,0.456033898305084,78.96,3,18491.7313994727,2,0.0900111876406189,11503
"Significant_Damage_And_Serious_Injuries",65.4337899543379,9,2,56.7000911577028,0.542582762351244,81.09,6,28535.2624015247,3,0.00720357970658475,3862
"Significant_Damage_And_Serious_Injuries",56.8949771689498,8,12,77.6663628076573,0.350372160115398,83.58,3,16327.5997485261,3,0.0782363458011667,10841
"Highly_Fatal_And_Damaging",41.6438356164383,9,1,73.9744758432088,0.4145625676163,89.19,3,831.69555342133,2,0.0476009651917602,8578
"Significant_Damage_And_Serious_Injuries",41.4155251141553,12,14,76.8915223336372,0.396892174540209,77.94,6,21154.8577344722,2,0.00566656035545686,5515
"Significant_Damage_And_Serious_Injuries",46.62100456621,11,2,60.1640838650866,0.321522538766679,78.64,5,36656.5473460937,1,0.0248181588117236,12485
"Significant_Damage_And_Serious_Injuries",77.7625570776256,9,14,53.9653600729262,0.439805986296429,87.1,7,48569.5562852462,4,0.00460286344892508,656
"Minor_Damage_And_Injuries",56.8493150684931,8,1,54.4667274384686,0.348929679047962,78.04,1,45741.2045089614,2,1.66486418964678,2394
"Significant_Damage_And_Serious_Injuries",37.3059360730594,14,10,61.6681859617138,0.456033898305084,78.97,7,44552.8688266593,3,0.0042971745609235,5582
"Minor_Damage_And_Injuries",56.3013698630137,8,1,52.6891522333637,0.328374323837,78.06,3,31500.1793315168,1,0.156222076352634,8681
"Highly_Fatal_And_Damaging",30.7762557077626,12,5,79.0337283500456,0.32116191849982,80.24,2,34640.5468695966,1,0.466761643147862,10827
"Highly_Fatal_And_Damaging",13.7899543378995,17,4,66.0893345487694,0.268150739271547,76.61,4,38394.5509317175,1,0.0701249966785418,2885
"Significant_Damage_And_Fatalities",67.6712328767123,12,0,79.3527803099362,0.231728092318788,79.71,7,60869.7486975738,2,0.00555060260851531,11640
"Highly_Fatal_And_Damaging",29.1780821917808,13,3,82.3154056517776,0.174389469888207,83.29,6,23086.0226940907,1,0.0053353160716145,5533
"Minor_Damage_And_Injuries",41.5525114155251,16,0,64.4940747493163,0.255168409664623,84.43,4,22044.0205627516,2,0.0406300528515001,7727
"Significant_Damage_And_Serious_Injuries",54.4748858447489,8,0,60.0273473108478,0.639950234403173,77.16,3,33372.8197860987,1,0.165002363929807,10336
"Highly_Fatal_And_Damaging",36.62100456621,11,7,74.2935278030994,0.207205914172377,81.76,2,25758.1197982121,3,0.35017958188076,6541
"Significant_Damage_And_Serious_Injuries",25.5707762557078,17,15,64.767547857794,0.551598269022719,77.27,6,38914.2802256648,1,0.00989361030881823,3476
"Minor_Damage_And_Injuries",49.3150684931507,14,6,72.0145852324522,0.315752614496934,79.22,5,41247.2138694394,3,0.0273062158003251,1231
"Significant_Damage_And_Serious_Injuries",50.8219178082192,10,0,68.8240656335461,0.282575549945907,80.53,6,31719.3083634286,1,0.00781118094172816,1108
"Highly_Fatal_And_Damaging",42.648401826484,8,22,61.485870556062,0.419611251352326,78.56,7,36384.8862884969,2,0.00315344106974265,7243
"Highly_Fatal_And_Damaging",17.5799086757991,16,3,58.6144029170465,0.491014064190407,78.72,3,34800.646575157,1,0.17306668059366,3257
"Significant_Damage_And_Serious_Injuries",45.1598173515982,11,6,60.3008204193255,0.409874504147133,79.22,6,13364.5100535046,2,0.00412461905272143,9150
"Highly_Fatal_And_Damaging",18.0365296803653,16,5,71.8778486782133,0.224876307248467,81.23,4,34397.7574159421,2,0.0628086341822525,11435
"Significant_Damage_And_Serious_Injuries",37.7625570776256,14,18,60.2552415679125,0.353617742517129,79.45,3,40394.1445253745,2,0.202628386150138,6778
"Highly_Fatal_And_Damaging",23.1506849315068,15,15,74.9772105742936,0.373451857194374,78.32,4,37949.724386184,2,0.0694785537644393,10015
"Significant_Damage_And_Fatalities",28.4018264840183,13,12,46.718322698268,0.603888207717274,80.45,1,38783.3566123134,3,1.42252211161246,4739
"Significant_Damage_And_Fatalities",38.4474885844749,10,2,56.1531449407475,0.345684096646231,79.31,4,38050.4413138882,0,0.0690777355402737,5178
"Significant_Damage_And_Serious_Injuries",33.8812785388128,15,8,70.8751139471286,0.363715109989181,79.86,7,35460.2652816768,1,0.00311936075575471,11048
"Highly_Fatal_And_Damaging",23.5616438356164,14,1,76.6180492251596,0.202157230436351,78.23,4,25770.4611825875,3,0.0466439852917615,4557
"Significant_Damage_And_Fatalities",21.8721461187215,15,13,54.2844120328168,0.392564731337901,79.54,4,36626.3024878979,2,0.0677898381193723,3508
"Significant_Damage_And_Fatalities",95.2511415525114,3,11,80.2643573381951,0.483080418319509,79.83,3,17582.7396691811,1,0.0860681777332208,5987
"Significant_Damage_And_Fatalities",42.4657534246575,8,10,47.1741112123974,0.606773169852146,85.58,4,34985.7217148431,3,0.0640170538543537,4227
"Significant_Damage_And_Serious_Injuries",45.9817351598173,11,5,73.8833181403829,0.365878831590335,78.56,3,35902.3547465078,1,0.179291371105846,5456
"Significant_Damage_And_Fatalities",62.3287671232877,13,0,66.4995442114859,0.317916336098088,85.98,4,23998.3048588661,1,0.0431418920641042,3268
"Highly_Fatal_And_Damaging",24.9771689497717,14,5,75.8887876025524,0.242907320591417,79.23,4,38068.5442522449,3,0.0691843136690765,65
"Minor_Damage_And_Injuries",64.5662100456621,9,11,73.6554238833182,0.473704291381176,78.67,5,15414.0990178963,2,0.0112049590659801,1397
"Minor_Damage_And_Injuries",30.7305936073059,16,3,54.6946216955333,0.383188604399567,80.09,3,28716.2754578791,3,0.141555437659519,9468
"Highly_Fatal_And_Damaging",30.3196347031963,12,6,62.1239744758432,0.418529390551749,82.72,7,17869.2712881728,3,0.00160333832093662,359
"Minor_Damage_And_Injuries",46.8949771689498,14,17,68.5961713764813,0.507241976199062,75.35,2,46273.2400084029,0,0.628574319565372,9265
"Significant_Damage_And_Fatalities",28.2648401826484,13,0,56.9279854147676,0.409153263613415,79.51,7,32058.503196196,3,0.00256641535205028,378
"Significant_Damage_And_Fatalities",23.4703196347032,14,0,49.3163172288059,0.34965091958168,81.32,4,40296.8160759999,2,0.0742383861271261,6236
"Significant_Damage_And_Serious_Injuries",42.283105022831,12,0,67.5022789425707,0.251922827262892,81.98,6,26859.1915363265,1,0.00685754221966388,11520
"Significant_Damage_And_Serious_Injuries",36.9406392694064,14,7,71.0574293527803,0.201435989902632,75.14,6,31316.6296278677,2,0.00800039792039299,11867
"Highly_Fatal_And_Damaging",48.2648401826484,7,18,77.3473108477666,0.262020194734944,77.33,7,43755.4722245528,2,0.00387029016150172,4868
"Minor_Damage_And_Injuries",52.5114155251141,13,2,60.8021877848678,0.340274792643346,81.55,7,38395.8727285611,0,0.00349390200818882,11008
"Highly_Fatal_And_Damaging",24.0639269406393,14,1,69.644484958979,0.30313090515687,79.28,4,40401.4218160128,2,0.0740408460528916,6554
"Significant_Damage_And_Fatalities",54.8858447488584,16,2,74.7948951686418,0.298442841687703,83.58,3,36075.4910730824,0,0.178747299033169,4951
"Significant_Damage_And_Serious_Injuries",27.4885844748858,17,5,85.6882406563355,0.333062387306166,81.11,6,40645.7172863603,0,0.00951409917260054,2093
"Significant_Damage_And_Fatalities",72.3287671232876,10,12,77.4384685505925,0.314670753696357,82.88,7,34747.0264561264,3,0.00322758081539916,4824
"Significant_Damage_And_Fatalities",1.41552511415525,21,2,56.9279854147676,0.375615578795528,77.22,2,43590.4452092247,3,0.595092388856474,5042
"Minor_Damage_And_Injuries",76.62100456621,6,12,69.4165907019143,0.462885683375405,77.45,5,32161.1489778952,1,0.0219848426435965,10918
"Minor_Damage_And_Injuries",48.4474885844749,14,8,73.746581586144,0.294836639019113,82.49,2,39875.6120144522,2,0.542719185044541,4904
"Highly_Fatal_And_Damaging",33.2420091324201,11,1,66.3172288058341,0.513011900468806,81.76,4,36445.5066953549,0,0.0664714737763402,2076
"Highly_Fatal_And_Damaging",35.9817351598173,11,6,85.9617137648131,0.260217093400649,81.82,2,42885.3906813459,1,0.577778976533685,7913
"Significant_Damage_And_Serious_Injuries",32.8310502283105,15,8,63.6736554238833,0.59415146051208,76.82,3,36159.9008773321,0,0.179246049162375,7924
"Highly_Fatal_And_Damaging",21.2785388127854,15,17,75.2506836827712,0.494980887125856,85.02,6,29975.6162301416,3,0.00750347899208399,7393
"Significant_Damage_And_Fatalities",48.8584474885845,17,3,68.003646308113,0.452067075369635,78.47,7,24370.2265407342,2,0.00246153031373213,3531
"Significant_Damage_And_Serious_Injuries",50.7762557077626,10,5,79.7174111212398,0.234973674720519,78.91,3,32254.0720662131,1,0.160069959821759,11190
"Significant_Damage_And_Fatalities",61.8721461187214,13,20,65.4512306289882,0.323325640100974,86.1,6,28609.1259761055,2,0.00758161235223082,5901
"Significant_Damage_And_Fatalities",28.2648401826484,13,5,54.8313582497721,0.481277316985214,77.83,6,15949.8073396295,3,0.00316250427677456,4642
"Highly_Fatal_And_Damaging",22.1917808219178,15,27,59.1157702825889,0.269953840605842,83.85,5,30477.3190817566,2,0.0194629461559457,10133
"Highly_Fatal_And_Damaging",29.1780821917808,13,1,58.158614402917,0.404465200144248,77.29,4,36560.9267531553,2,0.0677114487516343,3635
"Significant_Damage_And_Serious_Injuries",42.3744292237443,12,4,78.3956244302644,0.245792282726289,80.2,6,22597.0959547712,1,0.00566656035545686,11670
"Minor_Damage_And_Injuries",44.337899543379,15,10,72.0145852324522,0.379582401730977,79.17,2,14348.077504495,2,0.17603090511794,4615
"Highly_Fatal_And_Damaging",25.1141552511416,14,5,75.2506836827712,0.361190768121168,78.32,4,31864.7898725408,3,0.0591195118912739,1266
"Highly_Fatal_And_Damaging",30.1826484018265,13,3,69.7356426618049,0.314310133429499,75.31,4,16841.768807767,2,0.031134858517972,4720
"Significant_Damage_And_Serious_Injuries",59.8173515981735,14,7,38.9699179580674,0.654375045077533,79.54,7,25814.8468749981,1,0.00243360517719337,1464
"Significant_Damage_And_Serious_Injuries",46.8949771689498,11,0,57.6116681859617,0.470458708979445,78.47,3,34761.3720323749,3,0.172361875338915,5941
"Significant_Damage_And_Serious_Injuries",34.0639269406393,15,18,58.8422971741112,0.359387666786873,80.74,3,35285.2690352296,1,0.175707515440699,10395
"Minor_Damage_And_Injuries",38.7214611872146,17,2,68.003646308113,0.369845654525784,84.1,7,41724.5687249952,2,0.00417783879488169,7137
"Significant_Damage_And_Serious_Injuries",43.607305936073,12,1,59.6627164995442,0.467213126577713,84.8,6,28815.4272617912,4,0.00735262148760746,7934
"Highly_Fatal_And_Damaging",26.1643835616438,14,0,82.4521422060164,0.197108546700325,81.21,6,38002.0354296264,2,0.0101185628153381,10930
"Significant_Damage_And_Serious_Injuries",36.027397260274,14,4,48.9061075660894,0.687191489361702,78.52,5,30889.1456903206,1,0.0199701051798232,3287
"Highly_Fatal_And_Damaging",20.2283105022831,15,2,66.9097538742024,0.460361341507393,82.19,4,21564.025038109,2,0.0398611264038201,6132
"Significant_Damage_And_Fatalities",26.2557077625571,14,9,47.9489516864175,0.493899026325279,77.38,4,44914.3691492549,4,0.082558251682277,11699
"Minor_Damage_And_Injuries",41.0502283105023,13,6,40.2917046490429,0.641392715470609,79.53,2,31925.2755538881,4,0.431251474752445,4921
"Significant_Damage_And_Serious_Injuries",77.3059360730594,4,2,88.4685505925251,0.185568698160836,76.11,6,16837.0598386233,3,0.00497222435160952,3491
"Significant_Damage_And_Fatalities",55.0228310502283,15,1,73.7010027347311,0.295197259285972,81.85,4,24784.6638712105,3,0.0452453456509353,9155
"Significant_Damage_And_Serious_Injuries",61.2328767123288,7,1,58.97903372835,0.422496213487198,75.7,4,18869.5876217835,2,0.0350890825621048,1384
"Minor_Damage_And_Injuries",40.1369863013699,16,0,64.2661804922516,0.439805986296429,84.94,2,48162.8722893482,3,0.664582259241775,2862
"Highly_Fatal_And_Damaging",31.2328767123288,12,5,67.8213309024613,0.362272628921745,79.6,6,30528.1424459409,1,0.00747668731654312,1973
"Significant_Damage_And_Serious_Injuries",45.7990867579909,11,29,63.9015496809481,0.245792282726289,78.2,3,27123.0765132282,2,0.133534621747045,9785
"Highly_Fatal_And_Damaging",34.4748858447488,11,11,73.1996353691887,0.334504868373603,77.94,4,30349.9564226895,1,0.0557625104986608,5420
"Highly_Fatal_And_Damaging",38.3561643835616,10,8,76.8915223336372,0.284378651280202,79.33,4,30843.079330968,0,0.0563295397232032,10017
"Highly_Fatal_And_Damaging",31.5981735159817,12,12,69.2342752962625,0.388597908402452,79.45,6,31651.9369994542,2,0.00815007856852143,7231
"Highly_Fatal_And_Damaging",17.8538812785388,16,5,58.6144029170465,0.282214929679048,77.22,4,24079.5906676941,1,0.0437840696939847,8592
"Significant_Damage_And_Serious_Injuries",51.6438356164384,10,0,74.2023701002735,0.264905156869816,84.41,6,42282.7920364201,3,0.0101249384175377,7517
"Highly_Fatal_And_Damaging",36.4383561643836,10,13,73.6098450319052,0.388958528669311,81.15,1,24420.713003042,2,0.898387825256726,387
"Highly_Fatal_And_Damaging",24.8401826484018,14,22,75.4785779398359,0.532124774612333,86.43,3,10571.2705834972,3,0.0538389856628405,11092
"Significant_Damage_And_Fatalities",14.5205479452055,17,2,51.1850501367366,0.584054093040028,76.8,4,38484.6290564965,1,0.0710959797816375,512
"Highly_Fatal_And_Damaging",24.7488584474886,14,3,84.1841385597083,0.296279120086549,75.2,4,27179.0519600046,1,0.0502148785850208,9129
"Highly_Fatal_And_Damaging",34.4748858447488,11,8,65.4512306289882,0.250840966462315,77.26,2,18980.6198635016,1,0.253283470951117,7842
"Highly_Fatal_And_Damaging",36.62100456621,10,11,65.4056517775752,0.54763144608727,82.02,4,36687.8536553496,1,0.067847155870399,9339
"Highly_Fatal_And_Damaging",44.7945205479452,8,6,62.2607110300821,0.330898665705012,80.84,4,36008.6822689946,3,0.0664203667642382,975
"Highly_Fatal_And_Damaging",51.0502283105023,13,0,43.0720145852325,0.727941579516768,79.35,3,31528.0938591145,2,0.155972033378461,204
"Minor_Damage_And_Injuries",59.1324200913242,11,1,70.1914311759344,0.381746123332131,76.58,2,25019.9299511302,1,0.336595105059082,11047
"Highly_Fatal_And_Damaging",61.5068493150685,10,0,53.7830446672744,0.511930039668229,79.26,3,16378.7563667282,2,0.0847354723615849,1730
"Significant_Damage_And_Serious_Injuries",44.5205479452055,12,0,72.5159525979946,0.416726289217454,82.23,3,31526.6329253501,4,0.155473833405764,4797
"Significant_Damage_And_Fatalities",49.2237442922374,17,9,68.003646308113,0.527436711143166,79.01,7,20597.3890625274,1,0.00201815311776992,1869
"Minor_Damage_And_Injuries",42.0091324200913,16,13,59.2069279854148,0.408071402812838,83.64,4,39034.3704321108,3,0.0718018696549619,10066
"Highly_Fatal_And_Damaging",33.2420091324201,11,4,65.6791248860529,0.269953840605842,77.26,4,39103.4153008276,3,0.0714234557381285,1436
"Significant_Damage_And_Serious_Injuries",56.7579908675799,8,6,69.1431175934367,0.350011539848539,82.07,3,31143.0404321038,0,0.154517428712914,2371
"Minor_Damage_And_Injuries",75.296803652968,6,9,66.4995442114859,0.338471691309052,78.37,2,22913.2170491522,0,0.3116315447563,3251
"Minor_Damage_And_Injuries",58.0365296803653,11,9,64.5852324521422,0.362633249188604,81.76,2,36844.4611648139,4,0.501902736522082,3093
"Highly_Fatal_And_Damaging",37.2146118721461,10,2,66.5451230628988,0.460721961774252,79.39,1,20142.4706831629,2,0.742435605455821,4097
"Highly_Fatal_And_Damaging",31.2785388127854,12,2,73.3363719234275,0.342799134511359,81.73,4,30528.1424459409,2,0.0562028167670757,2367
"Minor_Damage_And_Injuries",41.9178082191781,16,22,72.151321786691,0.272117562206996,81.03,2,33596.650764814,2,0.453693975116104,4527
"Highly_Fatal_And_Damaging",21.5981735159817,15,0,63.8103919781222,0.591627118644068,82.19,1,37265.2725889536,2,1.37759041351401,4669
"Highly_Fatal_And_Damaging",43.0593607305936,9,1,82.3609845031905,0.358305805986296,83.82,4,41920.2471614135,2,0.0765923031796364,9904
"Minor_Damage_And_Injuries",62.1461187214612,10,15,84.2752962625342,0.346405337179949,83.19,2,25814.2775225024,1,0.348598243853363,4820
"Minor_Damage_And_Injuries",38.4931506849315,17,13,59.9817684594348,0.283657410746484,80.01,2,27823.0505835169,3,0.37489100786849,10257
"Significant_Damage_And_Fatalities",51.3698630136986,17,1,72.2880583409298,0.2562502704652,80.55,7,32183.3988569363,2,0.00299716120370222,5797
"Significant_Damage_And_Serious_Injuries",36.5753424657534,14,10,62.9443938012762,0.380664262531554,80.49,3,31461.1256384743,1,0.157172393214529,9745
"Significant_Damage_And_Serious_Injuries",39.8173515981735,13,15,72.1969006381039,0.442330328164443,77.11,6,47430.2732035325,2,0.0115453696276444,3803
"Highly_Fatal_And_Damaging",44.4748858447489,15,2,49.4530537830446,0.526354850342589,77.92,2,27506.8489311607,4,0.372844371101317,3254
"Significant_Damage_And_Serious_Injuries",41.1415525114155,12,3,73.7010027347311,0.28149368914533,84.75,3,25080.5824492383,1,0.124435001468023,12057
"Significant_Damage_And_Fatalities",42.0547945205479,19,9,75.38742023701,0.388597908402452,82.17,7,33740.8858200893,1,0.00321926666714331,10791
"Minor_Damage_And_Injuries",65.7534246575342,5,3,40.4740200546946,0.445215290299315,74.95,4,43447.1518302216,3,0.0806638923240863,8915
"Highly_Fatal_And_Damaging",54.4292237442922,12,4,50.7748404740201,0.618313018391633,83.28,2,20204.6489775497,2,0.277637542715051,233
"Significant_Damage_And_Serious_Injuries",39.4520547945205,13,4,78.1677301731996,0.276445005409304,79.17,6,30586.407239901,3,0.00720357970658475,573
"Significant_Damage_And_Fatalities",42.0547945205479,20,12,76.0255241567913,0.298803461954562,81.62,7,34338.5188608788,1,0.0032646245817578,10034
"Significant_Damage_And_Fatalities",64.6575342465753,13,17,46.1713764813127,0.537173458348359,82.32,2,20799.9255916983,1,0.278497327206072,1653
"Significant_Damage_And_Serious_Injuries",45.1141552511415,11,2,75.8432087511395,0.293394157951677,84.62,3,36269.6801583076,1,0.179620581115222,3883
"Significant_Damage_And_Serious_Injuries",30.3196347031963,16,0,82.9079307201459,0.337750450775333,78.43,6,22408.0504227668,2,0.00526925718600814,2503
"Significant_Damage_And_Serious_Injuries",38.8127853881278,13,30,69.4165907019143,0.215860800576992,80.31,3,34207.9443786107,0,0.170645148830517,948
"Highly_Fatal_And_Damaging",40.2739726027397,9,1,60.1640838650866,0.313228272628922,76.04,4,33080.0431427359,1,0.0604465525608029,4559
"Highly_Fatal_And_Damaging",7.85388127853881,19,12,58.8422971741112,0.408792643346556,77.04,2,29969.886886305,1,0.404401762084286,5794
"Significant_Damage_And_Fatalities",77.4885844748858,9,1,68.1403828623519,0.21297583844212,79.3,1,16112.697780769,3,0.56145735508579,4343
"Minor_Damage_And_Injuries",59.4063926940639,11,16,79.1704649042844,0.317555715831229,79.3,2,28658.6331440388,2,0.387005034583961,1080
"Significant_Damage_And_Serious_Injuries",51.4155251141552,17,7,54.7857793983592,0.4506245943022,78.87,2,31075.0293884329,3,0.420569864297446,10397
"Significant_Damage_And_Serious_Injuries",79.7260273972603,7,0,56.3810391978122,0.365878831590335,83.08,7,23861.037409217,2,0.00211795865520554,11986
"Minor_Damage_And_Injuries",44.4292237442922,12,14,56.563354603464,0.350011539848539,81.06,6,52015.7944241626,3,0.0121672842334221,10345
"Highly_Fatal_And_Damaging",52.1461187214612,6,1,67.228805834093,0.327653083303281,78.27,7,27520.75175597,1,0.00220164886877366,4664
"Minor_Damage_And_Injuries",42.5570776255708,16,3,55.2415679124886,0.647523260007212,80.16,2,14836.3056854253,2,0.178843572386274,6505
"Significant_Damage_And_Fatalities",44.5662100456621,8,3,52.5979945305378,0.417808150018031,77.25,1,26949.9557733894,2,0.999891644482845,11696
"Significant_Damage_And_Fatalities",40.5479452054794,20,11,60.1640838650866,0.352535881716553,79.17,7,50314.7204576381,4,0.00490041074442536,9060