"Severity","Safety_Score","Days_Since_Inspection","Total_Safety_Complaints","Control_Metric","Turbulence_In_gforces","Cabin_Temperature","Accident_Type_Code","Max_Elevation","Violations","Adverse_Weather_Metric","Accident_ID"
"Highly_Fatal_And_Damaging",35.4794520547945,11,9,70.4193254329991,0.518421204471691,76.74,6,15560.247426871,2,0.00309338983224626,7562
"Significant_Damage_And_Serious_Injuries",42.1004566210046,12,2,74.5214220601641,0.264905156869816,79.03,3,41991.870913776,2,0.209065214807869,4719
"Highly_Fatal_And_Damaging",44.8401826484018,8,4,70.9206927985415,0.258413992066354,78.04,4,37043.2919553417,3,0.0679180602164867,10979
"Minor_Damage_And_Injuries",38.2191780821918,14,22,46.1713764813127,0.448460872701046,76.95,3,24295.5955977486,2,0.119606400550729,8214
"Highly_Fatal_And_Damaging",44.5662100456621,15,7,47.1285323609845,0.351454020915975,75.51,2,27506.8489311607,5,0.372425424131458,12174
"Significant_Damage_And_Serious_Injuries",23.6073059360731,18,15,74.9772105742936,0.296639740353408,77.62,3,30476.691698662,1,0.150707712103425,1137
"Minor_Damage_And_Injuries",42.8310502283105,15,18,78.669097538742,0.237858636855391,82.46,2,42329.0179287936,3,0.569213825805112,1122
"Significant_Damage_And_Fatalities",45.5707762557078,18,7,57.5660893345488,0.579366029570862,78.87,7,28354.1216769969,2,0.00277618537959387,10677
"Highly_Fatal_And_Damaging",45.5251141552511,8,2,69.1886964448496,0.408071402812838,81.53,4,36281.1594419216,2,0.0657919157803562,2469
"Highly_Fatal_And_Damaging",41.0958904109589,9,1,88.2406563354604,0.18088063469167,77.53,1,34954.8947262851,3,1.29520155662408,1612
"Significant_Damage_And_Serious_Injuries",48.8127853881278,10,1,68.9608021877849,0.413841327082582,79.24,1,26600.5288297051,4,0.979178721893077,3407
"Minor_Damage_And_Injuries",59.3150684931507,11,3,69.3710118505014,0.294476018752254,80.83,4,30307.857269128,2,0.0558847376979447,9446
"Minor_Damage_And_Injuries",45.4794520547945,15,10,67.1376481312671,0.414923187883159,79.06,7,28559.6591388298,1,0.00284298516544317,9476
"Minor_Damage_And_Injuries",16.1187214611872,20,7,52.9626253418414,0.638507753335737,82.69,3,34985.7217148431,2,0.174153414362184,765
"Significant_Damage_And_Serious_Injuries",24.2465753424658,18,1,70.464904284412,0.394728452939055,79.03,3,36002.5313878639,2,0.179761011123001,6983
"Significant_Damage_And_Fatalities",25.4794520547945,14,11,47.2652689152234,0.429347998557519,78.69,2,30701.4903580148,2,0.415749786415761,8458
"Highly_Fatal_And_Damaging",32.4200913242009,12,5,48.9061075660894,0.422496213487198,81.08,3,22169.2085958915,3,0.110134122113543,12028
"Significant_Damage_And_Serious_Injuries",51.0502283105023,10,1,73.9744758432088,0.40374395961053,89.19,6,29078.8571072623,0,0.00743073431673884,8640
"Highly_Fatal_And_Damaging",19.2237442922374,16,0,74.1567912488605,0.270314460872701,82.97,1,20313.4761672518,3,0.747757022448862,4991
"Highly_Fatal_And_Damaging",21.2785388127854,15,7,59.4348222424795,0.390761630003606,86.58,1,26432.6448785159,2,0.9710988332523,3702
"Significant_Damage_And_Serious_Injuries",40.7762557077626,13,10,83.59161349134,0.287263613415074,81.24,4,33137.9077443779,3,0.0610195919364493,7549
"Significant_Damage_And_Fatalities",76.62100456621,9,10,58.4776663628077,0.467213126577713,87.1,7,21530.9638754351,0,0.00175499774738141,11974
"Significant_Damage_And_Serious_Injuries",36.1643835616438,14,1,72.7438468550593,0.231728092318788,81.1,3,25252.7452231213,1,0.125660881272039,8191
"Highly_Fatal_And_Damaging",34.9315068493151,11,9,59.0701914311759,0.367321312657771,78.09,2,44097.2431589665,1,0.590221750336164,10135
"Significant_Damage_And_Serious_Injuries",29.3607305936073,16,20,73.1996353691887,0.333062387306166,80.79,3,42076.998636433,2,0.209524889907619,2114
"Significant_Damage_And_Serious_Injuries",28.4931506849315,16,17,60.3008204193255,0.582250991705733,79.06,3,28547.658421273,3,0.142409709799009,8546
"Significant_Damage_And_Serious_Injuries",37.6712328767123,14,4,67.0009115770283,0.419971871619185,79.31,4,39230.7767992872,2,0.0713728148247185,3029
"Significant_Damage_And_Fatalities",48.1278538812785,17,0,68.6417502278943,0.404825820411107,76.3,7,36324.9430018409,3,0.00325551820679858,15
"Significant_Damage_And_Fatalities",14.703196347032,17,0,52.8258887876026,0.449542733501623,77.74,4,20993.9622286411,2,0.0382112476922794,2327
"Significant_Damage_And_Fatalities",51.3698630136986,16,2,68.6873290793072,0.404465200144248,82.25,4,23720.1789326526,3,0.0430629446815057,4455
"Significant_Damage_And_Serious_Injuries",12.648401826484,21,0,73.1084776663628,0.327292463036423,82.53,4,31526.6329253501,1,0.0577524992640029,10902
"Minor_Damage_And_Injuries",44.337899543379,15,14,72.0145852324522,0.377058059862964,79.17,6,42771.4992003673,0,0.0109988106068976,6776
"Significant_Damage_And_Serious_Injuries",27.1689497716895,17,6,54.1932543299909,0.599560764514966,80.16,7,31006.5572504406,3,0.00265908783298855,5414
"Highly_Fatal_And_Damaging",29.8630136986301,12,0,74.61257976299,0.337750450775333,81.03,4,25934.1184942047,2,0.0466821769632099,10063
"Highly_Fatal_And_Damaging",38.9954337899543,10,4,62.1695533272562,0.493899026325279,75.58,1,34809.4451899238,2,1.27724201743561,4646
"Highly_Fatal_And_Damaging",59.4063926940639,7,9,65.6335460346399,0.267790119004688,79.26,2,31503.4535809663,3,0.425400981544069,4620
"Minor_Damage_And_Injuries",58.0365296803653,11,7,76.8915223336372,0.426823656689506,78.48,5,18965.2829541948,3,0.0125144123549024,4335
"Minor_Damage_And_Injuries",60.5479452054795,11,9,80.2643573381951,0.323686260367832,81.36,5,15748.1341436739,2,0.0123379841602936,6103
"Minor_Damage_And_Injuries",45.4794520547945,11,6,30.7201458523245,0.729744680851064,77.95,5,20785.9376416058,3,0.0143207282477566,10050
"Highly_Fatal_And_Damaging",23.5616438356164,14,7,79.535095715588,0.199993508835196,81.91,4,24926.7672088726,2,0.0462843448938988,3828
"Significant_Damage_And_Fatalities",20.5479452054795,15,2,55.6973564266181,0.311425171294627,77.13,4,30363.1407518457,1,0.0553078262715637,10091
"Significant_Damage_And_Fatalities",40.5479452054794,20,1,50.3646308113035,0.329095564370718,77.27,4,25229.7819974548,3,0.045220799930328,303
"Significant_Damage_And_Serious_Injuries",27.8538812785388,17,8,60.0729261622607,0.50796321673278,79.2,1,24135.4433661131,4,0.890281948019857,6775
"Minor_Damage_And_Injuries",43.3333333333333,15,15,60.5287146763902,0.52960043274432,78.5,7,52249.6101461372,4,0.0044289702451501,12237
"Significant_Damage_And_Fatalities",34.0182648401826,11,7,54.876937101185,0.256971510998918,79.89,4,27350.1299160024,1,0.0499952747001813,5390
"Minor_Damage_And_Injuries",49.3150684931507,14,6,59.9817684594348,0.409874504147133,79.56,5,27686.2413636474,3,0.0184283725792126,6878
"Significant_Damage_And_Serious_Injuries",29.4977168949772,16,4,69.5533272561531,0.255529029931482,81.49,5,32502.6493865327,1,0.0214331948421762,4626
"Highly_Fatal_And_Damaging",34.3835616438356,11,8,65.4512306289882,0.274641904075009,76.8,4,31610.955605815,2,0.057671471877196,7387
"Highly_Fatal_And_Damaging",44.8858447488584,8,22,57.8395624430264,0.436560403894699,75.35,7,37326.3033420053,2,0.00343393658306639,10009
"Minor_Damage_And_Injuries",27.4885844748858,20,13,72.5615314494075,0.39292535160476,82.45,1,35760.8188803756,2,1.31551447723744,1073
"Significant_Damage_And_Serious_Injuries",69.9086757990868,11,11,53.9653600729262,0.607855030652723,79.89,4,31988.1959886504,2,0.0593813308679131,4575
"Highly_Fatal_And_Damaging",36.1643835616438,11,2,77.9854147675479,0.241104219257122,80.35,4,36963.934273338,3,0.0670251454671363,7443
"Highly_Fatal_And_Damaging",10.365296803653,18,20,71.4220601640839,0.274641904075009,76.28,1,43767.580522752,1,1.62444555920038,8831
"Minor_Damage_And_Injuries",48.4474885844749,14,6,64.3573381950775,0.25264406779661,77.74,5,34076.4536138475,2,0.0236870689078476,7497
"Significant_Damage_And_Fatalities",20.0913242009132,15,1,55.9708295350957,0.484162279120086,79.86,1,24135.4433661131,4,0.905640293986369,2712
"Minor_Damage_And_Injuries",49.5890410958904,10,0,53.9197812215132,0.461803822574828,80.13,4,33640.8300414984,1,0.0611659950307935,8354
"Highly_Fatal_And_Damaging",24.2922374429224,14,2,73.8833181403829,0.29591849981969,79.47,4,29123.2583793699,2,0.0531772420885427,9216
"Highly_Fatal_And_Damaging",12.9680365296804,18,0,75.432999088423,0.323325640100974,82.08,4,40004.2033150606,1,0.0722773748823849,6446
"Highly_Fatal_And_Damaging",47.3059360730593,7,2,67.5022789425707,0.269232600072124,75.35,3,21524.2012567384,3,0.108043963584784,3971
"Significant_Damage_And_Fatalities",65.4337899543379,12,1,66.6362807657247,0.307458348359178,83.56,7,30955.5308494645,2,0.00256728363044899,6984
"Significant_Damage_And_Serious_Injuries",37.0776255707762,14,16,88.6508659981769,0.245071042192571,78.92,6,43569.6921226912,1,0.0108306048672192,10796
"Highly_Fatal_And_Damaging",29.4977168949772,13,31,79.7174111212398,0.448821492967904,79.18,3,38168.2845511766,4,0.190028699243352,1195
"Highly_Fatal_And_Damaging",16.4840182648402,16,2,71.1941659070192,0.582250991705733,82.25,7,25175.0086940981,3,0.00243307820685337,3437
"Highly_Fatal_And_Damaging",20.2283105022831,15,8,62.7620783956244,0.380303642264695,77.65,7,26748.2070214776,3,0.00237250574524308,5594
"Highly_Fatal_And_Damaging",1.41552511415525,21,5,68.7784867821331,0.291230436350523,84.78,3,21890.5709145531,2,0.107090687819435,11816
"Highly_Fatal_And_Damaging",23.1506849315068,14,0,71.5587967183227,0.432954201226109,81.86,4,32075.9990567699,1,0.0588715558622953,9126
"Minor_Damage_And_Injuries",40.365296803653,13,3,51.5496809480401,0.444133429498738,85.26,2,35845.5631116782,2,0.485116943649484,10279
"Highly_Fatal_And_Damaging",48.2648401826484,7,6,74.0200546946217,0.25264406779661,77.33,4,27855.9015760181,3,0.0511774425946486,7078
"Minor_Damage_And_Injuries",73.37899543379,6,1,73.6554238833182,0.448821492967904,83.13,5,8645.35570372917,2,0.00259797974810656,3281
"Highly_Fatal_And_Damaging",43.1050228310502,9,1,80.5834092980857,0.240022358456545,78.93,4,34547.4563891748,5,0.0630468196657716,6298
"Significant_Damage_And_Fatalities",62.9680365296804,13,3,66.3172288058341,0.421053732419762,86.36,7,29247.4908093916,1,0.00266826442491109,10820
"Significant_Damage_And_Serious_Injuries",32.8767123287671,15,2,77.6207839562443,0.276805625676163,78.03,3,41991.870913776,3,0.209489040782661,1644
"Minor_Damage_And_Injuries",59.3150684931507,11,1,78.9425706472197,0.316473855030653,83.56,4,42024.5141030364,1,0.0775419698101819,522
"Significant_Damage_And_Serious_Injuries",38.4931506849315,13,8,61.2579762989973,0.342799134511359,75.94,3,30030.169592894,2,0.149641084203215,7418
"Significant_Damage_And_Fatalities",63.1963470319635,13,8,79.8997265268915,0.230285611251352,79.77,7,8232.84365471706,3,0.00140758473987318,5499
"Highly_Fatal_And_Damaging",72.3287671232876,7,2,62.0783956244303,0.485965380454381,77.36,2,47090.2569775878,3,0.63077436941814,9320
"Minor_Damage_And_Injuries",48.2648401826484,11,3,31.0847766636281,0.542582762351244,78.55,5,43627.7949755618,3,0.0289622518314474,1765
"Highly_Fatal_And_Damaging",17.3972602739726,16,2,92.9352780309936,0.15924341868013,86.08,4,22558.3597330324,2,0.0408942878895581,10656
"Significant_Damage_And_Fatalities",63.8812785388128,13,4,89.9726526891523,0.330177425171295,78.6,2,9023.69269986881,1,0.116198848524886,4958
"Highly_Fatal_And_Damaging",33.6529680365297,11,2,61.485870556062,0.322243779300397,77.79,4,24523.4215423173,3,0.0444837660915728,10379
"Minor_Damage_And_Injuries",50.365296803653,13,1,70.2825888787603,0.386073566534439,77.91,2,20374.9875573108,2,0.277637542715051,10373
"Significant_Damage_And_Fatalities",22.6027397260274,15,9,33.9562443026436,0.499308330328164,81.82,1,20124.3050610838,5,0.750477041789785,3008
"Significant_Damage_And_Fatalities",35.0684931506849,11,3,48.2224247948952,0.430069239091237,81.89,4,42374.4708608255,2,0.0775419698101819,9307
"Significant_Damage_And_Serious_Injuries",23.6986301369863,18,6,79.3983591613491,0.267429498737829,76.98,6,42461.7004356125,2,0.0109988106068976,4588
"Highly_Fatal_And_Damaging",44.7945205479452,8,6,62.2607110300821,0.346405337179949,79.51,4,40156.8143732675,1,0.0744920387271988,365
"Significant_Damage_And_Serious_Injuries",44.0639269406393,12,14,79.7629899726527,0.337029210241615,83.29,4,28225.4878267242,3,0.0514662385219508,10571
"Highly_Fatal_And_Damaging",40.7762557077626,16,9,53.0082041932544,0.424659935088352,83.6,2,28044.2954629533,2,0.381827221797328,6092
"Significant_Damage_And_Fatalities",38.9954337899543,10,7,51.8231540565178,0.539697800216372,78.91,1,24314.5667574427,3,0.901972619496758,1605
"Highly_Fatal_And_Damaging",13.6986301369863,18,17,71.1030082041933,0.222712585647313,79.85,3,19271.92218715,2,0.0959492507511792,9808
"Highly_Fatal_And_Damaging",21.2328767123288,15,0,57.5660893345488,0.439084745762712,75.04,4,39443.7243295459,0,0.0728120877547151,1016
"Significant_Damage_And_Fatalities",72.4657534246575,10,8,66.3172288058341,0.32116191849982,79.96,7,12090.3041953085,3,0.00141891090081298,1007
"Highly_Fatal_And_Damaging",52.2374429223744,13,11,55.2871467639016,0.350011539848539,78.98,2,43971.7104530714,3,0.590221750336164,11518
"Highly_Fatal_And_Damaging",20.5479452054795,15,5,79.3983591613491,0.393285971871619,78.32,4,37773.3553764435,3,0.0697014282624186,1356
"Significant_Damage_And_Serious_Injuries",51.2785388127854,10,3,73.746581586144,0.296279120086549,78.16,3,36295.1033532213,2,0.18124998691243,637
"Highly_Fatal_And_Damaging",29.3150684931507,13,14,62.2607110300821,0.375615578795528,82.12,4,35111.5284262414,2,0.0637233304662383,7030
"Significant_Damage_And_Fatalities",46.1187214611872,18,1,56.8824065633546,0.34604471691309,81.06,4,25229.7819974548,4,0.0453323988881035,5137
"Significant_Damage_And_Serious_Injuries",48.310502283105,10,26,54.7402005469462,0.390761630003606,82.82,3,28555.3581071901,2,0.143183126568889,109
"Highly_Fatal_And_Damaging",28.2648401826484,13,6,71.8322698268004,0.324046880634692,82.49,4,34977.6810000549,2,0.0639026705133312,5908
"Highly_Fatal_And_Damaging",40.365296803653,9,7,69.0519598906108,0.675651640822214,78.4,1,29433.3007197522,4,1.07538543423334,11684
"Minor_Damage_And_Injuries",42.5570776255708,16,14,67.6845943482224,0.390401009736747,79.01,1,34349.7064689016,2,1.26365508201826,11143
"Highly_Fatal_And_Damaging",59.4063926940639,7,1,75.38742023701,0.342077893977641,78.64,2,28780.4235482389,1,0.389500677257058,212
"Minor_Damage_And_Injuries",50.2283105022831,13,6,68.869644484959,0.278248106743599,76.58,7,31180.6080761859,1,0.00289262146645542,7316
"Significant_Damage_And_Serious_Injuries",35.5251141552511,14,5,65.8614402917047,0.399055896141363,78.75,4,48172.8472264607,3,0.0884428179454737,3070
"Minor_Damage_And_Injuries",58.4474885844749,11,2,69.3710118505014,0.337389830508475,80.83,2,34813.8032822669,3,0.470269642848667,25
"Minor_Damage_And_Injuries",36.8493150684931,17,4,80.9480401093892,0.28870609448251,78.05,2,33924.8014530873,3,0.458859033557303,4899
"Highly_Fatal_And_Damaging",21.5068493150685,15,3,65.587967183227,0.321883159033537,80.27,3,30363.1407518457,3,0.151493600815679,411
"Highly_Fatal_And_Damaging",22.0547945205479,15,19,79.9453053783045,0.267429498737829,80.98,4,15168.1726335733,4,0.0279296157916735,2574
"Significant_Damage_And_Serious_Injuries",36.7579908675799,14,1,78.6235186873291,0.386073566534439,82.88,5,37279.5592432923,2,0.0253444907773519,3222
"Highly_Fatal_And_Damaging",39.5433789954338,10,1,62.5341841385597,0.267790119004688,84.41,2,41316.1377313856,2,0.561565211364956,3085
"Minor_Damage_And_Injuries",46.4383561643836,11,0,52.6891522333637,0.410235124413992,76.96,4,41643.7682906453,0,0.0760172273487276,4907
"Significant_Damage_And_Fatalities",48.6301369863014,17,1,74.8860528714676,0.325489361702128,77.41,2,31396.9500820815,4,0.426352881331156,5990
"Highly_Fatal_And_Damaging",16.7123287671233,16,9,68.869644484959,0.267429498737829,81.87,4,22992.4679577301,3,0.0421404182107254,8453
"Significant_Damage_And_Serious_Injuries",46.8949771689498,11,0,73.1996353691887,0.221991345113595,81.82,6,47358.6935139444,1,0.0112415293720467,4446
"Highly_Fatal_And_Damaging",41.1415525114155,9,2,76.4357338195078,0.281854309412189,79.77,5,20490.6517189881,3,0.0136731176298007,9580
"Minor_Damage_And_Injuries",52.7397260273972,13,5,68.915223336372,0.28149368914533,81.06,5,28510.1224862741,2,0.0183988257543123,8106
"Significant_Damage_And_Serious_Injuries",71.7808219178082,10,2,37.2835004557886,0.577923548503426,82.96,5,38888.7530091818,1,0.0266561233781544,11139
"Highly_Fatal_And_Damaging",32.5570776255708,12,0,48.9061075660894,0.556286332491886,77.86,6,25352.4546389027,2,0.00592959349399768,8480
"Minor_Damage_And_Injuries",30.8675799086758,16,5,54.5578851412944,0.410235124413992,85.97,2,32417.9301673667,3,0.437800105252872,6612
"Significant_Damage_And_Serious_Injuries",47.8995433789954,11,1,84.2297174111213,0.245792282726289,79.88,3,21156.477787046,2,0.105168517981374,9619
"Minor_Damage_And_Injuries",52.4657534246575,9,0,55.6973564266181,0.500390191128741,76.32,6,23381.5905153679,1,0.005557064300179,2981
"Significant_Damage_And_Serious_Injuries",43.013698630137,12,3,82.3154056517776,0.18809304002885,79.76,3,29033.7904189909,3,0.145942988462053,827
"Highly_Fatal_And_Damaging",43.7899543378995,8,6,85.7793983591614,0.199632888568337,80.76,5,41205.6890305526,2,0.0279580962570193,2478
"Significant_Damage_And_Serious_Injuries",38.5844748858447,13,4,78.1677301731996,0.205402812838081,81.21,6,15127.5353999436,4,0.0038381878862144,12201
"Highly_Fatal_And_Damaging",34.4748858447488,11,0,70.1458523245214,0.337029210241615,79.21,4,25934.1184942047,3,0.0475281667429399,4803
"Minor_Damage_And_Injuries",74.1095890410959,5,4,49.4530537830446,0.397252794807068,87.08,7,13504.5464512098,1,0.00152275774844147,9716
"Highly_Fatal_And_Damaging",25.7077625570776,14,5,62.1695533272562,0.288345474215651,81.88,5,21541.920815782,2,0.0140645549945742,2961
"Highly_Fatal_And_Damaging",16.3470319634703,16,2,90.975387420237,0.297000360620267,79.43,7,34971.8903682901,2,0.00298808030856803,6029
"Highly_Fatal_And_Damaging",24.3835616438356,14,11,68.4138559708295,0.640671474936891,75.35,1,45416.5825159865,1,1.66957305446872,7629
"Minor_Damage_And_Injuries",43.3333333333333,15,15,63.7648131267092,0.421053732419762,76.82,2,23197.3294465658,2,0.309756512735612,8464
"Minor_Damage_And_Injuries",37.3972602739726,14,2,55.2415679124886,0.578644789037144,76.79,2,28456.00736787,3,0.383873272536627,2753
"Minor_Damage_And_Injuries",54.4748858447489,9,4,53.6463081130356,0.250119725928597,80.33,5,44671.269021864,2,0.0294822052768993,10592
"Significant_Damage_And_Fatalities",58.9954337899543,14,5,64.4029170464904,0.40374395961053,78.85,7,35634.8941329161,1,0.00307677052811736,4222
"Minor_Damage_And_Injuries",48.8584474885845,14,1,69.9179580674567,0.317195095564371,76.87,2,39202.4925208187,2,0.52920717852564,10254
"Minor_Damage_And_Injuries",59.4063926940639,11,32,76.9371011850502,0.381746123332131,80.83,2,32584.0146079089,2,0.440815074578912,7251
"Highly_Fatal_And_Damaging",18.310502283105,16,8,70.4193254329991,0.296639740353408,78.04,4,38935.4545879021,2,0.0717190222705393,264
"Minor_Damage_And_Injuries",23.6073059360731,18,0,56.1531449407475,0.34604471691309,79.57,3,37088.9440339128,3,0.183959103652925,7550
"Highly_Fatal_And_Damaging",7.03196347031963,19,6,68.4594348222425,0.411316985214569,82.48,4,25781.1457765779,3,0.0473518699492426,1910
"Highly_Fatal_And_Damaging",22.9680365296804,15,1,66.0437556973564,0.346405337179949,79.31,4,22310.9800560857,2,0.0409263541820256,8072
"Highly_Fatal_And_Damaging",28.2191780821918,13,6,64.4029170464904,0.32116191849982,78.59,4,27108.1286016377,3,0.0499833389656219,5749
"Minor_Damage_And_Injuries",45.296803652968,15,8,71.5587967183227,0.319358817165525,76.86,7,64297.6512179186,3,0.00440429373420935,7024
"Significant_Damage_And_Fatalities",64.0182648401826,13,5,75.8432087511395,0.28149368914533,78.35,7,26291.7035321627,2,0.00250016144798474,5734
"Highly_Fatal_And_Damaging",70.1369863013699,4,2,62.8076572470374,0.286181752614497,80.79,4,30706.3547663233,0,0.0561870785595682,3860
"Minor_Damage_And_Injuries",36.027397260274,14,2,29.4439380127621,0.774822214208438,79.66,6,28014.7185262694,4,0.00684331444711715,6890
"Minor_Damage_And_Injuries",49.7260273972603,10,4,56.1075660893346,0.537534078615218,81.09,4,27569.7208350064,3,0.0509205605879085,4065
"Minor_Damage_And_Injuries",56.62100456621,11,20,63.947128532361,0.448100252434187,78.12,4,39759.020002548,1,0.0728604655906755,12240
"Significant_Damage_And_Serious_Injuries",49.8173515981735,10,11,60.7110300820419,0.335947349441038,76.82,6,24548.4321880672,2,0.00605108745987546,4276
"Significant_Damage_And_Serious_Injuries",42.3287671232877,12,1,59.845031905196,0.430429859358096,81.44,6,23952.5525780103,2,0.00623447084626441,3876
"Significant_Damage_And_Serious_Injuries",29.9543378995434,16,5,61.6681859617138,0.484883519653804,78.23,4,42708.8544741583,3,0.0791980619761317,6329
"Highly_Fatal_And_Damaging",19.1780821917808,16,4,73.2452142206017,0.238940497655968,79.16,4,25252.7452231213,1,0.0451516518630109,2420
"Highly_Fatal_And_Damaging",28.0365296803653,13,6,61.3947128532361,0.423217454020916,77,1,33393.5930883868,1,1.22817096868824,7199
"Significant_Damage_And_Fatalities",36.7579908675799,10,2,53.2360984503191,0.621197980526505,79.53,7,27654.8299109068,0,0.00243360517719337,3010
"Highly_Fatal_And_Damaging",27.8995433789954,13,1,72.0145852324522,0.462525063108547,78.31,7,30792.2617001504,1,0.00280722767312088,8688
"Minor_Damage_And_Injuries",60.5479452054795,11,0,62.6253418413856,0.402662098809953,79.29,2,39632.6391817048,1,0.537374915697402,2324
"Significant_Damage_And_Serious_Injuries",33.6529680365297,15,21,64.2661804922516,0.445215290299315,75.55,6,32624.8226188518,3,0.00765408891041451,11646
"Significant_Damage_And_Fatalities",25.5707762557078,14,2,56.1531449407475,0.516978723404255,76.72,4,3971.09422585752,2,0.0167141370542601,1746
"Significant_Damage_And_Serious_Injuries",49.0867579908676,10,1,68.9608021877849,0.413120086548864,77.3,6,28154.2803480068,4,0.0067058787859423,6837
"Significant_Damage_And_Serious_Injuries",36.3013698630137,14,1,78.8058340929809,0.376336819329246,80.64,3,41727.7322607161,2,0.208475823050671,9849
"Significant_Damage_And_Fatalities",49.1780821917808,17,5,75.38742023701,0.382827984132708,79.01,6,34582.7331627845,1,0.0083982544312787,5183
"Significant_Damage_And_Serious_Injuries",62.3744292237443,7,0,66.1349134001823,0.266347637937252,78.12,3,53751.5578173994,1,0.27447787565096,8025
"Highly_Fatal_And_Damaging",34.2465753424658,11,1,73.1996353691887,0.316113234763794,81.73,1,42535.4615406625,2,1.56365104590688,10950
"Significant_Damage_And_Serious_Injuries",32.9223744292237,15,12,65.587967183227,0.282575549945907,78.3,6,37917.1797061165,1,0.00968780933756952,2969
"Significant_Damage_And_Fatalities",21.8721461187215,15,19,45.5332725615314,0.401219617742517,76.48,4,29722.8399085569,1,0.055051130714473,291
"Significant_Damage_And_Serious_Injuries",57.1689497716895,8,2,67.7301731996354,0.340274792643346,76.35,6,32554.6018713331,1,0.00802494825593194,10978
"Significant_Damage_And_Serious_Injuries",55.0228310502283,9,8,64.1750227894257,0.462885683375405,80.71,7,40277.3094684945,3,0.00365445166324481,9121
"Significant_Damage_And_Serious_Injuries",26.3470319634703,17,7,79.3983591613491,0.315752614496934,78.01,6,45239.9524774151,0,0.0115453696276444,6667
"Highly_Fatal_And_Damaging",44.337899543379,15,7,56.7456700091158,0.517339343671114,82.71,4,32035.2462117953,3,0.0583819270530569,7425
"Significant_Damage_And_Fatalities",68.4474885844749,12,2,59.5259799453054,0.469376848178867,83.23,4,49860.8188729973,2,0.0902752849258249,2756
"Highly_Fatal_And_Damaging",14.9771689497717,17,10,57.2470373746582,0.317555715831229,78.84,3,28986.6574792039,3,0.14597123365178,352
"Significant_Damage_And_Fatalities",24.7945205479452,14,12,47.538742023701,0.511930039668229,77.16,4,10313.8777973577,3,0.00727331278339437,9091
"Minor_Damage_And_Injuries",68.2191780821918,8,8,68.2771194165907,0.357223945185719,77.91,4,49898.0501197341,1,0.0897757319620174,6076
"Minor_Damage_And_Injuries",27.1232876712329,17,8,56.9279854147676,0.356142084385142,78.73,2,49516.4424657654,1,0.680017846372208,8486
"Significant_Damage_And_Serious_Injuries",62.5114155251141,6,5,63.126709206928,0.48993220338983,79.81,4,36294.3896081754,2,0.0659924427036663,5459
"Significant_Damage_And_Serious_Injuries",31.5981735159817,15,4,57.5205104831358,0.311425171294627,76.17,6,35198.4462620259,2,0.00840433624604243,11088
"Highly_Fatal_And_Damaging",22.6027397260274,15,3,76.7092069279854,0.494980887125856,82.06,6,12866.6100544267,2,0.00351369966576401,7421
"Significant_Damage_And_Serious_Injuries",42.4200913242009,12,17,88.0127620783956,0.271396321673278,79.63,6,26029.1632624791,2,0.00660342283671887,4078
"Highly_Fatal_And_Damaging",23.1506849315068,14,5,63.9015496809481,0.368403173458348,76.22,4,26548.8926588994,2,0.0484619583526901,669
"Significant_Damage_And_Fatalities",78.5844748858447,9,12,58.4776663628077,0.34965091958168,82.98,4,15186.5079522167,2,0.0261055313866679,11689
"Minor_Damage_And_Injuries",59.7716894977169,10,13,97.9945305378305,0.217663901911287,78.37,2,44244.903458707,4,0.599746500186085,8324
"Significant_Damage_And_Fatalities",31.3698630136986,12,9,51.2762078395624,0.422856833754057,77.96,2,17182.4727749403,1,0.234381066415303,4691
"Minor_Damage_And_Injuries",45.4794520547945,11,2,56.8824065633546,0.331980526505589,80.02,6,33961.7400444918,4,0.00840433624604243,10037
"Significant_Damage_And_Fatalities",12.4200913242009,18,21,44.7128532360985,0.580447890371439,82.15,1,33878.337631156,0,1.24112616899926,1582
"Significant_Damage_And_Serious_Injuries",58.675799086758,8,37,65.4512306289882,0.323325640100974,77.99,7,17341.3048298456,2,0.00205980454053262,3438
"Minor_Damage_And_Injuries",48.7671232876712,14,17,65.4968094804011,0.46108258204111,78.85,2,32441.0873612425,2,0.438933417929691,9066
"Minor_Damage_And_Injuries",42.6940639269406,16,22,57.4749316317229,0.477671114316625,81.89,6,32937.2182500384,2,0.00812064429298881,7853
"Minor_Damage_And_Injuries",75.9817351598173,6,29,65.9070191431176,0.399055896141363,75.41,7,13241.1540510458,0,0.00145523988109246,4837
"Minor_Damage_And_Injuries",62.1461187214612,6,20,45.4876937101185,0.48632600072124,76.01,3,26733.763247326,2,0.13411018996452,4073
"Minor_Damage_And_Injuries",59.041095890411,11,1,71.285323609845,0.319358817165525,76.93,2,36434.9776381681,3,0.488446051686494,7605
"Minor_Damage_And_Injuries",60.1369863013699,10,3,72.7438468550593,0.18052001442481,80.03,5,31149.0488689414,3,0.0204566081770176,7005
"Significant_Damage_And_Fatalities",43.5616438356164,19,4,80.4010938924339,0.337029210241615,82,7,20106.7303917632,4,0.00204650560727265,10270