"Severity","Safety_Score","Days_Since_Inspection","Total_Safety_Complaints","Control_Metric","Turbulence_In_gforces","Cabin_Temperature","Accident_Type_Code","Max_Elevation","Violations","Adverse_Weather_Metric","Accident_ID"
"Significant_Damage_And_Fatalities",48.8584474885845,17,2,66.5451230628988,0.383188604399567,77.04,7,11025.734744313,2,0.00145979657343352,4323
"Significant_Damage_And_Fatalities",53.7442922374429,16,4,64.0382862351869,0.445936530833032,83.26,7,11025.734744313,3,0.00124424510969441,9569
"Highly_Fatal_And_Damaging",27.4429223744292,13,6,81.3582497721058,0.237137396321673,76.94,2,23197.1080931768,2,0.315041983474647,11734
"Minor_Damage_And_Injuries",43.7899543378995,15,6,76.7092069279854,0.215500180310133,79.3,2,31078.8333618556,1,0.420569864297446,5929
"Significant_Damage_And_Serious_Injuries",35.7990867579909,14,3,61.3947128532361,0.341717273710782,79.29,2,29818.3011307671,3,0.401586606844553,9432
"Highly_Fatal_And_Damaging",26.1643835616438,14,6,73.3819507748405,0.368403173458348,81.15,3,42460.9864659944,3,0.211728167404242,5261
"Significant_Damage_And_Fatalities",31.0958904109589,12,3,56.4721969006381,0.466491886043996,84.42,1,33105.8525511885,1,1.22297120835898,7263
"Significant_Damage_And_Serious_Injuries",54.2465753424657,5,5,55.6517775752051,0.634180310133429,81.09,3,32656.9970926707,3,0.16258386348284,7886
"Significant_Damage_And_Serious_Injuries",55.1598173515982,9,10,66.2716499544212,0.346405337179949,79.17,7,40277.3094684945,1,0.00349145051029636,8904
"Minor_Damage_And_Injuries",42.5114155251142,16,2,59.9817684594348,0.318276956364948,81.2,2,31716.2273185735,1,0.42863320847532,2719
"Highly_Fatal_And_Damaging",18.1278538812785,16,7,62.0783956244303,0.466131265777136,77.48,7,26748.2070214776,2,0.00231036898663625,1483
"Highly_Fatal_And_Damaging",44.703196347032,8,10,62.1695533272562,0.345323476379372,78.47,1,51183.8825645968,1,1.88294981148486,8120
"Significant_Damage_And_Fatalities",50.2739726027397,17,6,80.4922515952598,0.240382978723404,79.31,7,32867.8635713521,2,0.00298099920855631,10186
"Minor_Damage_And_Injuries",46.6666666666667,14,4,78.4412032816773,0.308179588892896,80.33,2,35815.5275372957,2,0.485770798439809,105
"Highly_Fatal_And_Damaging",44.337899543379,15,2,55.6061987237922,0.309982690227191,81.71,2,32919.0524774902,2,0.444553307539715,788
"Minor_Damage_And_Injuries",46.5753424657534,11,1,52.5979945305378,0.396892174540209,80.38,2,15496.0861565499,4,0.22104033381928,10664
"Highly_Fatal_And_Damaging",51.0502283105023,13,4,54.922515952598,0.462525063108547,78.49,2,37853.1677471245,0,0.512298964759858,942
"Highly_Fatal_And_Damaging",24.7945205479452,14,8,80.6289881494986,0.431151099891814,86.43,4,33722.2487419582,3,0.0620699590838415,6003
"Highly_Fatal_And_Damaging",4.93150684931507,20,6,75.7976298997265,0.309622069960331,77.56,2,21259.7296655558,1,0.286821821953301,7054
"Significant_Damage_And_Fatalities",22.1917808219178,15,9,55.6973564266181,0.42177497295348,76.26,2,40716.7142099663,0,0.55117256042946,3527
"Minor_Damage_And_Injuries",56.2557077625571,12,13,62.8532360984503,0.312507032095204,79.3,5,41329.4435546774,3,0.0276128944227577,8547
"Highly_Fatal_And_Damaging",77.6712328767123,4,1,55.1504102096627,0.508684457266498,79.26,2,26033.5453776392,0,0.351388022143726,3208
"Highly_Fatal_And_Damaging",28.9041095890411,13,1,66.1349134001823,0.438363505228994,80.62,1,29021.2749490607,2,1.06635953548775,8280
"Minor_Damage_And_Injuries",48.1735159817352,14,1,67.4111212397448,0.491735304724126,83.24,2,16099.4774068421,2,0.219247711929046,12003
"Minor_Damage_And_Injuries",68.2648401826484,8,3,79.0337283500456,0.329456184637577,78.24,4,34292.3523245949,3,0.0627929235604574,3595
"Minor_Damage_And_Injuries",34.7488584474886,18,0,74.7493163172288,0.368763793725207,79.61,2,33730.6363753111,3,0.454764397208273,916
"Highly_Fatal_And_Damaging",50.7305936073059,7,6,65.6335460346399,0.358305805986296,81.14,4,50574.3894045332,3,0.0966690299438388,11526
"Significant_Damage_And_Serious_Injuries",39.4520547945205,13,5,66.4995442114859,0.416726289217454,81.4,3,31193.4661135602,2,0.156343719423514,3601
"Significant_Damage_And_Serious_Injuries",59.8173515981735,14,0,56.1531449407475,0.320440677966102,79.22,7,37177.3789253251,4,0.00373408886789247,6846
"Minor_Damage_And_Injuries",44.8858447488584,15,2,57.7028258887876,0.618673638658492,82.2,4,38660.0959485539,3,0.0701068078993242,5236
"Significant_Damage_And_Fatalities",35.0684931506849,11,6,54.876937101185,0.450263974035341,78.23,4,43204.1689916855,3,0.0792458322820857,9627
"Significant_Damage_And_Fatalities",44.4748858447489,8,0,53.9197812215132,0.432232960692391,77.48,4,35578.1607300997,3,0.0653570076442063,1972
"Minor_Damage_And_Injuries",41.324200913242,16,8,62.9443938012762,0.321522538766679,77.44,2,22318.1217237451,1,0.305041894227416,1812
"Minor_Damage_And_Injuries",47.7625570776256,14,1,71.0118505013674,0.427184276956365,77.69,6,40674.112655783,3,0.0101310412085936,10125
"Minor_Damage_And_Injuries",76.62100456621,6,21,64.8131267092069,0.399055896141363,77.45,5,35167.7193661579,1,0.0228367689591343,5805
"Highly_Fatal_And_Damaging",54.4292237442922,9,23,63.9015496809481,0.448100252434187,79.65,4,20375.8154327724,2,0.0379859608192468,10584
"Highly_Fatal_And_Damaging",24.2922374429224,14,12,57.5205104831358,0.388597908402452,85.17,4,23487.7294956704,3,0.0437840696939847,5705
"Minor_Damage_And_Injuries",50.2283105022831,13,6,67.18322698268,0.299885322755139,81.46,2,11938.9093113064,1,0.170460593515575,6129
"Significant_Damage_And_Fatalities",23.4703196347032,14,8,45.5332725615314,0.491014064190407,76.87,1,38783.3566123134,2,1.42675995572906,4477
"Highly_Fatal_And_Damaging",12.9680365296804,18,2,52.6891522333637,0.22379444644789,76.28,2,42018.9291056924,2,0.572514343273642,12361
"Highly_Fatal_And_Damaging",19.9086757990868,16,8,76.9371011850502,0.381746123332131,89.19,3,47592.316643138,2,0.234985280834006,8762
"Minor_Damage_And_Injuries",52.9223744292237,9,22,50.9115770282589,0.500390191128741,82.38,4,23634.9170656621,3,0.0437525280036623,8468
"Significant_Damage_And_Serious_Injuries",78.2191780821918,9,0,55.9252506836828,0.335226108907321,83.08,7,31809.6815618842,4,0.00260608261095233,10440
"Significant_Damage_And_Fatalities",40.5479452054794,20,8,40.975387420237,0.578284168770285,78.76,1,42902.3849751326,3,1.55691330768186,2069
"Minor_Damage_And_Injuries",38.3561643835616,13,1,54.3299908842297,0.375254958528669,79.51,6,32058.503196196,1,0.00773695886745635,5385
"Significant_Damage_And_Serious_Injuries",45.5707762557078,18,13,50.0911577028259,0.75246375766318,79.37,7,42628.3886404936,3,0.00412999471383646,8818
"Minor_Damage_And_Injuries",68.6301369863014,8,2,70.464904284412,0.322965019834114,75.58,2,46240.755011011,2,0.623420577171322,7060
"Highly_Fatal_And_Damaging",37.5799086757991,10,8,70.1914311759344,0.225597547782185,80.52,1,11940.7684814106,3,0.3894869352415,4295
"Significant_Damage_And_Serious_Injuries",55.2511415525114,8,3,80.0820419325433,0.502914532996754,77.16,3,33346.7855725603,0,0.166419156005053,466
"Significant_Damage_And_Fatalities",20.5479452054795,15,1,54.922515952598,0.357584565452579,76.3,5,48332.484809852,3,0.0331848565099239,4241
"Highly_Fatal_And_Damaging",30.9132420091324,12,3,64.2661804922516,0.419611251352326,81.98,1,24605.471319083,2,0.887893341795068,1846
"Significant_Damage_And_Fatalities",55.4337899543379,15,3,59.9817684594348,0.484522899386945,79.09,7,19488.0055234635,3,0.00172068366497551,6607
"Minor_Damage_And_Injuries",42.5570776255708,16,2,52.2789425706472,0.254447169130905,79.47,2,21369.8130817081,1,0.285906649419005,6356
"Minor_Damage_And_Injuries",48.4931506849315,14,4,67.9124886052872,0.352535881716553,81.82,2,16099.4774068421,2,0.219247711929046,458
"Significant_Damage_And_Fatalities",38.7671232876712,10,4,51.8231540565178,0.523830508474576,77.93,1,20181.4921511155,2,0.741000085873413,1553
"Highly_Fatal_And_Damaging",46.3470319634703,8,12,57.5205104831358,0.478392354850342,80.91,1,32176.8739290162,2,1.18372103996504,1889
"Minor_Damage_And_Injuries",45.0684931506849,15,1,72.2424794895169,0.248677244861161,78.8,2,41247.2138694394,2,0.559006907847623,6578
"Highly_Fatal_And_Damaging",37.3059360730594,10,0,73.7010027347311,0.357945185719437,76.85,1,8335.48049352774,2,0.359229270794809,1327
"Minor_Damage_And_Injuries",68.3561643835616,8,4,69.4621695533273,0.429347998557519,82.07,2,20514.7937829077,1,0.273757873803231,6106
"Minor_Damage_And_Injuries",47.9908675799087,14,3,97.9945305378305,0.303491525423729,82.28,1,32529.7644043405,1,1.18372103996504,1243
"Minor_Damage_And_Injuries",35.1141552511415,15,4,38.9699179580674,0.629852866931121,83.76,2,44821.4006674425,1,0.603019887158319,7248
"Significant_Damage_And_Serious_Injuries",42.1004566210046,12,0,70.1914311759344,0.408071402812838,77.91,3,32158.99176163,3,0.160120932295153,7586
"Significant_Damage_And_Fatalities",58.7214611872146,14,6,73.4275296262534,0.201435989902632,79.64,4,33256.4668152374,4,0.0608856857112103,8363
"Highly_Fatal_And_Damaging",43.6986301369863,8,4,68.3682771194166,0.377058059862964,77.89,1,28433.3299479963,2,1.05028681182213,7559
"Significant_Damage_And_Serious_Injuries",42.4200913242009,19,0,42.7985414767548,0.400858997475658,80.24,6,48492.967855099,4,0.0117759856610587,2233
"Significant_Damage_And_Fatalities",40.7762557077626,9,12,51.9143117593437,0.500750811395601,80.91,1,48659.2600483197,1,1.79913125355139,7870
"Significant_Damage_And_Serious_Injuries",34.4748858447488,15,5,72.5159525979946,0.413480706815723,76.79,6,21257.7006915419,1,0.00532697752793188,8493
"Minor_Damage_And_Injuries",54.1095890410959,12,6,49.3163172288059,0.444133429498738,87.23,5,20186.4970862225,1,0.0125144123549024,2396
"Significant_Damage_And_Serious_Injuries",26.5753424657534,17,8,76.7547857793984,0.307097728092319,78.12,6,49086.3279837267,0,0.0123576408107368,3615
"Significant_Damage_And_Fatalities",75.5251141552511,9,1,62.2607110300821,0.402662098809953,88.74,7,38521.3038909916,3,0.0035783671851997,4867
"Significant_Damage_And_Serious_Injuries",24.703196347032,18,2,62.0783956244303,0.523469888207717,79.31,3,26821.1457562417,1,0.134484836771453,2148
"Minor_Damage_And_Injuries",45.8904109589041,11,13,38.7876025524157,0.729023440317345,77.95,2,31671.9482328878,2,0.429274158143407,5922
"Highly_Fatal_And_Damaging",49.5890410958904,7,7,61.3035551504102,0.476228633249188,79.49,4,40130.086673228,2,0.0740408460528916,9734
"Highly_Fatal_And_Damaging",45.4794520547945,15,0,46.2625341841386,0.485965380454381,78.29,3,35578.1607300997,5,0.176883368384811,12164
"Significant_Damage_And_Serious_Injuries",34.1095890410959,15,1,72.5159525979946,0.3785005409304,80.98,5,34176.1227163592,2,0.0233574044157187,8155
"Minor_Damage_And_Injuries",50.2283105022831,10,14,44.8951686417502,0.485604760187523,86.59,4,30421.5882891684,1,0.055390533687851,10401
"Significant_Damage_And_Serious_Injuries",43.1963470319635,12,3,82.0419325432999,0.360108907320591,82.49,2,22106.5964598616,5,0.299887442870648,3181
"Significant_Damage_And_Serious_Injuries",35.0228310502283,14,10,62.3974475843209,0.403022719076812,78.66,3,29952.076015557,3,0.149717568801361,4145
"Significant_Damage_And_Serious_Injuries",62.283105022831,6,2,56.0619872379216,0.546910205553552,87.34,1,34941.6499416306,2,1.29244238360314,12116
"Highly_Fatal_And_Damaging",17.4429223744292,16,9,76.7547857793984,0.298803461954562,76.6,4,30726.5644703725,1,0.0576230616227392,11627
"Significant_Damage_And_Fatalities",43.7899543378995,19,19,75.38742023701,0.336307969707898,79.31,5,34924.7418304277,3,0.023547370390478,4010
"Highly_Fatal_And_Damaging",51.324200913242,13,2,56.1531449407475,0.462525063108547,75.97,1,21043.0745957428,2,0.773383504533066,9414
"Significant_Damage_And_Serious_Injuries",53.4703196347032,16,11,41.4767547857794,0.714238009376126,82.49,7,38340.917759317,2,0.00340601660499652,5609
"Significant_Damage_And_Serious_Injuries",79.6803652968037,7,14,56.7456700091158,0.311785791561485,83.87,7,24422.9434302412,4,0.00224562177398453,894
"Significant_Damage_And_Serious_Injuries",54.2922374429224,9,2,63.4457611668186,0.553401370357014,77.16,3,32266.1362314826,3,0.160110192147785,319
"Significant_Damage_And_Fatalities",56.1187214611872,15,31,77.1649954421149,0.271035701406419,83.56,3,15958.6430707348,3,0.0782363458011667,407
"Highly_Fatal_And_Damaging",31.2328767123288,12,6,66.4995442114859,0.321883159033537,79.51,1,40973.9095182754,2,1.52229250928503,4263
"Highly_Fatal_And_Damaging",39.5433789954338,16,8,55.0592525068368,0.317555715831229,77.27,3,32919.0524774902,0,0.163429578564379,9728
"Minor_Damage_And_Injuries",59.7716894977169,11,11,79.5806745670009,0.284018031013343,77.69,2,17326.7709003087,2,0.230157423859501,7369
"Significant_Damage_And_Fatalities",95.2511415525114,3,17,66.4995442114859,0.557368193292463,80.5,5,32768.2794642284,2,0.0215533582053583,4790
"Significant_Damage_And_Fatalities",36.7579908675799,10,13,56.9279854147676,0.366960692390912,77.24,2,30232.1460175973,3,0.412117131132194,2671
"Highly_Fatal_And_Damaging",20.958904109589,15,29,63.9015496809481,0.334504868373603,74.74,1,45416.5825159865,1,1.69386357691072,12249
"Highly_Fatal_And_Damaging",41.6438356164383,9,1,57.9762989972653,0.503996393797331,83.33,4,37987.349601721,2,0.0696924473309929,4391
"Significant_Damage_And_Serious_Injuries",50.5022831050228,10,0,71.0118505013674,0.279329967544176,78.59,3,30830.3940187457,1,0.15378800083089,1915
"Significant_Damage_And_Serious_Injuries",51.6438356164384,10,1,72.5615314494075,0.334865488640461,81.55,2,31661.6288095643,0,0.429074922493588,3547
"Minor_Damage_And_Injuries",68.7671232876712,8,7,60.0729261622607,0.453509556437072,78.29,2,29784.2743594728,3,0.403593936192003,6963
"Significant_Damage_And_Serious_Injuries",32.648401826484,15,0,86.2351868732908,0.309622069960331,81.32,5,39651.766046119,4,0.0267894186959753,11558
"Highly_Fatal_And_Damaging",52.2374429223744,13,3,55.5606198723792,0.493899026325279,78.08,1,36925.0352582009,0,1.36241964520764,1224
"Significant_Damage_And_Serious_Injuries",22.6940639269406,18,8,67.3655423883318,0.394007212405337,79.59,3,42500.2232326123,2,0.212243576123403,3586
"Significant_Damage_And_Fatalities",78.4474885844749,8,1,74.7948951686418,0.334504868373603,80.67,4,30551.9144715984,2,0.0560106003796652,9697
"Highly_Fatal_And_Damaging",43.7899543378995,8,2,60.665451230629,0.426102416155788,82.03,4,37353.2152049364,2,0.0684797739185114,1512
"Significant_Damage_And_Serious_Injuries",46.5753424657534,11,5,60.1640838650866,0.484883519653804,75.58,6,18993.2133203075,3,0.00482966112605034,6834
"Minor_Damage_And_Injuries",47.7168949771689,14,1,67.3199635369189,0.300606563288856,78.54,2,13192.6746411516,1,0.183480956433012,4014
"Highly_Fatal_And_Damaging",24.8858447488584,14,19,59.4804010938925,0.40374395961053,78.7,1,38266.75565052,0,1.4126370085277,10170
"Minor_Damage_And_Injuries",57.5342465753425,11,11,83.9106654512306,0.242907320591417,83.62,2,29926.3268578851,2,0.404401762084286,2162
"Minor_Damage_And_Injuries",33.5616438356164,15,6,55.4238833181404,0.317195095564371,79.73,6,24858.0729137173,2,0.00606686659497718,8257
"Significant_Damage_And_Fatalities",50.0456621004566,17,8,68.049225159526,0.527797331410025,83.82,7,11063.8680478305,2,0.00142941827528228,1650
"Minor_Damage_And_Injuries",42.283105022831,12,2,56.8824065633546,0.331980526505589,94.2,2,52077.3016680616,2,0.706982633990024,11626
"Highly_Fatal_And_Damaging",55.1141552511415,12,9,43.6645396536007,0.721450414713307,75.63,2,37455.3411742423,1,0.508501264493174,1583
"Highly_Fatal_And_Damaging",19.2237442922374,16,1,76.5268915223336,0.270314460872701,82.97,1,34379.3077561369,5,1.26276880923123,3189
"Significant_Damage_And_Fatalities",28.4018264840183,13,6,49.6809480401094,0.361551388388027,77.53,4,16337.4324888073,2,0.0288587321163898,11992
"Minor_Damage_And_Injuries",44.1095890410959,12,6,20.9662716499544,0.774822214208438,86.03,5,33020.6826803039,2,0.0221611608546171,7978
"Minor_Damage_And_Injuries",64.6118721461187,9,2,69.0519598906108,0.675651640822214,78.78,1,45741.2045089614,1,1.66043195531517,6143
"Highly_Fatal_And_Damaging",25.2511415525114,14,5,66.6362807657247,0.365878831590335,78.64,6,24892.5561259657,3,0.00609996954808046,1584
"Highly_Fatal_And_Damaging",50.3196347031963,13,0,56.1987237921604,0.462525063108547,79.05,2,43774.3397181047,2,0.592637233865426,1551
"Significant_Damage_And_Serious_Injuries",68.675799086758,11,4,53.7374658158614,0.603888207717274,77.3,7,30305.5164786489,4,0.00256331075226836,9180
"Minor_Damage_And_Injuries",58.1278538812785,11,5,64.0382862351869,0.429347998557519,78.52,2,26388.2532037129,3,0.35682265469168,1252
"Significant_Damage_And_Serious_Injuries",33.7899543378995,15,1,67.2743846855059,0.387516047601875,82.08,3,26977.6134522676,1,0.134484836771453,6214
"Significant_Damage_And_Fatalities",57.945205479452,15,2,70.8295350957156,0.2562502704652,77.99,7,28395.0640096999,2,0.00291877179851606,5974
"Highly_Fatal_And_Damaging",48.2648401826484,7,11,70.1458523245214,0.303491525423729,77.42,4,43364.8414997352,3,0.0792995204396203,11495
"Highly_Fatal_And_Damaging",16.1187214611872,17,5,59.9817684594348,0.330538045438154,77.75,4,34800.646575157,2,0.0637535413269475,10993
"Significant_Damage_And_Serious_Injuries",40.6849315068493,13,2,76.7547857793984,0.421053732419762,76.4,6,20989.95560083,1,0.00522411044585368,6233
"Significant_Damage_And_Serious_Injuries",33.9269406392694,15,0,67.0009115770283,0.527076090876307,79.92,3,51650.7242358015,2,0.26381468661784,6347
"Significant_Damage_And_Serious_Injuries",54.5205479452055,9,3,76.2989972652689,0.335226108907321,78.56,3,15868.4439388883,2,0.0772169276038119,4302
"Highly_Fatal_And_Damaging",30.7762557077626,12,4,74.61257976299,0.282936170212766,76.99,4,33036.6523319837,2,0.0600821670394064,12144
"Significant_Damage_And_Fatalities",17.3059360730594,16,6,47.2652689152234,0.493899026325279,77.48,1,34417.3177764866,1,1.2680776739922,5566
"Highly_Fatal_And_Damaging",33.972602739726,11,5,69.0975387420237,0.34965091958168,82.08,6,21061.7524346312,2,0.00538907479033693,7510
"Highly_Fatal_And_Damaging",55.1598173515982,5,0,63.6736554238833,0.289427335016228,81.26,1,30706.3547663233,2,1.12805616120711,5186
"Highly_Fatal_And_Damaging",25.5707762557078,14,8,71.8778486782133,0.22379444644789,76.66,1,49396.8764131783,2,1.9079256458467,11205
"Significant_Damage_And_Fatalities",28.9041095890411,13,0,56.9279854147676,0.40735016227912,81.23,2,24974.7417292489,2,0.334875768765211,6179
"Highly_Fatal_And_Damaging",23.3789954337899,15,5,80.4922515952598,0.218024522178146,79.33,1,31922.1003230797,2,1.16938261952195,12090
"Minor_Damage_And_Injuries",49.1780821917808,14,4,59.1157702825889,0.37489433826181,79.97,2,45878.8795912215,0,0.627669708960065,5325
"Highly_Fatal_And_Damaging",26.3013698630137,14,26,72.0145852324522,0.331980526505589,78.51,4,17884.8085447038,2,0.0311584829016707,2691
"Significant_Damage_And_Serious_Injuries",70.3196347031963,4,21,61.9416590701914,0.453509556437072,79.72,2,11806.5506664532,3,0.134834939340907,12265
"Minor_Damage_And_Injuries",51.0502283105023,13,6,64.7219690063811,0.52599423007573,78.34,4,51044.7091093402,2,0.0928046600866946,5365
"Significant_Damage_And_Serious_Injuries",37.8082191780822,14,5,71.9234275296263,0.27788748647674,75.96,2,30451.5660126614,2,0.411158531593447,1417
"Significant_Damage_And_Serious_Injuries",26.62100456621,17,3,78.7602552415679,0.304573386224305,78.11,3,49086.3279837267,3,0.243487495822933,11840
"Highly_Fatal_And_Damaging",22.2831050228311,15,6,92.1148587055606,0.238940497655968,80.09,4,30357.9858281984,2,0.0561870785595682,4146
"Significant_Damage_And_Fatalities",87.4885844748858,3,3,60.665451230629,0.314670753696357,78.03,1,38341.4628028992,1,1.41294969166559,8735
"Highly_Fatal_And_Damaging",31.5981735159817,12,0,73.3363719234275,0.333423007573026,84.99,4,43276.564582851,1,0.0785727187769532,1712
"Significant_Damage_And_Serious_Injuries",28.8127853881279,16,11,67.0920692798541,0.357223945185719,80.42,6,52430.4521165204,2,0.0128097660558823,8420
"Highly_Fatal_And_Damaging",40.0913242009132,10,0,72.1969006381039,0.282214929679048,78.69,4,23420.2099065194,2,0.0434693964976293,6756
"Minor_Damage_And_Injuries",49.2237442922374,14,4,65.8158614402917,0.251201586729174,78.64,1,18715.2577578968,0,0.693691258020829,2024
"Highly_Fatal_And_Damaging",17.5799086757991,16,0,62.8988149498633,0.477671114316625,77.65,4,26257.3879229299,1,0.0481755010618988,10466
"Significant_Damage_And_Serious_Injuries",57.3972602739726,8,16,75.8432087511395,0.287263613415074,78.43,6,36295.1033532213,2,0.00869241503050263,9855
"Significant_Damage_And_Fatalities",37.5799086757991,10,4,56.4266180492252,0.324407500901551,82.31,3,24779.9234269846,2,0.122043292647609,1151
"Minor_Damage_And_Injuries",45.3424657534247,15,14,66.8641750227894,0.276084385142445,81.15,2,40101.9196560567,4,0.541152830444993,12117
"Highly_Fatal_And_Damaging",12.4657534246575,18,0,55.6973564266181,0.633098449332852,78.46,4,40580.037740715,1,0.0735958717115776,9537
"Highly_Fatal_And_Damaging",24.8858447488584,14,5,80.6289881494986,0.381746123332131,78.54,1,38266.75565052,3,1.41050359096262,5266
"Significant_Damage_And_Serious_Injuries",28.4931506849315,16,16,76.4357338195078,0.28149368914533,78.54,6,37178.3769732465,1,0.00910387785121973,7350
"Significant_Damage_And_Serious_Injuries",39.1780821917808,13,1,61.5770282588879,0.492095924990984,79.33,5,36968.4632169266,2,0.0245347549298593,582
"Significant_Damage_And_Serious_Injuries",32.1004566210046,15,3,74.567000911577,0.251562206996033,78.16,3,39102.6953646139,1,0.19520099345621,3107
"Highly_Fatal_And_Damaging",30.7305936073059,12,3,67.5934366453965,0.255168409664623,86.13,4,38524.3318943146,0,0.0705965089914202,4685
"Significant_Damage_And_Fatalities",55.4337899543379,15,2,74.7948951686418,0.344241615578795,78.62,5,23744.0693140378,1,0.0156495657213551,5292
"Highly_Fatal_And_Damaging",40.365296803653,10,5,56.517775752051,0.404104579877389,76.18,3,7330.43313913308,1,0.0124778111374111,8600
"Significant_Damage_And_Serious_Injuries",51.7808219178082,10,3,84.0018231540565,0.2923122971511,79.37,6,48317.9303453667,3,0.0113451946341208,10166
"Minor_Damage_And_Injuries",66.8036529680365,5,11,50.5925250683683,0.498947710061305,81.52,3,29830.8511379732,1,0.147784430513303,8861
"Minor_Damage_And_Injuries",58.4474885844749,11,1,66.6362807657247,0.316834475297511,84.11,2,21374.9791131121,2,0.286821821953301,12404
"Significant_Damage_And_Fatalities",22.1004566210046,15,19,45.5332725615314,0.509405697800216,78.59,1,26597.1543122835,2,0.969928358500008,2806
"Highly_Fatal_And_Damaging",40.0913242009132,10,14,57.6572470373747,0.414923187883159,78.79,4,35977.0123074185,1,0.0658221949166717,2568
"Significant_Damage_And_Serious_Injuries",18.3561643835616,19,8,67.0920692798541,0.504717634331049,80.51,1,24135.4433661131,2,0.898387825256726,3998
"Significant_Damage_And_Serious_Injuries",40.9132420091324,12,1,73.2907930720146,0.246874143526866,78.2,3,40416.9034791059,0,0.200404041434698,4633
"Highly_Fatal_And_Damaging",55.4337899543379,12,1,56.0619872379216,0.493899026325279,77.75,2,40813.3057574463,3,0.549704567607398,12397
"Highly_Fatal_And_Damaging",1.41552511415525,21,5,64.1294439380128,0.419611251352326,81.93,4,36844.8682699557,2,0.0674837302135489,5321
"Minor_Damage_And_Injuries",62.1461187214612,10,10,68.2315405651778,0.347126577713667,83.01,2,28213.4276195929,3,0.381164849621306,9990
"Minor_Damage_And_Injuries",59.041095890411,11,3,69.3710118505014,0.337389830508475,82.14,2,38384.4318243461,0,0.518441261968944,8118
"Significant_Damage_And_Serious_Injuries",70.5022831050228,4,30,77.848678213309,0.35325712225027,80.45,2,30068.5787324876,2,0.405598313032733,5370
"Highly_Fatal_And_Damaging",28.9041095890411,13,0,68.3682771194166,0.417086909484313,79.6,1,28193.962254837,4,1.03719790787182,4085
"Minor_Damage_And_Injuries",50.1369863013699,13,25,65.2689152233364,0.340274792643346,77.05,1,27179.8728762575,1,1.00860793316672,10012
"Significant_Damage_And_Serious_Injuries",28.5388127853881,16,4,66.9097538742024,0.344241615578795,84.62,2,40840.646356118,0,0.552348029450647,2209
"Highly_Fatal_And_Damaging",17.7168949771689,16,2,62.1239744758432,0.369485034258925,83.65,3,34711.1482249364,4,0.17306668059366,12470
"Significant_Damage_And_Fatalities",66.2557077625571,12,8,62.7620783956244,0.46829498737829,78.31,7,25006.9347613322,2,0.00212425758602582,6118
"Highly_Fatal_And_Damaging",58.0821917808219,11,8,48.6782133090247,0.598839523981248,80.17,6,33579.7049880148,4,0.00899035486393975,6229
"Significant_Damage_And_Serious_Injuries",57.0776255707762,8,12,73.5186873290793,0.394367832672196,76.2,6,31378.0428279788,2,0.0076510888242451,2461
"Significant_Damage_And_Serious_Injuries",40.6392694063927,13,2,87.4658158614403,0.296279120086549,79.43,3,46306.1920701527,2,0.230849544177994,6210
"Highly_Fatal_And_Damaging",34.6118721461187,11,5,74.8860528714676,0.31358889289578,78.91,2,40754.7656202953,3,0.551381417627301,4029
"Significant_Damage_And_Serious_Injuries",49.5890410958904,10,14,56.3810391978122,0.466131265777136,77,3,20375.8154327724,2,0.102005621691898,8990
"Highly_Fatal_And_Damaging",39.041095890411,10,4,69.0063810391978,0.330898665705012,82.57,4,32342.3133839545,1,0.0593966255335747,8788
"Minor_Damage_And_Injuries",6.02739726027397,23,0,52.8714676390155,0.638507753335737,79.78,3,3855.7438170101,3,0.0335592574899424,11906
"Highly_Fatal_And_Damaging",59.4063926940639,11,18,30.7201458523245,0.734793364587089,79.88,6,45199.6611272208,1,0.0114089976100017,12111
"Minor_Damage_And_Injuries",56.5296803652968,11,10,85.0501367365543,0.25985647313379,81.53,7,36027.8612723001,2,0.00332243990236276,2741
"Highly_Fatal_And_Damaging",29.6803652968037,13,16,75.4785779398359,0.233531193653083,75.67,1,30384.1142456733,1,1.1096272722118,9253
"Minor_Damage_And_Injuries",52.4657534246575,9,1,53.0993618960802,0.325849981968986,80.03,3,29213.8409826863,3,0.1454599700403,1210
"Significant_Damage_And_Fatalities",61.7808219178082,13,13,66.4995442114859,0.376336819329246,79.42,7,45795.5029606522,4,0.00397746981857576,4043
"Highly_Fatal_And_Damaging",59.4063926940639,11,9,49.6353691886965,0.346405337179949,82.81,3,8981.31545951776,2,0.0335592574899424,3588
"Significant_Damage_And_Serious_Injuries",66.2557077625571,9,2,48.9061075660894,0.556286332491886,78.08,7,38888.7530091818,0,0.00366102100604195,6146
"Minor_Damage_And_Injuries",47.0319634703196,14,13,76.9826800364631,0.315752614496934,79.99,2,44315.605350123,2,0.601349976963937,3576
"Minor_Damage_And_Injuries",54.2465753424657,12,1,90.154968094804,0.298442841687703,78.02,1,21526.3242501482,3,0.80163630121652,7837
"Highly_Fatal_And_Damaging",49.4977168949772,7,0,64.3117593436645,0.347487197980527,83.58,1,33963.8106036965,2,1.24933997725514,1419