"Severity","Safety_Score","Days_Since_Inspection","Total_Safety_Complaints","Control_Metric","Turbulence_In_gforces","Cabin_Temperature","Accident_Type_Code","Max_Elevation","Violations","Adverse_Weather_Metric","Accident_ID"
"Highly_Fatal_And_Damaging",36.62100456621,10,0,73.746581586144,0.291230436350523,82.2,7,23788.1610053046,1,0.0021852795760138,7475
"Highly_Fatal_And_Damaging",30.1826484018265,12,20,85.9617137648131,0.351814641182834,77.26,3,30389.3208866958,2,0.150239798754167,9733
"Significant_Damage_And_Serious_Injuries",61.7808219178082,10,20,56.1987237921604,0.390761630003606,80.47,7,48569.5562852462,1,0.00460286344892508,10611
"Highly_Fatal_And_Damaging",58.310502283105,11,1,54.9680948040109,0.508684457266498,75.98,2,42084.5562508718,1,0.568908460170474,5217
"Highly_Fatal_And_Damaging",30.1826484018265,12,6,82.4521422060164,0.18809304002885,77.63,4,21267.7043733175,1,0.0383477654432181,6182
"Significant_Damage_And_Fatalities",31.5981735159817,12,3,56.8368277119417,0.586939055174901,83.58,1,39741.3462846585,2,1.46200242626009,9774
"Highly_Fatal_And_Damaging",59.6803652968037,14,7,39.8814949863264,0.729023440317345,77.27,2,31220.9491722684,2,0.421126243426699,3138
"Significant_Damage_And_Fatalities",11.324200913242,18,2,47.9033728350046,0.514093761269383,78.95,4,24455.0851973201,3,0.0449289157473636,6412
"Significant_Damage_And_Fatalities",82.2374429223744,7,6,62.5341841385597,0.278608727010458,77.55,4,29333.0700005052,1,0.0528874696253254,1468
"Highly_Fatal_And_Damaging",63.6529680365297,10,2,56.0164083865087,0.438724125495853,83.58,2,20482.4787022466,2,0.276520836417221,12206
"Highly_Fatal_And_Damaging",13.37899543379,18,8,68.003646308113,0.384270465200144,78.93,4,31041.7385112057,2,0.0577073115841411,9311
"Significant_Damage_And_Serious_Injuries",46.62100456621,11,0,60.3008204193255,0.504717634331049,87.47,6,28384.9667248429,0,0.00707764783638461,12031
"Highly_Fatal_And_Damaging",48.6301369863014,7,1,59.6171376481313,0.364796970789758,79.69,4,12320.2835343692,2,0.0220243693545426,9492
"Significant_Damage_And_Serious_Injuries",55.8447488584475,8,12,73.5186873290793,0.388958528669311,77.82,6,34199.8915692623,1,0.00901683250305683,4210
"Highly_Fatal_And_Damaging",29.0867579908676,20,8,54.876937101185,0.47911359538406,78.34,3,25239.6627058985,2,0.126257239142653,6835
"Highly_Fatal_And_Damaging",41.4155251141553,9,1,76.4357338195078,0.411316985214569,76.56,1,23350.8910565508,3,0.859539949194424,7876
"Significant_Damage_And_Serious_Injuries",55.1598173515982,8,5,85.6882406563355,0.298442841687703,81.38,3,35104.6529676528,3,0.175089764842475,10824
"Highly_Fatal_And_Damaging",35.9360730593607,11,4,78.0765724703738,0.20576343310494,80.24,4,33492.6098878444,1,0.0612742959425418,3672
"Significant_Damage_And_Serious_Injuries",50.958904109589,10,12,68.5050136736554,0.37489433826181,86.4,4,39759.020002548,3,0.0723885206448047,4195
"Minor_Damage_And_Injuries",32.7853881278539,15,5,47.2196900638104,0.407710782545979,78.37,1,37034.4056430355,2,1.35127487616787,4331
"Minor_Damage_And_Injuries",48.2648401826484,11,1,53.9197812215132,0.432232960692391,86.42,2,40909.5763164431,3,0.55559389881049,10082
"Significant_Damage_And_Serious_Injuries",40.5936073059361,13,1,65.9070191431176,0.502553912729895,79.64,6,37921.073992065,1,0.0100523656008629,12126
"Minor_Damage_And_Injuries",55.0684931506849,12,0,78.7602552415679,0.308179588892896,84.46,2,24784.6638712105,3,0.335627808937991,5008
"Minor_Damage_And_Injuries",65.7534246575342,9,5,53.327256153145,0.317916336098088,76.65,2,36219.5213082148,4,0.489011562768232,12115
"Minor_Damage_And_Injuries",45.0228310502283,15,0,66.1804922515953,0.252283447529751,80.09,2,33599.0902717774,0,0.45701321537677,9366
"Significant_Damage_And_Serious_Injuries",55.8447488584475,8,11,69.8723792160438,0.475146772448611,83.28,3,24641.4641548803,3,0.122543644144534,11362
"Highly_Fatal_And_Damaging",38.1278538812785,10,2,65.9981768459435,0.547992066354129,77.34,1,24314.5667574427,4,0.905640293986369,9156
"Highly_Fatal_And_Damaging",27.1689497716895,13,7,54.1932543299909,0.455312657771367,87,4,22442.6590784495,2,0.040289697526126,1298
"Minor_Damage_And_Injuries",29.8173515981735,16,7,49.0428441203282,0.374533717994951,81.18,5,32666.8093913512,1,0.0223891616717182,7672
"Highly_Fatal_And_Damaging",19.7716894977169,16,0,66.5907019143118,0.380303642264695,80.12,4,31164.4523117872,3,0.0569905136266613,1692
"Minor_Damage_And_Injuries",42.9680365296804,15,9,65.1321786690975,0.330898665705012,78.24,2,43812.8657268761,1,0.590221750336164,8067
"Significant_Damage_And_Serious_Injuries",41.9634703196347,12,12,62.2607110300821,0.403022719076812,78.85,6,38068.0704053001,0,0.00939969446993571,10806
"Significant_Damage_And_Fatalities",75.662100456621,10,9,57.5205104831358,0.351093400649116,83.72,7,29171.2113721281,2,0.00269001027366561,8588
"Minor_Damage_And_Injuries",53.9269406392694,12,23,63.6736554238833,0.258774612333213,77.94,3,10850.5497369271,3,0.0512797929867638,10778
"Minor_Damage_And_Injuries",29.8173515981735,16,10,49.0428441203282,0.280772448611612,78.95,4,26026.0289669448,2,0.0484508667497566,7271
"Minor_Damage_And_Injuries",50.5936073059361,13,4,70.4193254329991,0.361190768121168,81.26,4,32908.2936804925,0,0.059734503402076,7776
"Highly_Fatal_And_Damaging",15.9817351598174,17,10,84.2752962625342,0.293394157951677,83.22,2,48513.2945923516,3,0.664582259241775,3304
"Highly_Fatal_And_Damaging",26.9406392694064,13,6,61.4402917046491,0.268511359538406,81.1,4,33355.8640395299,2,0.0614525873393909,3484
"Highly_Fatal_And_Damaging",44.5205479452055,15,2,55.6061987237922,0.286902993148215,77.83,2,26770.2625354896,3,0.361178741073384,4487
"Highly_Fatal_And_Damaging",42.2374429223744,9,8,58.7055606198724,0.29591849981969,80.55,4,22429.8625953409,3,0.040335527894257,3934
"Significant_Damage_And_Fatalities",65.662100456621,12,2,79.1704649042844,0.230646231518211,79.63,7,37614.5594211291,1,0.00348072307499041,4901
"Minor_Damage_And_Injuries",77.6712328767123,2,3,76.6180492251596,0.455673278038226,76.18,4,49986.899410661,2,0.0914887092870471,690
"Minor_Damage_And_Injuries",24.8858447488584,17,17,37.739288969918,0.399416516408222,80.71,2,30393.2366090176,2,0.408795983721773,9964
"Highly_Fatal_And_Damaging",31.6438356164384,12,5,66.0893345487694,0.266347637937252,76.79,1,24354.5471226108,3,0.898387825256726,4932
"Highly_Fatal_And_Damaging",37.7625570776256,17,21,41.4311759343665,0.537894698882077,78.76,3,10571.2705834972,3,0.0560173007963913,2781
"Minor_Damage_And_Injuries",39.4520547945205,17,4,63.947128532361,0.264183916336098,78.4,3,38340.1216892705,2,0.191468099821186,1525
"Significant_Damage_And_Serious_Injuries",54.8401826484018,9,28,73.0173199635369,0.330898665705012,77.85,7,3470.00217523393,1,0.00130788409456497,9899
"Significant_Damage_And_Fatalities",89.0867579908676,6,0,66.4995442114859,0.311785791561485,79.06,5,35730.8971408857,2,0.0247122141214261,2133
"Significant_Damage_And_Serious_Injuries",45.5251141552511,11,1,58.6144029170465,0.470458708979445,82.34,6,28815.4272617912,2,0.00743860219406398,4542
"Significant_Damage_And_Serious_Injuries",34.7945205479452,14,11,58.7511394712853,0.448100252434187,78.15,3,45004.0013982202,2,0.224051804560772,12022
"Highly_Fatal_And_Damaging",48.6301369863014,7,6,76.7547857793984,0.293033537684818,75.88,4,42688.6369208672,3,0.0786903089512543,6529
"Significant_Damage_And_Serious_Injuries",33.7442922374429,15,7,70.1458523245214,0.317195095564371,78.58,3,19783.4713532385,2,0.0999430144336609,2087
"Minor_Damage_And_Injuries",41.324200913242,16,18,67.3655423883318,0.398334655607645,81.86,7,19804.4945726575,1,0.00203790191549944,3726
"Highly_Fatal_And_Damaging",18.2191780821918,16,8,59.6171376481313,0.338111071042192,76.95,4,21620.8716439398,1,0.0396756532782891,5019
"Highly_Fatal_And_Damaging",42.6940639269406,9,5,63.4457611668186,0.256610890732059,81.53,1,29887.2364975067,1,1.10323463410754,1992
"Highly_Fatal_And_Damaging",38.9954337899543,10,1,62.8076572470374,0.286181752614497,75.31,4,18426.2771409882,4,0.0340977244601301,7408
"Minor_Damage_And_Injuries",65.9817351598173,9,18,65.2689152233364,0.334865488640461,82.3,2,33226.1306928098,3,0.450817704051099,11861
"Minor_Damage_And_Injuries",28.5844748858447,20,1,73.6554238833182,0.384270465200144,81.15,4,26274.6928894615,2,0.0478716294768382,10872
"Highly_Fatal_And_Damaging",44.8401826484018,8,22,71.9690063810392,0.318637576631806,81.9,7,64297.6512179186,3,0.0043835591564751,5870
"Significant_Damage_And_Fatalities",24.1552511415525,14,3,53.5095715587967,0.392204111071042,81.06,2,33591.98082476,1,0.453693975116104,168
"Significant_Damage_And_Serious_Injuries",38.5844748858447,13,5,65.587967183227,0.31358889289578,76.49,4,47507.7168742865,2,0.086532665384485,7958
"Minor_Damage_And_Injuries",68.7671232876712,8,18,65.2233363719235,0.399055896141363,76.33,5,45578.4418966956,1,0.0294822052768993,7100
"Significant_Damage_And_Serious_Injuries",29.0867579908676,16,2,81.175934366454,0.289427335016228,81.7,6,29272.4724491861,1,0.00735070789169167,5699
"Significant_Damage_And_Fatalities",19.4063926940639,15,3,53.3728350045579,0.472261810313739,79.46,4,27296.4950902876,2,0.0496227386047458,7082
"Minor_Damage_And_Injuries",33.013698630137,15,0,54.3755697356427,0.25264406779661,81.05,4,27350.1299160024,1,0.0503793565096615,2129
"Minor_Damage_And_Injuries",55.0228310502283,12,1,50.9571558796719,0.439445366029571,86.34,2,35580.6487001058,3,0.483125215393737,1337
"Minor_Damage_And_Injuries",36.3013698630137,18,1,74.7493163172288,0.389679769203029,81.15,4,37047.5511597612,3,0.0672971342373965,10234
"Highly_Fatal_And_Damaging",18.5388127853881,16,12,62.4430264357338,0.314670753696357,77.53,6,33914.1168763119,1,0.0091876148524485,2742
"Minor_Damage_And_Injuries",42.9680365296804,16,2,65.9981768459435,0.329456184637577,77.69,5,39029.8335148224,1,0.0260124136604809,11098
"Minor_Damage_And_Injuries",50.2283105022831,10,5,49.2707383773929,0.384991705733862,81.43,7,43968.5942589294,1,0.0038460374795458,5148
"Highly_Fatal_And_Damaging",34.3835616438356,18,0,50.820419325433,0.439445366029571,82.31,2,55189.5058157731,0,0.751591484711042,2257
"Significant_Damage_And_Serious_Injuries",25.9817351598173,17,4,59.6171376481313,0.52960043274432,80.19,3,24122.306625314,1,0.120097892914509,10299
"Highly_Fatal_And_Damaging",56.2557077625571,12,40,55.4694621695533,0.72758095924991,79.66,3,39022.5829015647,3,0.194834612062384,8894
"Highly_Fatal_And_Damaging",30.3196347031963,12,6,68.4138559708295,0.277526866209881,81.39,4,40821.1958847229,2,0.0748983296849029,1606
"Highly_Fatal_And_Damaging",54.703196347032,6,4,80.0364630811304,0.224876307248467,80.41,1,33186.7208096816,3,1.21979394983259,8584
"Minor_Damage_And_Injuries",57.5342465753425,11,1,77.073837739289,0.242186080057699,83.17,2,34747.0264561264,3,0.47115359277493,5995
"Significant_Damage_And_Fatalities",80.5936073059361,8,14,56.8368277119417,0.502914532996754,76.41,7,36458.5802116072,2,0.00294921862398122,11271
"Highly_Fatal_And_Damaging",55.2511415525114,11,2,48.4958979033728,0.691158312297151,80.47,2,42231.8232408344,3,0.568969119985746,10803
"Significant_Damage_And_Fatalities",50.2739726027397,17,14,59.7994530537831,0.469376848178867,76.04,7,22951.8359276977,3,0.00232829982073789,843
"Minor_Damage_And_Injuries",6.02739726027397,21,0,52.8714676390155,0.431151099891814,77.82,7,35901.4803701807,1,0.00302207857730641,8216
"Highly_Fatal_And_Damaging",12.9680365296804,18,9,66.0893345487694,0.254447169130905,75.25,4,22535.7301853887,0,0.0409263541820256,6680
"Highly_Fatal_And_Damaging",13.6986301369863,17,0,63.4001823154057,0.251922827262892,78.2,7,36059.2215837245,3,0.0031164589957626,7830
"Minor_Damage_And_Injuries",42.6940639269406,16,22,67.6845943482224,0.255529029931482,83.03,4,31925.7427834017,2,0.0583819270530569,4356
"Minor_Damage_And_Injuries",40.1826484018265,16,3,59.2980856882407,0.439084745762712,81.38,2,44363.1891191291,3,0.59878965413607,2730
"Minor_Damage_And_Injuries",48.9041095890411,14,17,72.926162260711,0.391482870537324,75.29,2,25016.3637851441,0,0.337996374568915,6951
"Highly_Fatal_And_Damaging",25.662100456621,14,3,62.2607110300821,0.461803822574828,83.19,4,28465.3542383815,3,0.0520472009284067,9079
"Highly_Fatal_And_Damaging",49.1780821917808,7,8,86.0072926162261,0.484522899386945,83.19,1,23785.9624040255,3,0.870409654339999,7117
"Minor_Damage_And_Injuries",48.1735159817352,14,4,78.4412032816773,0.308179588892896,78.54,5,43972.097174903,2,0.0303240089034753,223
"Highly_Fatal_And_Damaging",46.3470319634703,14,16,49.6353691886965,0.437281644428417,77.89,3,26137.024085075,1,0.128573249180056,4422
"Significant_Damage_And_Serious_Injuries",55.8447488584475,8,2,70.3737465815861,0.293754778218536,85.64,7,38405.2090260466,2,0.00343491068101924,6547
"Significant_Damage_And_Fatalities",55.0228310502283,15,2,72.971741112124,0.391122250270465,81.56,7,15088.7811089102,2,0.00143197936716161,10020
"Minor_Damage_And_Injuries",59.1324200913242,11,3,71.285323609845,0.19494482509917,77.96,5,32944.3336789672,2,0.0218634673868009,5540
"Significant_Damage_And_Serious_Injuries",76.3926940639269,10,4,51.0027347310848,0.717844212044716,76.02,7,38888.7530091818,1,0.00362883820388502,2740
"Significant_Damage_And_Serious_Injuries",55.2511415525114,8,12,63.126709206928,0.563138117562207,76.09,3,43209.8141033971,3,0.214244804931175,1629
"Highly_Fatal_And_Damaging",48.4474885844749,7,8,88.0583409298086,0.29591849981969,75.35,1,31117.2543741181,4,1.13918135716842,1189
"Highly_Fatal_And_Damaging",9.68036529680365,18,2,60.9845031905196,0.401940858276235,76.66,2,32729.7199588753,3,0.442732958866139,10190
"Minor_Damage_And_Injuries",59.7716894977169,7,21,49.9544211485871,0.435478543094122,80.98,5,26065.453806062,3,0.0169084447733504,890
"Significant_Damage_And_Fatalities",63.9269406392694,13,4,75.38742023701,0.333062387306166,78.64,7,31746.6344259787,2,0.00269001027366561,3925
"Significant_Damage_And_Fatalities",24.3835616438356,14,6,45.5332725615314,0.359387666786873,77.68,2,31355.6134925982,3,0.424285998664813,696
"Highly_Fatal_And_Damaging",28.9497716894977,13,0,68.3682771194166,0.398695275874504,81.48,2,40840.646356118,0,0.551040805007,4369
"Highly_Fatal_And_Damaging",42.2374429223744,9,11,70.8751139471286,0.404465200144248,82.08,4,49040.7161051711,3,0.0905924441864506,423
"Significant_Damage_And_Serious_Injuries",13.9269406392694,21,7,77.073837739289,0.32116191849982,81.31,6,31750.404675562,1,0.00812807991710159,5778
"Significant_Damage_And_Fatalities",76.3926940639269,9,12,62.0328167730173,0.385352326000721,85.99,7,29171.2113721281,3,0.00261196102218459,5943
"Significant_Damage_And_Fatalities",28.9041095890411,13,0,48.7237921604376,0.51156941940137,81.05,1,29636.502041771,3,1.0963361566327,5081
"Highly_Fatal_And_Damaging",42.648401826484,9,1,80.6289881494986,0.223433826181031,81.61,1,27215.1381955832,3,1.00860793316672,5549
"Minor_Damage_And_Injuries",57.4429223744292,11,11,49.6353691886965,0.543664623151821,82.23,7,39795.0430095228,3,0.00365795623306935,5375
"Highly_Fatal_And_Damaging",31.2328767123288,12,11,60.4831358249772,0.556646952758745,75.94,1,27127.9246077737,5,0.996497974431902,6161
"Highly_Fatal_And_Damaging",32.7397260273973,19,0,56.8368277119417,0.786362062747926,79.64,3,19494.8587357381,2,0.0945616410103572,3711
"Significant_Damage_And_Fatalities",68.675799086758,11,11,69.0063810391978,0.253725928597187,79.08,7,31719.3083634286,1,0.00272892777569951,12094
"Significant_Damage_And_Serious_Injuries",45.0684931506849,11,6,72.5615314494075,0.351454020915975,77.72,3,31439.4684756778,3,0.157836605440154,12290
"Minor_Damage_And_Injuries",41.8264840182648,12,1,41.6134913400182,0.645359538406058,78.9,7,24600.5650962669,3,0.00214851180289885,6997
"Significant_Damage_And_Serious_Injuries",29.9543378995434,16,0,65.1321786690975,0.396892174540209,80.12,6,38525.4141826784,2,0.0100523656008629,8255
"Highly_Fatal_And_Damaging",38.2648401826484,10,0,71.285323609845,0.417808150018031,84.92,4,40160.7024034573,2,0.0745708540130751,7607
"Highly_Fatal_And_Damaging",21.2785388127854,15,11,74.7493163172288,0.428266137756942,81.15,1,22087.4860136636,3,0.815759669125553,8917
"Minor_Damage_And_Injuries",58.1278538812785,11,5,84.0018231540565,0.351093400649116,81.38,2,35354.6491535324,2,0.478306032390798,1642
"Significant_Damage_And_Serious_Injuries",33.2420091324201,15,2,67.3655423883318,0.50796321673278,80.98,3,30071.5775620962,2,0.149447389548586,11887
"Significant_Damage_And_Serious_Injuries",49.5890410958904,10,5,61.8505013673656,0.245792282726289,77.29,6,30026.5544078845,3,0.00750347899208399,4096
"Significant_Damage_And_Serious_Injuries",35.5251141552511,14,15,76.9371011850502,0.45387017670393,84.28,6,33944.6431410097,1,0.00827087688296575,2543
"Minor_Damage_And_Injuries",35.3881278538813,18,1,70.2370100273473,0.387516047601875,87.11,1,24312.5763266109,3,0.890281948019857,4383
"Significant_Damage_And_Fatalities",44.2009132420091,19,0,65.587967183227,0.279329967544176,78.41,2,22969.338276676,2,0.3116315447563,11745
"Highly_Fatal_And_Damaging",38.0821917808219,10,2,58.7055606198724,0.29591849981969,77.13,4,28183.3231299795,2,0.0520195059207914,11754
"Significant_Damage_And_Serious_Injuries",40.0456621004566,13,0,76.7547857793984,0.242907320591417,81.04,5,27417.5994528457,2,0.0184651464079909,2723
"Minor_Damage_And_Injuries",56.9406392694064,11,17,69.9179580674567,0.307097728092319,76.56,5,16673.2615031679,1,0.0116003338192722,5587
"Minor_Damage_And_Injuries",42.9680365296804,15,4,77.894257064722,0.243989181391994,81.73,2,37085.8747636847,4,0.498635558744046,844
"Significant_Damage_And_Fatalities",62.3744292237443,13,7,42.0237010027347,0.589824017309773,79.58,7,31898.6401662182,2,0.00287100899711365,5313
"Highly_Fatal_And_Damaging",54.4292237442922,12,4,56.9735642661805,0.542582762351244,81.72,2,37342.6506214657,2,0.50630490065634,3585
"Significant_Damage_And_Serious_Injuries",50.8219178082192,10,15,55.6973564266181,0.311785791561485,78.28,3,35207.3986716271,2,0.175837529631438,9327
"Significant_Damage_And_Fatalities",39.6803652968037,20,3,61.6226071103008,0.444133429498738,81.06,7,13790.8744728662,3,0.00145979657343352,10278
"Minor_Damage_And_Injuries",68.6301369863014,8,1,70.464904284412,0.322965019834114,76.4,5,44036.8146613431,1,0.0297081807839066,10436
"Minor_Damage_And_Injuries",40.1826484018265,16,7,61.5314494074749,0.237858636855391,80.22,2,40686.3843910211,2,0.551381417627301,12259
"Highly_Fatal_And_Damaging",43.2876712328767,9,24,83.7739288969918,0.433675441759827,86.36,7,25796.9485308804,2,0.00241405163548066,750
"Highly_Fatal_And_Damaging",40.7762557077626,16,6,53.2360984503191,0.724335376848178,78.55,3,45350.7603179123,2,0.222405152487079,616
"Significant_Damage_And_Fatalities",61.8264840182648,13,13,75.7520510483136,0.311064551027768,76.93,7,32690.6257735184,3,0.00302253034884826,12200
"Significant_Damage_And_Serious_Injuries",38.4018264840183,13,2,59.9817684594348,0.375254958528669,83.96,3,13468.0085006978,2,0.0639965250235573,11962
"Highly_Fatal_And_Damaging",41.7808219178082,9,6,52.0510483135825,0.380303642264695,79.66,3,14515.7951542876,2,0.0753155639194272,6567
"Highly_Fatal_And_Damaging",22.9223744292237,15,0,63.3546034639927,0.57648106743599,78.18,4,40729.8147773945,0,0.0743977203306093,211
"Significant_Damage_And_Fatalities",57.1232876712329,15,7,57.5205104831358,0.444133429498738,79.6,7,47578.1608846135,2,0.00440429373420935,1688
"Minor_Damage_And_Injuries",49.4520547945205,14,4,68.0948040109389,0.369845654525784,78.42,2,28208.2593702175,2,0.379538266965003,7771
"Highly_Fatal_And_Damaging",48.4474885844749,7,1,76.7547857793984,0.293033537684818,80.2,6,23412.7822849923,0,0.00613719639258931,2615
"Highly_Fatal_And_Damaging",4.93150684931507,20,2,89.8814949863263,0.215139560043274,77.91,4,38564.129227285,2,0.0701503302031917,8856
"Highly_Fatal_And_Damaging",49.2694063926941,14,6,52.0966271649954,0.490292823656689,83.57,2,37251.6714030235,1,0.504117435127591,1110
"Significant_Damage_And_Fatalities",41.689497716895,20,2,62.6253418413856,0.383188604399567,79.01,7,13538.0919469124,2,0.00124424510969441,3899
"Significant_Damage_And_Serious_Injuries",22.1917808219178,18,2,59.024612579763,0.278608727010458,78.17,3,42046.750939801,2,0.209489040782661,5802
"Minor_Damage_And_Injuries",46.8036529680365,11,1,50.7748404740201,0.62660728452939,76.26,1,10587.3525848917,3,0.202495647194575,11948
"Minor_Damage_And_Injuries",37.4429223744292,17,15,69.5989061075661,0.333423007573026,76.33,2,26900.7028554629,2,0.365529248280753,7423
"Highly_Fatal_And_Damaging",40.7762557077626,16,11,53.2360984503191,0.524191128741435,82.71,1,21022.7432680221,3,0.775459295221691,5577
"Highly_Fatal_And_Damaging",55.1141552511415,12,2,43.6645396536007,0.585496574107465,80.19,3,37438.206200471,2,0.18564707587063,10700
"Significant_Damage_And_Fatalities",20.1826484018265,15,0,53.9197812215132,0.469376848178867,77.63,4,36624.2796276571,1,0.0674726358380376,12153
"Significant_Damage_And_Serious_Injuries",51.1872146118721,10,6,73.746581586144,0.347847818247385,78.64,3,29213.2781256254,0,0.145829384318565,2466
"Highly_Fatal_And_Damaging",1.41552511415525,22,2,63.9015496809481,0.353617742517129,80.86,3,25720.9164075718,2,0.128896401917114,8846
"Significant_Damage_And_Serious_Injuries",49.2694063926941,10,0,65.4512306289882,0.505078254597908,77.55,5,31051.2779663587,0,0.0200302301072619,861
"Minor_Damage_And_Injuries",53.1506849315068,12,3,61.485870556062,0.514093761269383,77.55,7,25648.6676085747,0,0.00236697142542173,9016
"Significant_Damage_And_Fatalities",14.4748858447489,17,3,38.1494986326345,0.705583122971511,77.67,6,31647.884323696,2,0.00802494825593194,7049
"Significant_Damage_And_Serious_Injuries",49.7260273972603,10,11,77.5296262534184,0.31394951316264,84.8,6,53200.8631540441,2,0.0130417779497398,1887
"Significant_Damage_And_Fatalities",70.0913242009132,11,1,68.4594348222425,0.421053732419762,79.23,7,25251.1155579363,3,0.00226741238790717,9944
"Minor_Damage_And_Injuries",49.3150684931507,14,6,37.6481312670921,0.54041904075009,77.9,3,46367.3704328815,2,0.231087541271551,8682
"Significant_Damage_And_Serious_Injuries",29.634703196347,16,13,70.0091157702826,0.198190407500902,77.27,6,39117.4599820194,0,0.0093983482120637,8933
"Highly_Fatal_And_Damaging",28.6301369863014,13,1,97.6754785779398,0.208287774972954,81.39,4,23086.0226940907,2,0.0427864059446497,55
"Significant_Damage_And_Fatalities",62.3744292237443,13,5,61.0300820419326,0.485965380454381,77.62,7,17343.6622157536,1,0.00179098046175975,1142
"Minor_Damage_And_Injuries",51.7808219178082,13,12,57.8851412944394,0.426823656689506,80.07,2,39313.0059564466,2,0.534664927361894,10983
"Highly_Fatal_And_Damaging",2.73972602739726,23,4,66.9097538742024,0.363715109989181,77.62,4,35962.4219910256,2,0.0659924427036663,4471
"Highly_Fatal_And_Damaging",27.6255707762557,13,2,65.6791248860529,0.55123764875586,75.8,2,23197.3294465658,1,0.314050656397823,8858
"Highly_Fatal_And_Damaging",50.5022831050228,13,22,45.897903372835,0.804753696357736,77.55,2,24034.9567110232,0,0.328620657287925,5927
"Highly_Fatal_And_Damaging",16.1187214611872,17,3,82.5888787602553,0.218745762711864,79.15,4,41380.2006558883,3,0.076505897644789,646
"Highly_Fatal_And_Damaging",28.9041095890411,13,0,68.3682771194166,0.388237288135593,84.21,2,31748.2529497146,3,0.42863320847532,7589
"Significant_Damage_And_Fatalities",68.8584474885845,11,9,81.5861440291705,0.296279120086549,79.62,7,36737.2575783467,4,0.00312164948656344,9275
"Significant_Damage_And_Serious_Injuries",20.4109589041096,19,5,66.6362807657247,0.368403173458348,78.73,2,40716.7142099663,2,0.55117256042946,4759
"Significant_Damage_And_Fatalities",68.675799086758,11,4,73.9288969917958,0.43619978362784,83.07,7,26023.2072563315,3,0.00234866035558456,4883
"Significant_Damage_And_Serious_Injuries",55.6164383561644,8,12,77.6663628076573,0.276084385142445,84.48,5,53200.8631540441,2,0.0351650331134311,10523
"Highly_Fatal_And_Damaging",27.8538812785388,13,8,71.0574293527803,0.306376487558601,86.57,4,37158.7255184061,3,0.0679645047747395,7667
"Minor_Damage_And_Injuries",52.4657534246575,13,7,85.0957155879672,0.199632888568337,77.95,5,45783.5276614128,2,0.0316153311067691,10679
"Highly_Fatal_And_Damaging",30,13,3,61.6681859617138,0.346405337179949,78.66,4,36292.1949816483,1,0.0657649417158369,4022
"Significant_Damage_And_Serious_Injuries",56.8949771689498,8,2,100,0.214418319509556,84.83,3,41662.6922278005,3,0.208414226253688,11402
"Significant_Damage_And_Fatalities",39.5433789954338,21,11,68.5505925250684,0.23100685178507,77.86,7,26992.7869170996,2,0.00214351929204433,1154
"Highly_Fatal_And_Damaging",54.4292237442922,12,8,44.8951686417502,0.621197980526505,80.25,4,45343.9869773539,3,0.0838515457532471,4490
"Minor_Damage_And_Injuries",71.5981735159817,7,19,76.5268915223336,0.374533717994951,77.69,2,19525.85738177,2,0.252547764645463,6398
"Minor_Damage_And_Injuries",43.6529680365297,12,10,51.0938924339107,0.341717273710782,82.45,4,29832.3547137758,2,0.0544450648103602,12490
"Significant_Damage_And_Serious_Injuries",54.5205479452055,9,3,76.2989972652689,0.258774612333213,79.47,3,27417.5994528457,0,0.135850462114308,9548
"Significant_Damage_And_Fatalities",16.4840182648402,16,2,47.2652689152234,0.514093761269383,80.47,2,30701.4903580148,3,0.416733810413223,8472
"Minor_Damage_And_Injuries",57.351598173516,11,7,65.2233363719235,0.348929679047962,80.84,2,28248.2003469655,1,0.382297819488116,12061
"Significant_Damage_And_Fatalities",32.5570776255708,12,3,57.0191431175934,0.399777136675081,80.27,7,25794.580871847,3,0.00228169437294458,347
"Highly_Fatal_And_Damaging",2.64840182648402,21,4,64.1294439380128,0.245792282726289,85.22,7,28326.8604547061,0,0.00270436622546922,717
"Highly_Fatal_And_Damaging",20.958904109589,15,1,80.6289881494986,0.396892174540209,85.3,4,39527.6388068,0,0.0731233481438206,10655
"Minor_Damage_And_Injuries",49.0867579908676,10,0,66.9097538742024,0.302770284890011,79.24,7,41567.5210621664,2,0.00376240883215811,7779
"Minor_Damage_And_Injuries",53.8812785388128,12,8,70.1002734731085,0.228482509917057,75.05,5,20520.7410460176,4,0.0146382192559913,11078
"Significant_Damage_And_Serious_Injuries",16.6666666666667,20,9,67.6390154968095,0.505078254597908,80.51,1,36873.0707665609,2,1.34636408457868,6813
"Minor_Damage_And_Injuries",39.7260273972603,17,4,69.4165907019143,0.246874143526866,81.95,2,32990.9149372376,1,0.447798128438708,8522
"Minor_Damage_And_Injuries",56.5753424657534,12,6,70.1914311759344,0.316834475297511,80.37,2,38350.7195579992,0,0.519355070097568,1636
"Significant_Damage_And_Fatalities",40.1369863013699,20,3,66.6818596171377,0.35325712225027,78.09,7,28356.8132043199,0,0.00276350539336952,6124
"Highly_Fatal_And_Damaging",44.4292237442922,8,4,60.5742935278031,0.476228633249188,82.03,3,18214.706269736,3,0.0892549623370623,2565