"Severity","Safety_Score","Days_Since_Inspection","Total_Safety_Complaints","Control_Metric","Turbulence_In_gforces","Cabin_Temperature","Accident_Type_Code","Max_Elevation","Violations","Adverse_Weather_Metric","Accident_ID"
"Minor_Damage_And_Injuries",45.0228310502283,15,3,68.003646308113,0.339914172376487,78.97,2,31468.2381566985,1,0.425813096340294,3146
"Significant_Damage_And_Serious_Injuries",42.283105022831,12,24,60.665451230629,0.413120086548864,79.59,6,38068.0704053001,1,0.00964423065045325,7381
"Significant_Damage_And_Serious_Injuries",23.6073059360731,18,0,79.535095715588,0.229203750450775,79.53,2,33067.6244116376,2,0.44742024933316,10650
"Significant_Damage_And_Serious_Injuries",44.1552511415525,12,7,70.0091157702826,0.421414352686621,81.15,4,24783.1501492149,3,0.0453050042984426,4031
"Significant_Damage_And_Serious_Injuries",48.3561643835616,10,26,57.5660893345488,0.30313090515687,79.43,6,40114.3609726391,2,0.00957553756891347,5555
"Highly_Fatal_And_Damaging",4.79452054794521,20,8,78.4867821330902,0.332701767039307,79.62,4,45004.8195801942,0,0.0817928467836764,2186
"Minor_Damage_And_Injuries",23.8812785388128,18,8,56.7912488605287,0.315752614496934,77.75,3,40489.778982726,1,0.20178360182813,7704
"Significant_Damage_And_Fatalities",59.4520547945205,14,1,83.1358249772106,0.269953840605842,80.44,7,36962.1315429362,0,0.00362218377914123,6344
"Significant_Damage_And_Fatalities",36.2557077625571,11,5,49.4530537830446,0.531042913811756,81.15,4,33871.586283706,3,0.061879301225348,10382
"Significant_Damage_And_Serious_Injuries",26.3013698630137,17,26,71.0574293527803,0.380664262531554,78.56,6,31651.9369994542,1,0.00811692898317286,8859
"Minor_Damage_And_Injuries",40.4109589041096,16,2,69.2342752962625,0.323686260367832,77.17,2,36086.8999557426,2,0.490557059053893,158
"Highly_Fatal_And_Damaging",36.62100456621,10,10,65.4056517775752,0.578644789037144,82.41,4,25615.582228896,2,0.0469165754029135,5144
"Highly_Fatal_And_Damaging",43.4703196347032,9,1,73.746581586144,0.296279120086549,79.08,4,39875.6120144522,2,0.0726141852542702,4662
"Significant_Damage_And_Fatalities",65.296803652968,12,1,60.3919781221513,0.231728092318788,78.5,7,43558.4831611401,2,0.00416866205100374,6949
"Significant_Damage_And_Serious_Injuries",43.7899543378995,12,3,71.6955332725615,0.183044356292824,79.48,4,25252.7452231213,2,0.0462706745428268,1928
"Significant_Damage_And_Serious_Injuries",30.0913242009132,16,14,68.5050136736554,0.400498377208799,81.26,6,14682.3514161364,2,0.00316250427677456,4266
"Minor_Damage_And_Injuries",52.5114155251141,13,2,65.4512306289882,0.46108258204111,81.53,7,26534.3553750206,1,0.0022271417831696,3207
"Minor_Damage_And_Injuries",48.9954337899543,10,35,54.7402005469462,0.456394518571944,80.47,6,21422.786802028,1,0.00526925718600814,8195
"Highly_Fatal_And_Damaging",20.1826484018265,15,2,65.9981768459435,0.537173458348359,79.71,4,31682.6709389972,4,0.0563295397232032,2359
"Highly_Fatal_And_Damaging",27.0776255707763,13,1,69.3710118505014,0.224876307248467,81.37,4,28510.1224862741,1,0.0515663632026278,9519
"Minor_Damage_And_Injuries",44.0182648401826,12,15,55.7885141294439,0.412038225748287,86.13,3,30428.3031280998,2,0.152337945102486,7186
"Minor_Damage_And_Injuries",40.9132420091324,16,8,80.4466727438469,0.375976199062387,76.92,7,49461.7985956107,2,0.00436632490027057,12030
"Significant_Damage_And_Serious_Injuries",39.6803652968037,13,2,62.1239744758432,0.493899026325279,80.52,4,21612.7535707374,1,0.0398260252450034,9724
"Significant_Damage_And_Serious_Injuries",40.7762557077626,13,5,76.7547857793984,0.272117562206996,76.2,3,33861.5536967773,3,0.16750355692314,1045
"Significant_Damage_And_Serious_Injuries",26.5296803652968,17,7,77.1194165907019,0.344602235845654,87.43,6,49095.2502059493,2,0.0123576408107368,5526
"Significant_Damage_And_Fatalities",32.6940639269406,12,2,50.8659981768459,0.534288496213487,81.05,1,31571.3496204891,1,1.1631821282771,8839
"Minor_Damage_And_Injuries",50.2739726027397,13,0,63.6736554238833,0.334865488640461,77.8,6,37010.4431579161,2,0.00842757143418226,6294
"Minor_Damage_And_Injuries",62.648401826484,6,4,52.506836827712,0.311064551027768,78.37,7,40237.2227765323,3,0.00343491068101924,6346
"Significant_Damage_And_Fatalities",34.6575342465753,11,5,53.7374658158614,0.551598269022719,86.47,4,33871.586283706,3,0.0621158717936855,1594
"Significant_Damage_And_Fatalities",44.5662100456621,8,6,49.6353691886965,0.471540569780022,77.25,1,21043.0745957428,3,0.776282603426491,8123
"Highly_Fatal_And_Damaging",44.4292237442922,15,3,54.876937101185,0.309982690227191,79.89,2,31487.5567418341,2,0.42706926105018,3382
"Highly_Fatal_And_Damaging",30.9132420091324,12,16,63.7192342752963,0.290509195816805,86.48,1,27823.0505835169,2,1.02097092355983,4731
"Minor_Damage_And_Injuries",48.3561643835616,10,13,40.0638103919782,0.782395239812477,77.93,5,28108.6735227329,2,0.0180341118872252,6697
"Highly_Fatal_And_Damaging",23.0593607305936,14,16,74.9316317228806,0.457115759105661,81.85,1,55934.468569702,3,2.04849047999187,1628
"Highly_Fatal_And_Damaging",46.027397260274,8,1,69.1886964448496,0.445215290299315,83.81,4,32120.7446139385,4,0.0592292289020824,6319
"Minor_Damage_And_Injuries",19.5433789954338,20,10,53.5551504102097,0.408792643346556,78.34,5,34956.4722310962,1,0.0236869511129471,6524
"Highly_Fatal_And_Damaging",45.1598173515982,8,29,71.9690063810392,0.362633249188604,82.36,7,18887.3161579666,2,0.00160333832093662,5890
"Minor_Damage_And_Injuries",50.2739726027397,10,6,54.9680948040109,0.348929679047962,76.3,3,20025.4433586623,0,0.0999430144336609,7496
"Minor_Damage_And_Injuries",35.3881278538813,18,1,76.6180492251596,0.281133068878471,77.56,4,26233.4523381533,3,0.0478716294768382,1480
"Highly_Fatal_And_Damaging",28.7214611872146,13,2,62.5341841385597,0.396892174540209,82.46,1,33951.8558365343,2,1.24945876649406,5827
"Significant_Damage_And_Fatalities",25.9817351598173,14,0,48.0856882406563,0.589824017309773,82.72,1,29636.502041771,3,1.08269875185483,7977
"Highly_Fatal_And_Damaging",53.013698630137,6,4,63.3546034639927,0.256610890732059,79.26,1,32855.9350745416,1,1.19895525832586,8397
"Highly_Fatal_And_Damaging",72.3287671232876,7,7,41.5679124886053,0.571071763433105,77.28,2,28164.484567923,3,0.381682846576649,2686
"Minor_Damage_And_Injuries",45.4794520547945,11,0,56.9279854147676,0.409153263613415,79.29,6,41643.7682906453,2,0.0100247500426134,8958
"Highly_Fatal_And_Damaging",21.3698630136986,15,0,67.4567000911577,0.523469888207717,79.71,6,36445.5066953549,2,0.00926439171560809,9684
"Significant_Damage_And_Fatalities",25.2511415525114,14,22,45.5332725615314,0.721450414713307,78.96,3,29692.0223611367,3,0.14794422081512,731
"Minor_Damage_And_Injuries",60.5479452054795,10,12,68.5050136736554,0.377418680129823,79.71,2,21098.2703267995,1,0.285534039048003,139
"Highly_Fatal_And_Damaging",5.75342465753425,20,2,74.1567912488605,0.223433826181031,78.58,4,31988.0198052666,4,0.0583819270530569,400
"Significant_Damage_And_Serious_Injuries",46.986301369863,11,0,77.073837739289,0.272117562206996,79.03,3,24609.0335512452,0,0.121366162400479,1008
"Highly_Fatal_And_Damaging",13.37899543379,17,18,70.5560619872379,0.274641904075009,79.85,6,47198.4160831705,2,0.0118191106726495,3715
"Minor_Damage_And_Injuries",32.8767123287671,19,5,79.6262534184139,0.199993508835196,83.54,5,25752.5205427094,2,0.0176558251102843,9439
"Highly_Fatal_And_Damaging",22.7853881278539,15,7,73.4275296262534,0.368403173458348,89.19,6,47592.316643138,2,0.0116993176601363,6286
"Highly_Fatal_And_Damaging",12.9680365296804,17,34,66.4995442114859,0.417808150018031,81.97,6,15658.6848708857,3,0.00351369966576401,6558
"Significant_Damage_And_Serious_Injuries",31.9634703196347,15,3,63.7192342752963,0.335947349441038,82.1,2,44363.1891191291,2,0.598166042993753,2744
"Significant_Damage_And_Serious_Injuries",48.7214611872146,11,1,76.6180492251596,0.281854309412189,84.41,3,36736.2901448529,2,0.183310929287326,8745
"Minor_Damage_And_Injuries",59.1324200913242,11,1,65.6335460346399,0.305294626758024,86.57,2,28901.6079461952,2,0.391521518878939,1404
"Highly_Fatal_And_Damaging",19.1780821917808,16,5,66.3172288058341,0.416365668950595,80.42,2,43290.0146033709,3,0.584702320998745,2185
"Significant_Damage_And_Fatalities",21.2785388127854,15,1,54.7857793983592,0.481277316985214,76.07,4,36683.4599205663,2,0.0671881005094446,1288
"Highly_Fatal_And_Damaging",29.4520547945205,13,13,78.3044667274385,0.32116191849982,83.81,2,32806.2895663649,2,0.442732958866139,8438
"Minor_Damage_And_Injuries",71.5981735159817,7,0,57.2470373746582,0.268871979805265,78.48,4,22841.7634088089,3,0.0427579131486447,6820
"Highly_Fatal_And_Damaging",49.6803652968036,7,1,80.355515041021,0.228843130183916,79.3,5,48352.0147996316,0,0.0331997693473138,7569
"Minor_Damage_And_Injuries",25.662100456621,17,3,49.5897903372835,0.439445366029571,78.72,4,15714.1901232461,2,0.0297420079274472,5207
"Highly_Fatal_And_Damaging",16.8036529680365,16,9,75.6608933454877,0.388237288135593,76.6,1,38752.9477457052,3,1.42491830921864,877
"Significant_Damage_And_Fatalities",76.8949771689498,9,1,73.4731084776664,0.214418319509556,77.09,1,16008.6132698744,2,0.589488708275267,6771
"Minor_Damage_And_Injuries",38.3561643835616,14,14,56.9279854147676,0.538976559682654,79.61,5,38518.2859294847,2,0.0262599118503814,2036
"Highly_Fatal_And_Damaging",69.4520547945205,8,0,54.1932543299909,0.392564731337901,81.06,2,40360.6120851516,1,0.545838815985827,3735
"Significant_Damage_And_Fatalities",46.1187214611872,18,0,48.5414767547858,0.4145625676163,83.01,1,23728.3517080817,2,0.879176919566217,939
"Significant_Damage_And_Serious_Injuries",26.4383561643836,17,1,82.0875113947128,0.262020194734944,78.05,3,26032.9419014836,3,0.128131027077609,7708
"Highly_Fatal_And_Damaging",7.76255707762557,19,0,65.3144940747493,0.312507032095204,82.36,4,41598.3759461506,2,0.0760172273487276,9006
"Significant_Damage_And_Serious_Injuries",57.1689497716895,8,7,73.2907930720146,0.397974035340786,77,3,30933.8277395381,1,0.154595209902065,8236
"Highly_Fatal_And_Damaging",51.8721461187215,6,0,67.228805834093,0.273199423007573,78.77,6,34905.791923836,2,0.00850597118339987,1503
"Minor_Damage_And_Injuries",58.4474885844749,11,8,76.8915223336372,0.428266137756942,78.52,2,9065.40417066948,3,0.116198848524886,6702
"Highly_Fatal_And_Damaging",56.5753424657534,12,13,56.0619872379216,0.350011539848539,81.55,4,15186.5079522167,1,0.0264588314136203,12085
"Highly_Fatal_And_Damaging",42.648401826484,8,0,69.8723792160438,0.355060223584565,77.02,4,28529.8656412909,4,0.0519373150685612,847
"Significant_Damage_And_Fatalities",75.4337899543379,10,1,59.1613491340018,0.46829498737829,86.39,7,28059.4669715016,2,0.00273357546202374,6350
"Significant_Damage_And_Serious_Injuries",80.3196347031963,8,13,53.9653600729262,0.451706455102777,87.1,7,25859.179796715,2,0.00219345580164505,7715
"Significant_Damage_And_Fatalities",62.3744292237443,13,13,69.5077484047402,0.246874143526866,78.11,7,46564.1105882428,3,0.00386405157779022,439
"Minor_Damage_And_Injuries",51.0502283105023,13,3,64.7219690063811,0.354699603317706,78.87,2,46608.2720139824,1,0.63077436941814,249
"Minor_Damage_And_Injuries",64.9315068493151,9,3,82.1786690975388,0.248316624594302,80.26,2,31326.1114601091,2,0.424712504159189,718
"Significant_Damage_And_Fatalities",58.0821917808219,14,2,79.1704649042844,0.254086548864046,80.65,4,25486.8254567764,1,0.0468091662274168,9816
"Significant_Damage_And_Serious_Injuries",48.310502283105,10,38,64.4940747493163,0.467213126577713,79.65,3,42049.7757475593,3,0.209489040782661,11152
"Minor_Damage_And_Injuries",61.2785388127854,10,3,60.4831358249772,0.262380815001803,77.31,2,41329.4435546774,2,0.561565211364956,3561
"Significant_Damage_And_Fatalities",65.4337899543379,12,0,60.3919781221513,0.231728092318788,78.5,7,33393.2531864311,2,0.00332942826290784,9888
"Significant_Damage_And_Serious_Injuries",66.5753424657534,9,2,45.897903372835,0.657981247746123,78.27,7,26885.1576261271,3,0.00229126092821169,7803
"Significant_Damage_And_Serious_Injuries",32.4657534246575,15,18,64.9498632634458,0.551598269022719,86.13,6,43319.3836375384,1,0.0106970316356193,9681
"Significant_Damage_And_Serious_Injuries",55.1598173515982,8,13,66.1349134001823,0.362633249188604,76.37,3,58297.4802661454,0,0.274062713800626,35
"Highly_Fatal_And_Damaging",23.1506849315068,14,0,62.5341841385597,0.314670753696357,81.8,3,38605.1262744008,1,0.192253394616584,23
"Significant_Damage_And_Fatalities",59.3150684931507,14,2,79.1704649042844,0.224876307248467,80.65,7,39422.7956136891,0,0.00354472954428243,5507
"Minor_Damage_And_Injuries",57.2602739726027,11,5,81.4038286235187,0.236776776054814,81.61,2,31529.7623234607,1,0.42760965194734,649
"Significant_Damage_And_Serious_Injuries",38.5844748858447,13,8,70.8751139471286,0.205402812838081,79.05,3,34397.7574159421,1,0.170714949985897,5377
"Significant_Damage_And_Serious_Injuries",37.1689497716895,14,14,70.1914311759344,0.391482870537324,81.85,3,31728.6566869053,1,0.155315702244462,7051
"Significant_Damage_And_Serious_Injuries",20.4109589041096,19,2,77.3473108477666,0.355781464118283,76.75,1,33776.6521906592,1,1.23976926623189,6767
"Minor_Damage_And_Injuries",48.9954337899543,14,22,66.7730173199635,0.387876667868734,78.64,2,35694.2901603896,1,0.483069686878617,2551
"Significant_Damage_And_Serious_Injuries",24.3835616438356,18,6,59.6171376481313,0.273560043274432,78.16,3,29492.566397426,2,0.147062137926573,9599
"Highly_Fatal_And_Damaging",32.5114155251142,12,9,62.9443938012762,0.63021348719798,79.15,4,31875.4521246688,0,0.0592921596021897,7261
"Highly_Fatal_And_Damaging",23.4246575342466,15,23,74.7493163172288,0.532124774612333,77.94,1,42573.9353524322,2,1.56177524617291,5404
"Significant_Damage_And_Serious_Injuries",18.9041095890411,19,8,58.7511394712853,0.445936530833032,78.49,3,27487.6888024332,3,0.136461853886764,3734
"Minor_Damage_And_Injuries",33.013698630137,18,2,64.3117593436645,0.449903353768481,80.19,4,30175.0468331215,0,0.0557229960185177,7499
"Significant_Damage_And_Serious_Injuries",41.1415525114155,12,0,76.9371011850502,0.40013775694194,77.81,3,32158.99176163,4,0.160237023074609,11418
"Minor_Damage_And_Injuries",73.37899543379,6,2,72.7894257064722,0.331980526505589,77.04,3,29146.6878538815,2,0.145942988462053,1133
"Minor_Damage_And_Injuries",37.4429223744292,14,4,52.9170464904284,0.325849981968986,78.64,3,30464.2328578244,2,0.151103535537813,7935
"Significant_Damage_And_Fatalities",69.3607305936073,11,31,81.5861440291705,0.226679408582762,80.36,5,23758.0297826798,1,0.0154811954456512,3292
"Minor_Damage_And_Injuries",36.8493150684931,17,7,80.4010938924339,0.243628561125135,75.69,2,36467.4242409076,2,0.488446051686494,2130
"Highly_Fatal_And_Damaging",37.4885844748858,10,0,68.6417502278943,0.333062387306166,76.63,4,33945.4313005177,2,0.0618771557932251,12463
"Significant_Damage_And_Serious_Injuries",33.013698630137,15,0,70.8295350957156,0.313228272628922,78.03,3,37868.6045618699,3,0.189029307357235,12074
"Significant_Damage_And_Serious_Injuries",41.9634703196347,12,2,66.4539653600729,0.423938694554634,81.53,3,32349.2373608048,1,0.160237023074609,3179
"Significant_Damage_And_Fatalities",38.310502283105,11,2,45.1686417502279,0.543304002884962,77.41,1,36638.3487690938,4,1.36336943621395,9921
"Significant_Damage_And_Fatalities",60,14,17,66.362807657247,0.319719437432383,78.24,7,34641.5118628154,4,0.00327379124862773,3103
"Minor_Damage_And_Injuries",52.9680365296804,9,3,34.9134001823154,0.61939487919221,78.55,3,28014.7185262694,2,0.138895000959278,12228
"Significant_Damage_And_Serious_Injuries",42.5114155251142,12,4,59.7538742023701,0.493899026325279,75.58,6,30312.6031560311,1,0.00716115285602777,1536
"Significant_Damage_And_Fatalities",55.0228310502283,15,4,67.4111212397448,0.491735304724126,76.92,4,16629.6337259716,2,0.0304735173357446,8654
"Highly_Fatal_And_Damaging",20.3196347031963,15,1,65.0865998176846,0.523469888207717,80.44,1,26762.0712962178,2,0.982298600892843,6268
"Significant_Damage_And_Fatalities",45.0228310502283,19,4,62.6253418413856,0.30313090515687,80.96,3,39157.2593815732,1,0.196190986200713,8935
"Significant_Damage_And_Serious_Injuries",46.4840182648402,11,2,85.5970829535096,0.362993869455463,77.73,3,25735.8047537328,3,0.128131027077609,11702
"Significant_Damage_And_Serious_Injuries",41.7808219178082,13,11,63.3546034639927,0.298442841687703,78.01,4,43459.9317547451,4,0.0803234247115428,4296
"Highly_Fatal_And_Damaging",55.7534246575342,5,7,71.6043755697357,0.243989181391994,77.52,4,32124.9732288063,2,0.0586465282610382,11397
"Significant_Damage_And_Fatalities",51.5981735159817,17,1,68.0948040109389,0.452067075369635,81.92,7,40677.5102914524,3,0.00371635357795485,1229
"Minor_Damage_And_Injuries",61.0045662100457,10,1,76.8915223336372,0.426823656689506,75.8,5,17382.2184242078,1,0.0101667407392639,1165
"Minor_Damage_And_Injuries",56.027397260274,12,13,63.6736554238833,0.258413992066354,81.83,2,31503.4535809663,2,0.42687048810901,9015
"Significant_Damage_And_Fatalities",72.0091324200913,11,7,75.7976298997265,0.272117562206996,78.16,7,36485.4300529179,3,0.0032646245817578,8602
"Highly_Fatal_And_Damaging",46.2557077625571,8,8,66.2260711030082,0.456394518571944,81.44,4,42414.4038324728,1,0.0771509846485153,5025
"Minor_Damage_And_Injuries",51.5981735159817,13,9,84.9134001823154,0.214418319509556,77.52,3,30095.00139223,2,0.149717568801361,1002
"Significant_Damage_And_Serious_Injuries",50.2283105022831,16,7,0,0.600282005048683,81.82,7,45290.8837505859,3,0.00417600932533172,5305
"Significant_Damage_And_Fatalities",42.1004566210046,19,0,76.5724703737466,0.281854309412189,76.17,2,42688.6369208672,3,0.576831072177098,7861
"Highly_Fatal_And_Damaging",33.1963470319635,12,14,76.6180492251596,0.371648755860079,82.53,4,34589.1544020152,0,0.0628420887479155,3214
"Significant_Damage_And_Serious_Injuries",32.8767123287671,15,5,79.2616226071103,0.224876307248467,79.2,3,30586.407239901,2,0.151672484406703,1617
"Significant_Damage_And_Serious_Injuries",30.958904109589,16,0,82.9079307201459,0.337750450775333,86.96,6,37974.1941935799,1,0.00957553756891347,2335
"Significant_Damage_And_Serious_Injuries",32.9223744292237,15,5,79.2616226071103,0.272838802740714,83.96,4,26346.5048146761,2,0.0480920835357794,8291
"Significant_Damage_And_Serious_Injuries",54.5205479452055,9,3,58.0218778486782,0.402301478543094,80.48,5,42528.1341777868,2,0.0283736145115423,2858
"Highly_Fatal_And_Damaging",2.73972602739726,20,0,77.3473108477666,0.238940497655968,79.01,5,26233.4523381533,3,0.0165265950657187,11531
"Highly_Fatal_And_Damaging",27.945205479452,13,0,83.8195077484048,0.283296790479625,82.49,4,35048.0265895625,1,0.0641501985769842,3177
"Significant_Damage_And_Serious_Injuries",30.6849315068493,16,6,63.9927073837739,0.322604399567255,75.68,3,30380.7345549793,1,0.151493600815679,5969
"Significant_Damage_And_Fatalities",58.9954337899543,14,25,61.5314494074749,0.427905517490083,81.71,7,45795.5029606522,0,0.00377863861967735,10919
"Minor_Damage_And_Injuries",48.8584474885845,14,17,72.926162260711,0.363715109989181,76.46,2,36906.1699044834,4,0.498635558744046,10383
"Significant_Damage_And_Serious_Injuries",55.3424657534247,8,10,66.3172288058341,0.287263613415074,79.08,6,39269.0539266116,2,0.0100354495895122,10384
"Significant_Damage_And_Serious_Injuries",34.7488584474886,15,7,68.003646308113,0.253004688063469,80.22,3,20061.5449045476,2,0.0993228008242308,3923
"Significant_Damage_And_Serious_Injuries",44.7488584474886,12,3,73.2907930720146,0.271396321673278,80.92,3,26266.3679590952,1,0.131036027894853,6619
"Minor_Damage_And_Injuries",54.5205479452055,9,0,53.1905195989061,0.575759826902272,84.13,6,41870.0262217125,3,0.0101532118856562,5660
"Highly_Fatal_And_Damaging",57.0776255707762,12,5,56.1531449407475,0.405186440677966,86.42,2,27829.0183058866,2,0.378611274088549,4675
"Minor_Damage_And_Injuries",46.2557077625571,15,10,60.9845031905196,0.516978723404255,78.5,5,43319.3836375384,1,0.0292830716747344,10297
"Significant_Damage_And_Fatalities",24.6575342465753,14,11,39.8359161349134,0.557368193292463,84.94,4,21720.5738257697,5,0.0398260252450034,11390
"Significant_Damage_And_Fatalities",67.1232876712329,12,15,74.0200546946217,0.185208077893978,79.63,7,22336.4072040184,1,0.00168586797100002,7010
"Significant_Damage_And_Serious_Injuries",27.3972602739726,17,2,78.8969917958068,0.36768193292463,77.36,3,15865.8721701261,3,0.0782363458011667,7893
"Minor_Damage_And_Injuries",44.4292237442922,15,3,93.6645396536008,0.23100685178507,82.44,5,32529.7644043405,1,0.0217919427663462,1661
"Highly_Fatal_And_Damaging",33.2420091324201,12,7,75.432999088423,0.322604399567255,76.27,1,32539.8451019905,1,1.19173458023308,11596
"Minor_Damage_And_Injuries",61.2785388127854,10,1,65.3600729261623,0.451345834835918,78.22,2,42036.9652735589,2,0.570660424199921,10899
"Significant_Damage_And_Serious_Injuries",65.4337899543379,9,7,49.5897903372835,0.52599423007573,79.92,7,47232.0210882522,2,0.0042971745609235,8974
"Minor_Damage_And_Injuries",61.9634703196347,10,1,63.5824977210575,0.482359177785791,78.64,2,48285.8963648714,2,0.653014214204056,5511
"Significant_Damage_And_Serious_Injuries",42.0547945205479,19,8,45.897903372835,0.411316985214569,76.12,6,4866.79854212583,0,0.00292043448980012,9986
"Significant_Damage_And_Serious_Injuries",32.1004566210046,15,20,74.567000911577,0.275723764875586,77.8,6,46794.8062833652,2,0.0112910935761171,1345
"Highly_Fatal_And_Damaging",30.1826484018265,12,10,66.1349134001823,0.344241615578795,77.62,6,27780.2101903398,2,0.0067000798171221,3199
"Minor_Damage_And_Injuries",49.9086757990868,10,1,41.2488605287147,0.505078254597908,80.09,5,36061.4324647463,3,0.0245406632757047,10912
"Minor_Damage_And_Injuries",61.324200913242,10,1,57.6572470373747,0.399055896141363,79.56,2,30028.2840811135,1,0.404577060303128,11407
"Significant_Damage_And_Fatalities",21.8721461187215,15,13,53.8742023701003,0.362633249188604,79.11,4,23487.7294956704,4,0.0434693964976293,12179
"Highly_Fatal_And_Damaging",56.4383561643835,12,4,46.0802187784868,0.589463397042914,78.82,3,22169.2085958915,2,0.110523042129989,10155
"Highly_Fatal_And_Damaging",41.0958904109589,9,2,63.6736554238833,0.301688424089434,77.53,4,38976.3406797894,2,0.0714856336544902,2916
"Significant_Damage_And_Fatalities",32.3744292237443,12,21,55.0136736554239,0.467573746844573,79.79,1,40593.9088572889,4,1.5017863496592,18
"Highly_Fatal_And_Damaging",52.6027397260274,13,7,52.3245214220602,0.634180310133429,83.28,6,41837.5344215727,1,0.00950376333512928,3139
"Significant_Damage_And_Serious_Injuries",34.0182648401826,15,0,68.003646308113,0.362993869455463,80.98,4,40619.7789673451,3,0.0745708540130751,5345
"Highly_Fatal_And_Damaging",49.6803652968036,7,5,85.4147675478578,0.270314460872701,79.79,3,37135.4299033652,3,0.185100239617324,11185
"Significant_Damage_And_Serious_Injuries",53.6529680365297,9,10,66.3172288058341,0.413841327082582,76.96,3,26277.0351261399,3,0.131036027894853,5851
"Significant_Damage_And_Serious_Injuries",48.9041095890411,10,7,68.3226982680037,0.134,79.08,4,26636.768566061,2,0.0489136113446081,438
"Minor_Damage_And_Injuries",50.5479452054795,13,20,94.2114858705561,0.304212765957447,78.55,7,22151.6148638974,3,0.0019633697659015,3877
"Highly_Fatal_And_Damaging",1.41552511415525,22,2,62.7164995442115,0.585496574107465,80.86,1,28064.3546606062,2,1.04371906696974,4740
"Highly_Fatal_And_Damaging",17.5799086757991,16,1,62.1239744758432,0.491014064190407,78.72,1,24135.4433661131,4,0.887893341795068,4745
"Significant_Damage_And_Fatalities",19.6803652968037,15,3,54.5578851412944,0.34965091958168,74.82,5,45857.9659867691,1,0.0321506743413185,11227
"Minor_Damage_And_Injuries",36.8493150684931,14,3,55.0592525068368,0.585496574107465,81.38,2,44557.4777498365,4,0.603019887158319,3445
"Minor_Damage_And_Injuries",58.4018264840183,11,3,71.1030082041933,0.467573746844573,78.12,5,36617.7244387796,3,0.0253444907773519,4308
"Significant_Damage_And_Serious_Injuries",46.5753424657534,11,2,60.1640838650866,0.340274792643346,79.77,6,35902.3547465078,3,0.00919704057079272,6127
"Significant_Damage_And_Serious_Injuries",37.5799086757991,14,1,74.7493163172288,0.368403173458348,80.9,6,34176.1227163592,2,0.00869067328026623,8585
"Significant_Damage_And_Serious_Injuries",18.3561643835616,19,7,59.9817684594348,0.286181752614497,77.02,3,28554.7773720691,0,0.141294025778415,9507
"Highly_Fatal_And_Damaging",26.2100456621005,13,2,70.5560619872379,0.482359177785791,81.62,4,27296.4950902876,1,0.0499952747001813,8434
"Highly_Fatal_And_Damaging",23.4703196347032,14,0,78.0765724703738,0.397974035340786,82.06,3,26674.9433945282,2,0.132616661769745,12082
"Minor_Damage_And_Injuries",20.8675799086758,19,3,35.8249772105743,0.88192643346556,77.86,3,8400.18252979465,1,0.0447153366816364,8559
"Minor_Damage_And_Injuries",58.1278538812785,11,7,64.8131267092069,0.52599423007573,77.61,2,29989.7501979184,3,0.406388633122696,11014
"Highly_Fatal_And_Damaging",68.1278538812785,5,0,78.1221513217867,0.343880995311936,78.64,4,26248.7929504245,0,0.0484091511222673,7689
"Highly_Fatal_And_Damaging",36.7579908675799,10,6,66.3172288058341,0.547992066354129,82.81,4,32578.5943530981,2,0.0597560868165434,1296
"Significant_Damage_And_Serious_Injuries",43.7899543378995,12,10,71.6955332725615,0.314310133429499,80.03,6,33980.6616754711,1,0.00859812387587467,7737
"Significant_Damage_And_Serious_Injuries",46.1643835616438,11,10,66.2260711030082,0.440887847097007,78.85,6,27563.6657696117,1,0.00656903894305681,4447
"Significant_Damage_And_Serious_Injuries",44.8858447488584,18,4,56.7456700091158,0.469376848178867,81.42,2,16099.4774068421,3,0.214957084741899,176
"Minor_Damage_And_Injuries",70.5022831050228,7,44,64.9042844120328,0.588742156509196,79.49,5,33858.6794591848,1,0.0229899149310431,4929
"Significant_Damage_And_Fatalities",23.4703196347032,14,8,53.327256153145,0.392204111071042,85.17,4,34446.9762238693,3,0.0633404852395013,8311
"Highly_Fatal_And_Damaging",46.3470319634703,15,2,45.8067456700091,0.657981247746123,78.99,3,11809.795062478,2,0.0594495856748826,3121
"Minor_Damage_And_Injuries",26.0730593607306,17,1,47.9033728350046,0.429708618824378,76.13,7,33350.4681813235,3,0.00309591976936673,1342
"Minor_Damage_And_Injuries",40.7305936073059,13,0,48.2224247948952,0.516978723404255,77.67,6,22131.7362773227,3,0.00542982922464727,4104
"Significant_Damage_And_Serious_Injuries",45.1598173515982,11,6,60.1185050136736,0.329095564370718,78.52,4,29545.4263401468,3,0.0526430497150514,11930
"Minor_Damage_And_Injuries",39.9543378995434,16,0,74.3391066545123,0.239301117922827,77.47,2,30017.3106085214,1,0.404577060303128,12275
"Significant_Damage_And_Serious_Injuries",41.1872146118721,13,7,65.1777575205105,0.370927515326361,79.42,3,38658.5692752129,3,0.193178641241289,3076
"Significant_Damage_And_Serious_Injuries",38.675799086758,13,14,73.1540565177758,0.334504868373603,81.37,3,12474.3600009115,2,0.0627235617216595,9760