"Severity","Safety_Score","Days_Since_Inspection","Total_Safety_Complaints","Control_Metric","Turbulence_In_gforces","Cabin_Temperature","Accident_Type_Code","Max_Elevation","Violations","Adverse_Weather_Metric","Accident_ID"
"Highly_Fatal_And_Damaging",6.57534246575342,19,6,75.7976298997265,0.375976199062387,79.69,4,24442.0329952916,1,0.0443042071804465,8260
"Minor_Damage_And_Injuries",43.37899543379,12,10,55.0592525068368,0.381024882798413,86.13,3,28403.2361107816,2,0.142232506047654,1780
"Significant_Damage_And_Fatalities",54.1095890410959,16,13,53.6918869644485,0.474786152181753,83.6,6,10299.8217544906,4,0.00279254182406123,4825
"Minor_Damage_And_Injuries",45.2511415525114,15,18,66.8641750227894,0.192059862964299,83.03,1,34641.5118628154,1,1.27597904434728,3768
"Highly_Fatal_And_Damaging",31.0958904109589,12,25,60.9845031905196,0.378861161197259,78.66,6,15252.2217803697,1,0.00351369966576401,10409
"Minor_Damage_And_Injuries",44.4748858447489,15,0,86.7821330902461,0.286542372881356,78.91,4,25083.6579094431,2,0.045220799930328,5564
"Minor_Damage_And_Injuries",30.1369863013699,16,6,44.7584320875114,0.608215650919581,79.06,2,19136.0861004631,2,0.252547764645463,4012
"Significant_Damage_And_Fatalities",8.53881278538813,19,3,54.147675478578,0.598118283447529,77.82,4,24755.2183740173,1,0.045618295027618,7163
"Significant_Damage_And_Serious_Injuries",57.351598173516,8,2,64.4940747493163,0.365518211323476,77.53,6,24664.5289303028,4,0.00637514230471722,9159
"Minor_Damage_And_Injuries",48.1735159817352,14,1,97.9945305378305,0.217663901911287,78,2,13214.8518929535,2,0.17603090511794,7536
"Highly_Fatal_And_Damaging",56.2557077625571,12,13,55.8340929808569,0.378139920663541,75.8,7,43425.6129456688,2,0.00395710657286073,6600
"Significant_Damage_And_Serious_Injuries",57.351598173516,8,19,71.5587967183227,0.388958528669311,79.54,3,44143.7353048618,1,0.221921190822919,5957
"Significant_Damage_And_Serious_Injuries",41.8264840182648,12,1,74.5214220601641,0.402301478543094,76.56,6,34274.994375982,2,0.00910387785121973,9004
"Minor_Damage_And_Injuries",41.9178082191781,12,1,56.1987237921604,0.413480706815723,79.64,7,42176.9222862854,2,0.00397253120656083,9315
"Significant_Damage_And_Serious_Injuries",25.662100456621,17,5,62.1695533272562,0.509405697800216,77.4,3,34979.6483447085,3,0.175089764842475,2513
"Significant_Damage_And_Serious_Injuries",24.703196347032,18,3,80.6289881494986,0.30313090515687,78.05,6,49272.8265031172,0,0.0128950518817826,1385
"Significant_Damage_And_Serious_Injuries",37.3972602739726,14,12,71.8778486782133,0.381024882798413,80.75,6,31993.458888341,3,0.00781634743512032,2245
"Minor_Damage_And_Injuries",70.5022831050228,7,4,64.4484958979034,0.497505228993869,88.78,1,10541.4719849599,1,0.387799082295146,8638
"Significant_Damage_And_Serious_Injuries",40.3196347031963,13,9,78.1221513217867,0.391122250270465,76.4,1,17590.8270501035,1,0.660172964090242,2118
"Significant_Damage_And_Serious_Injuries",47.5342465753425,17,19,44.3482224247949,0.621919221060224,76.04,7,24798.3540796078,2,0.00230492772552304,1100
"Minor_Damage_And_Injuries",64.2922374429224,9,0,78.0765724703738,0.361190768121168,81.12,5,36104.8569903325,2,0.0253444907773519,2403
"Significant_Damage_And_Fatalities",20.5479452054795,15,2,55.6973564266181,0.311425171294627,76.3,5,24613.5488916701,2,0.0164689122872173,10014
"Minor_Damage_And_Injuries",42.9680365296804,16,3,62.7620783956244,0.47190119004688,80.16,2,48111.33802557,1,0.65347854608736,11694
"Significant_Damage_And_Fatalities",60.5479452054795,14,0,74.567000911577,0.306015867291742,83.15,7,25716.0391227479,1,0.00229414110951528,2996
"Significant_Damage_And_Serious_Injuries",77.7625570776256,9,15,56.1987237921604,0.458918860439956,83.26,7,38745.5763009153,2,0.0037165658789909,5882
"Highly_Fatal_And_Damaging",29.2694063926941,13,1,75.3418413855971,0.337750450775333,86.57,5,40561.6926747208,2,0.0273168021552321,12067
"Highly_Fatal_And_Damaging",29.634703196347,13,0,81.5861440291705,0.435478543094122,75.31,1,37864.7528270162,1,1.3954917626167,715
"Minor_Damage_And_Injuries",44.3835616438356,15,5,82.0419325432999,0.158882798413271,79.3,1,45084.6916396853,2,1.71077585281461,7509
"Significant_Damage_And_Serious_Injuries",33.1963470319635,15,2,63.9015496809481,0.368403173458348,79.8,6,37550.3987735086,0,0.00952539893935127,3902
"Minor_Damage_And_Injuries",37.8082191780822,17,0,77.1649954421149,0.336307969707898,78.59,1,22938.1779252997,0,0.853373916211143,5743
"Significant_Damage_And_Fatalities",66.986301369863,12,15,70.4193254329991,0.555925712225027,76.71,7,37882.5272097875,0,0.00357842530993307,808
"Minor_Damage_And_Injuries",42.0547945205479,16,1,64.4940747493163,0.246513523260007,78.43,2,27255.6195552223,1,0.367828469510984,12364
"Significant_Damage_And_Serious_Injuries",62.7853881278539,6,0,58.8422971741112,0.41816877028489,75.7,3,19689.9918669284,1,0.0976587800714265,1691
"Highly_Fatal_And_Damaging",36.1643835616438,11,2,79.3527803099362,0.199632888568337,80.43,4,25758.1197982121,3,0.0469165754029135,10343
"Minor_Damage_And_Injuries",19.9086757990868,23,1,52.8714676390155,0.40735016227912,76.1,6,47964.9433890402,4,0.0114089976100017,10154
"Significant_Damage_And_Serious_Injuries",62.6940639269406,6,2,73.1540565177758,0.352175261449693,84.62,2,25814.2775225024,4,0.348733923104527,8608
"Significant_Damage_And_Serious_Injuries",39.1780821917808,13,7,69.0519598906108,0.320080057699243,79.6,3,51422.204638187,2,0.261035850408322,7318
"Highly_Fatal_And_Damaging",55.7534246575342,5,1,59.024612579763,0.323686260367832,78.46,1,20295.7021182553,1,0.744647606073311,5917
"Significant_Damage_And_Serious_Injuries",37.8082191780822,14,8,56.7456700091158,0.786362062747926,77.51,3,47156.9384261401,3,0.23646452524774,3895
"Significant_Damage_And_Fatalities",62.3287671232877,13,0,64.8587055606199,0.284018031013343,87.65,7,27287.7929865495,1,0.00243307820685337,5252
"Minor_Damage_And_Injuries",45.9817351598173,15,2,59.9817684594348,0.386794807068157,79.83,2,44295.2917972443,1,0.59878965413607,7678
"Significant_Damage_And_Fatalities",72.4657534246575,10,2,59.5259799453054,0.416005048683736,79.69,7,33921.7026214133,1,0.00306148593828916,10683
"Highly_Fatal_And_Damaging",26.3470319634703,14,2,73.746581586144,0.28149368914533,77.07,7,23888.070882733,2,0.00236697142542173,475
"Minor_Damage_And_Injuries",58.8584474885845,7,3,45.3965360072927,0.478392354850342,77.74,2,22443.8935714049,4,0.302231914191802,7136
"Highly_Fatal_And_Damaging",28.9041095890411,13,7,52.7803099361896,0.304573386224305,78.96,3,19484.2436106125,2,0.0955874383678995,8845
"Minor_Damage_And_Injuries",38.6301369863014,13,14,45.4421148587056,0.543664623151821,78.61,1,45350.2702396058,2,1.67536847267879,11086
"Significant_Damage_And_Serious_Injuries",41.6438356164383,13,11,62.0783956244303,0.439445366029571,77.02,6,20637.7837001384,2,0.00526925718600814,4427
"Significant_Damage_And_Fatalities",65.662100456621,12,0,86.5998176845944,0.272117562206996,82.4,5,36027.8612723001,0,0.0251101485805745,10862
"Highly_Fatal_And_Damaging",38.0821917808219,17,6,54.3755697356427,0.467213126577713,76.86,1,10587.3525848917,2,0.414537351776925,7734
"Minor_Damage_And_Injuries",52.1917808219178,13,3,85.278030993619,0.296639740353408,79.12,5,28885.5732444725,3,0.0204566081770176,5015
"Significant_Damage_And_Fatalities",60.1369863013699,14,22,71.3764813126709,0.224876307248467,85.4,7,29143.7545487936,3,0.00270337894720403,817
"Minor_Damage_And_Injuries",58.4474885844749,11,5,81.5405651777575,0.296279120086549,77.56,2,21526.3242501482,1,0.293093095048232,11902
"Highly_Fatal_And_Damaging",25.296803652968,14,4,82.9990884229718,0.317916336098088,79.71,1,25111.1749048795,2,0.925208520778178,5475
"Significant_Damage_And_Fatalities",30.1369863013699,13,14,55.4694621695533,0.430790479624955,87,4,18842.7886746802,2,0.0340977244601301,562
"Significant_Damage_And_Serious_Injuries",68.675799086758,11,7,44.9407474931632,0.382467363865849,79.3,7,37495.8584854302,3,0.00343393658306639,3120
"Significant_Damage_And_Serious_Injuries",40.5936073059361,13,1,75.4785779398359,0.333062387306166,75.95,3,18869.5876217835,4,0.0959492507511792,2979
"Significant_Damage_And_Fatalities",35.2511415525114,11,4,43.0720145852325,0.543304002884962,83,2,19136.0861004631,3,0.253283470951117,10533
"Significant_Damage_And_Serious_Injuries",30.3196347031963,16,0,86.9644484958979,0.328734944103858,78.46,6,24044.671508818,4,0.00627654085155748,2812
"Highly_Fatal_And_Damaging",34.3835616438356,11,7,57.5205104831358,0.478392354850342,80.92,2,29699.2142813025,1,0.403086320643623,10238
"Highly_Fatal_And_Damaging",28.9041095890411,13,8,63.3090246125798,0.30313090515687,76.04,4,33080.0431427359,1,0.05994597155975,12326
"Significant_Damage_And_Serious_Injuries",59.4520547945205,14,15,48.8149498632635,0.735153984853949,75.71,7,31377.4392472299,3,0.00279887602228124,8262
"Significant_Damage_And_Serious_Injuries",46.1643835616438,11,10,66.2260711030082,0.413841327082582,80.23,6,28542.004184011,3,0.00736692430030834,1482
"Significant_Damage_And_Serious_Injuries",32.0547945205479,15,20,62.0783956244303,0.387876667868734,79.29,6,18816.7236153139,2,0.00433208132714267,4119
"Highly_Fatal_And_Damaging",54.8401826484018,5,28,64.9954421148587,0.248316624594302,75.84,4,25598.804538292,4,0.0475274351310079,10722
"Minor_Damage_And_Injuries",53.9269406392694,12,17,75.2506836827712,0.273199423007573,79.17,5,38379.9835162289,3,0.026949466655398,1529
"Significant_Damage_And_Serious_Injuries",31.0958904109589,15,2,62.7164995442115,0.330898665705012,86.96,3,38418.9535532898,2,0.190936989659089,4779
"Significant_Damage_And_Serious_Injuries",39.1324200913242,13,2,69.1431175934367,0.380303642264695,79.17,3,13468.0085006978,3,0.0693979507759365,2602
"Highly_Fatal_And_Damaging",21.4611872146119,15,3,72.0145852324522,0.240022358456545,75.01,1,49396.8764131783,2,1.81855821625422,4235
"Highly_Fatal_And_Damaging",14.0639269406393,17,1,57.8851412944394,0.285821132347638,75.34,4,22535.7301853887,3,0.0412718889170117,4568
"Highly_Fatal_And_Damaging",22.6027397260274,15,8,92.1148587055606,0.211172737107825,83.48,4,29639.2974629279,2,0.0550599527146137,7483
"Significant_Damage_And_Serious_Injuries",47.7168949771689,11,3,63.9927073837739,0.201435989902632,78.72,3,19643.5987363401,0,0.0976587800714265,11178
"Significant_Damage_And_Fatalities",46.5753424657534,7,0,56.8824065633546,0.47190119004688,76.95,4,40893.1024136823,0,0.0753470182751743,2970
"Significant_Damage_And_Serious_Injuries",46.5753424657534,11,1,75.2962625341842,0.183044356292824,82.7,3,40532.7854398732,1,0.202363110539689,465
"Highly_Fatal_And_Damaging",25.9817351598173,14,12,63.9015496809481,0.334504868373603,76.22,4,21862.3513750712,2,0.0391679024826592,1078
"Highly_Fatal_And_Damaging",46.8036529680365,14,3,48.0856882406563,0.516618103137396,83.28,3,31908.0400117333,1,0.159540451910571,678
"Highly_Fatal_And_Damaging",61.4155251141552,14,3,56.1531449407475,0.438724125495853,74.82,4,52783.6699929497,3,0.0979063303069243,12345
"Significant_Damage_And_Serious_Injuries",36.5753424657534,14,5,57.8851412944394,0.350372160115398,83.08,1,16391.201556306,1,0.563737503783226,10707
"Minor_Damage_And_Injuries",60.2739726027397,7,19,56.3354603463993,0.397252794807068,80.47,5,28540.5531641214,1,0.0193100351190768,2080
"Highly_Fatal_And_Damaging",18.0365296803653,16,6,71.8778486782133,0.279690587811035,78.28,4,26538.322262979,3,0.0480920835357794,9560
"Highly_Fatal_And_Damaging",28.675799086758,13,0,71.8778486782133,0.419971871619185,80.34,1,28193.962254837,2,1.04603639301413,8129
"Minor_Damage_And_Injuries",58.4018264840183,11,4,69.3710118505014,0.19133862243058,79.22,2,34315.5369200298,2,0.462514456126825,8323
"Minor_Damage_And_Injuries",49.5890410958904,10,15,51.0483135824977,0.54041904075009,83.6,4,38896.1729120633,3,0.0717190222705393,3266
"Significant_Damage_And_Serious_Injuries",25.5707762557078,17,9,63.9927073837739,0.199632888568337,76.74,5,31610.955605815,1,0.0224713687000444,816
"Significant_Damage_And_Serious_Injuries",40.6392694063927,13,8,80.9480401093892,0.306015867291742,78.96,4,45239.9524774151,2,0.0834798282891029,10213
"Significant_Damage_And_Fatalities",32.4200913242009,12,14,51.5952597994531,0.368042553191489,81.44,1,23086.070390943,1,0.845845626344203,1292
"Minor_Damage_And_Injuries",30.7305936073059,19,2,67.8213309024613,0.258053371799495,79.28,4,34016.7896094001,1,0.0619475176403955,7546
"Minor_Damage_And_Injuries",49.5890410958904,13,3,53.7374658158614,0.312867652362062,77.38,4,29734.4413363987,1,0.0546398636138145,7900
"Highly_Fatal_And_Damaging",4.79452054794521,20,5,77.848678213309,0.342438514244501,80.06,4,23042.462103486,2,0.0423891336784103,5158
"Significant_Damage_And_Serious_Injuries",27.1689497716895,17,2,72.0145852324522,0.413480706815723,81.15,1,18856.4834123892,4,0.683703597705298,6378
"Highly_Fatal_And_Damaging",17.2602739726027,16,11,79.0337283500456,0.394367832672196,76.65,1,36698.1710217348,2,1.34636408457868,9116
"Significant_Damage_And_Serious_Injuries",30.6849315068493,16,0,82.9079307201459,0.315752614496934,80.27,6,23126.2919667346,2,0.00547710815740949,9594
"Highly_Fatal_And_Damaging",50.5022831050228,6,1,70.464904284412,0.249759105661738,82.11,4,36166.0039080309,3,0.0660248869185695,10966
"Minor_Damage_And_Injuries",39.3607305936073,17,0,68.003646308113,0.362993869455463,84.01,7,54279.8866136332,1,0.00480480829412016,3346
"Highly_Fatal_And_Damaging",42.5114155251142,16,7,37.2379216043756,0.577923548503426,77.9,2,24285.8919300678,2,0.330528596660346,10686
"Highly_Fatal_And_Damaging",48.9041095890411,13,0,54.8313582497721,0.385352326000721,85.6,2,37251.6714030235,1,0.504117435127591,9788
"Highly_Fatal_And_Damaging",36.2557077625571,11,1,70.0091157702826,0.363715109989181,81.11,1,39396.116621502,1,1.44353095461796,464
"Significant_Damage_And_Fatalities",40.7762557077626,9,1,49.5897903372835,0.46865560764515,81.43,1,21022.7432680221,2,0.775459295221691,2881
"Minor_Damage_And_Injuries",44.337899543379,15,6,70.0091157702826,0.547270825820411,76.11,2,28473.7861502813,2,0.385350791346705,4532
"Highly_Fatal_And_Damaging",42.2374429223744,9,3,74.7948951686418,0.337029210241615,81.27,4,16209.2902996607,2,0.0299230513834068,7488
"Minor_Damage_And_Injuries",40.8675799086758,13,2,55.9252506836828,0.550877028489001,81.72,4,45002.0079321222,3,0.0813389577595862,4349
"Highly_Fatal_And_Damaging",34.4292237442922,11,8,77.9398359161349,0.241104219257122,82.45,4,33358.8046009305,2,0.0607198408414015,10904
"Minor_Damage_And_Injuries",69.4520547945205,8,2,58.3409298085688,0.383188604399567,79.1,2,30488.7969374164,0,0.411684928045418,10948
"Significant_Damage_And_Serious_Injuries",28.9954337899543,16,11,70.0091157702826,0.299885322755139,78.64,4,22297.575620694,1,0.0409263541820256,3383
"Significant_Damage_And_Fatalities",40.6392694063927,9,6,54.0565177757521,0.380303642264695,77.25,4,29538.27364245,2,0.0539003607023165,12416
"Significant_Damage_And_Serious_Injuries",35.5251141552511,14,2,64.9954421148587,0.502193292463036,78.97,1,30513.4373016453,2,1.1292636605,11655
"Minor_Damage_And_Injuries",57.4885844748858,11,11,62.8532360984503,0.32801370357014,79.26,2,12376.5613732312,1,0.168418281925373,7445
"Significant_Damage_And_Fatalities",44.5662100456621,8,14,49.5442114858706,0.444133429498738,83.17,4,33892.7702492079,2,0.0625009046598149,11705
"Highly_Fatal_And_Damaging",39.1780821917808,10,1,69.1431175934367,0.262020194734944,83.63,2,33523.7023387974,2,0.454618023939776,419
"Significant_Damage_And_Serious_Injuries",17.8995433789954,20,9,61.3491340018232,0.570350522899387,77.86,4,29365.0114975677,1,0.0540647100858169,12083
"Significant_Damage_And_Fatalities",55.9360730593607,15,4,68.9608021877849,0.253725928597187,82.09,7,21703.2159005865,2,0.00170172802667714,5113
"Highly_Fatal_And_Damaging",22.9680365296804,15,8,67.7757520510483,0.375254958528669,82.34,1,38266.75565052,2,1.4126370085277,5816
"Highly_Fatal_And_Damaging",44.5662100456621,8,7,62.1695533272562,0.352535881716553,80.83,7,36008.6822689946,3,0.00308618231767189,6516
"Significant_Damage_And_Serious_Injuries",46.8949771689498,11,0,80.4010938924339,0.223433826181031,78.33,4,43136.2535286232,3,0.0785727187769532,7608
"Significant_Damage_And_Serious_Injuries",45.7990867579909,11,17,72.2424794895169,0.19494482509917,77.89,5,29143.7545487936,1,0.0194629461559457,3900
"Minor_Damage_And_Injuries",44.4748858447489,15,0,79.2160437556974,0.358305805986296,79.54,1,28433.3299479963,2,1.05028681182213,9593
"Highly_Fatal_And_Damaging",29.3607305936073,13,10,82.8623518687329,0.17330760908763,80.09,4,28994.8333817836,2,0.0532825062350489,9831
"Significant_Damage_And_Serious_Injuries",54.5205479452055,8,1,60.6198723792161,0.430429859358096,75.61,3,45864.1780423704,3,0.227681130334058,6491
"Highly_Fatal_And_Damaging",43.3333333333333,15,4,51.5041020966272,0.490292823656689,78.11,2,35845.5631116782,2,0.486765495368936,10405
"Significant_Damage_And_Fatalities",65.4337899543379,12,12,67.0009115770283,0.293394157951677,77.27,2,44263.0435073702,3,0.599471586142847,5362
"Significant_Damage_And_Serious_Injuries",39.9543378995434,13,4,64.5852324521422,0.246513523260007,77.8,6,40686.3843910211,1,0.010108419161522,4484
"Minor_Damage_And_Injuries",45.296803652968,15,1,71.0574293527803,0.28149368914533,78.02,2,20020.2701860792,1,0.266623438582304,3115
"Highly_Fatal_And_Damaging",55.8447488584475,12,0,55.4694621695533,0.599560764514966,78.67,2,35070.3331931138,2,0.47376346047179,1444
"Highly_Fatal_And_Damaging",34.337899543379,11,8,73.6554238833182,0.404104579877389,78.2,4,43204.1689916855,1,0.0783387334083711,3495
"Significant_Damage_And_Serious_Injuries",34.0639269406393,15,1,62.3518687329079,0.339192931842769,77.36,4,36420.9562967583,2,0.0664963794143816,1717
"Significant_Damage_And_Serious_Injuries",51.2328767123288,10,6,74.2023701002735,0.207205914172377,79.47,3,35378.1329224947,2,0.175894785480641,7540
"Highly_Fatal_And_Damaging",37.4885844748858,10,21,74.5214220601641,0.364436350522899,77.26,5,29921.1344954976,1,0.0203538907847209,12479
"Significant_Damage_And_Fatalities",75.2511415525114,9,0,71.6499544211486,0.300245943021998,88.57,1,20970.593544562,4,0.770245196670641,760
"Minor_Damage_And_Injuries",36.0730593607306,18,1,72.4247948951687,0.287624233681933,77.96,1,25722.5280242184,2,0.936484556293277,3578
"Highly_Fatal_And_Damaging",19.9543378995434,15,13,92.9808568824066,0.238940497655968,79.58,4,17933.0502822011,4,0.0320057521178953,9196
"Highly_Fatal_And_Damaging",40.7305936073059,9,1,75.7064721969006,0.325849981968986,79.51,4,36315.7270103316,4,0.0659522021298071,10641
"Significant_Damage_And_Fatalities",70.4109589041096,11,14,40.154968094804,0.261659574468085,81.84,7,19333.5256049062,4,0.00165483628932035,775
"Minor_Damage_And_Injuries",38.7671232876712,17,2,68.003646308113,0.253004688063469,83.6,7,33951.338673945,3,0.00311862643459303,4686
"Significant_Damage_And_Serious_Injuries",37.1689497716895,14,7,62.1239744758432,0.42177497295348,78.09,4,30858.5431373534,3,0.0566664273024785,11381
"Significant_Damage_And_Fatalities",72.5570776255708,10,1,69.8268003646308,0.263823296069239,79.93,7,26338.7273242953,2,0.00243727393194409,4402
"Highly_Fatal_And_Damaging",28.675799086758,20,0,56.8368277119417,0.378139920663541,84.82,1,26365.3863181768,1,0.9710988332523,5686
"Highly_Fatal_And_Damaging",47.351598173516,14,8,45.897903372835,0.623001081860801,85.1,3,45760.7560852147,2,0.227253121797105,5732
"Minor_Damage_And_Injuries",53.9269406392694,12,23,50.8659981768459,0.500390191128741,77.91,2,31318.3861110589,1,0.423631715612385,10346
"Significant_Damage_And_Fatalities",25.6164383561644,14,7,56.1531449407475,0.523469888207717,84.45,3,38780.390941521,3,0.193090443884492,1322
"Significant_Damage_And_Serious_Injuries",37.4885844748858,14,0,73.1540565177758,0.27788748647674,78.11,3,29660.9634883589,1,0.147855294184092,5037
"Highly_Fatal_And_Damaging",29.8630136986301,12,6,74.9316317228806,0.265626397403534,77,1,33036.6523319837,2,1.2138584565258,897
"Minor_Damage_And_Injuries",42.283105022831,16,28,65.1321786690975,0.248316624594302,83.03,2,23749.0360451638,3,0.318991757762705,11866
"Highly_Fatal_And_Damaging",37.4885844748858,10,12,69.9179580674567,0.237858636855391,79.16,4,26338.7273242953,2,0.0480000313191448,2624
"Significant_Damage_And_Serious_Injuries",34.7488584474886,14,5,78.8058340929809,0.302770284890011,84.48,6,51862.7961315608,2,0.0126013358091873,837
"Significant_Damage_And_Serious_Injuries",32.2374429223744,15,4,76.0255241567913,0.316473855030653,78.95,6,40538.7808167345,2,0.0100127073666848,2547
"Significant_Damage_And_Serious_Injuries",18.9497716894977,19,0,64.3573381950775,0.256610890732059,84.43,6,26247.7092999525,1,0.00645951923367222,12151
"Minor_Damage_And_Injuries",46.3470319634703,15,0,67.8669097538742,0.395810313739632,76.95,2,32848.2932837612,3,0.442314977408644,4115
"Highly_Fatal_And_Damaging",42.9680365296804,9,24,80.0820419325433,0.40374395961053,76.21,7,25796.9485308804,2,0.00248905628236379,1278
"Significant_Damage_And_Serious_Injuries",31.1415525114155,15,0,84.8678213309025,0.203960331770645,76.41,4,35535.2005207219,0,0.0651636744257849,11958
"Highly_Fatal_And_Damaging",20.2283105022831,15,3,66.9097538742024,0.416365668950595,80.85,4,24651.9666266097,2,0.046132903592417,4702
"Minor_Damage_And_Injuries",45.2054794520548,15,8,67.0920692798541,0.385352326000721,80.42,5,40406.3063322322,1,0.0279580962570193,8807
"Significant_Damage_And_Serious_Injuries",31.1415525114155,16,5,68.5961713764813,0.228843130183916,81.34,1,40821.1958847229,1,1.50398754286448,12319
"Minor_Damage_And_Injuries",70,11,7,64.9954421148587,0.52599423007573,78.67,2,25033.3668940275,2,0.338607930649641,3218
"Minor_Damage_And_Injuries",42.4657534246575,16,2,63.9015496809481,0.378139920663541,77.17,2,46974.390404833,2,0.637636244705519,8041
"Highly_Fatal_And_Damaging",34.4292237442922,11,9,89.4257064721969,0.200354129102055,79.16,2,21123.6615107182,3,0.28708841944468,10594
"Highly_Fatal_And_Damaging",11.8264840182648,18,5,89.8814949863263,0.481637937252074,81.97,1,26991.8380389602,2,1.00725096824699,2095
"Highly_Fatal_And_Damaging",29.4063926940639,13,5,70.9206927985415,0.430790479624955,77.09,1,33393.5930883868,2,1.22964533075899,4678
"Highly_Fatal_And_Damaging",23.9269406392694,14,1,71.0574293527803,0.482359177785791,81.72,4,29830.019294451,2,0.0543696861900085,7986
"Minor_Damage_And_Injuries",58.4018264840183,11,4,71.7411121239745,0.354699603317706,78.03,2,25723.8293580535,3,0.348853856288148,2851
"Minor_Damage_And_Injuries",48.9954337899543,14,6,70.8751139471286,0.467573746844573,77.2,6,38151.5060215647,1,0.0103375714698017,11050
"Significant_Damage_And_Serious_Injuries",50.2739726027397,17,7,54.7857793983592,0.309622069960331,79.31,2,30190.7653146865,2,0.407910453312984,8143
"Highly_Fatal_And_Damaging",46.027397260274,8,8,68.5050136736554,0.417447529751172,81.44,4,29261.0724381254,1,0.0531772420885427,5219
"Minor_Damage_And_Injuries",58.675799086758,11,5,68.1403828623519,0.21297583844212,80.63,2,26755.0079413697,3,0.362925272467254,3448
"Minor_Damage_And_Injuries",46.2100456621004,15,15,83.8195077484048,0.263823296069239,78.92,2,25487.6050171112,3,0.347029390462293,9238
"Minor_Damage_And_Injuries",24.0639269406393,22,4,73.0173199635369,0.265987017670393,76.63,7,29660.9634883589,4,0.00279527608367061,7595
"Minor_Damage_And_Injuries",65.7534246575342,9,0,75.7064721969006,0.224876307248467,79.2,2,19550.4236118066,0,0.254538380918956,7246
"Minor_Damage_And_Injuries",29.2237442922374,16,7,54.4667274384686,0.410235124413992,85.17,3,35285.2690352296,2,0.176294827944636,11827
"Significant_Damage_And_Fatalities",53.7442922374429,16,2,74.7948951686418,0.325489361702128,83.07,7,48535.6561942994,0,0.00476454771995168,7883
"Highly_Fatal_And_Damaging",41.7808219178082,9,3,58.5232452142206,0.304573386224305,80.64,4,27518.7235157539,2,0.0497094031861019,8055
"Minor_Damage_And_Injuries",32.8767123287671,18,3,54.3755697356427,0.527797331410025,79.1,4,29487.099203913,2,0.0523874971383086,7881
"Significant_Damage_And_Serious_Injuries",46.1643835616438,11,7,72.105742935278,0.351454020915975,77.86,5,35974.8217427248,3,0.0245984678638604,66
"Highly_Fatal_And_Damaging",54.7945205479452,12,5,39.8814949863264,0.676733501622791,79.89,6,37292.1290296158,1,0.00910387785121973,4709
"Significant_Damage_And_Fatalities",73.1050228310502,10,1,84.5487693710119,0.298442841687703,78.64,7,33601.5718975099,2,0.00332942826290784,10858
"Significant_Damage_And_Serious_Injuries",76.3926940639269,10,1,55.9252506836828,0.456394518571944,85.02,7,50713.1701646172,2,0.00449290359555931,6010
"Highly_Fatal_And_Damaging",32.5570776255708,12,7,64.2661804922516,0.324046880634692,79.15,6,28783.699290521,2,0.00751640494849503,8808
"Significant_Damage_And_Fatalities",32.6940639269406,12,3,54.6946216955333,0.404104579877389,77.9,5,33249.3810676588,1,0.0217946673291327,11540
"Highly_Fatal_And_Damaging",31.0958904109589,12,25,73.1996353691887,0.325489361702128,77.26,4,39140.6113678675,0,0.0718018696549619,2163
"Significant_Damage_And_Fatalities",30.6392694063927,13,3,56.2898814949863,0.466491886043996,79.05,4,43852.8453519078,4,0.0807511705606393,524
"Highly_Fatal_And_Damaging",30.5022831050228,12,1,56.8824065633546,0.555204471691309,78.63,3,38800.9673142313,2,0.192477284009883,10890
"Minor_Damage_And_Injuries",50.3196347031963,13,5,70.2825888787603,0.546188965019834,97.51,7,31300.0657151633,1,0.00277618537959387,695
"Significant_Damage_And_Serious_Injuries",39.1780821917808,13,3,79.2160437556974,0.296639740353408,83.21,3,26346.5048146761,3,0.131363386693147,297
"Significant_Damage_And_Serious_Injuries",41.689497716895,13,6,67.3655423883318,0.372369996393797,82.33,4,29628.1684072965,3,0.055088709360491,7071
"Significant_Damage_And_Fatalities",73.2876712328767,10,6,60.5742935278031,0.220548864046159,81.26,5,33111.5733657375,2,0.0216476009652135,3131
"Significant_Damage_And_Serious_Injuries",73.1050228310502,9,4,45.3965360072927,0.63742589253516,78.37,7,30305.5164786489,2,0.00265908783298855,7266
"Minor_Damage_And_Injuries",50.5479452054795,13,0,70.4193254329991,0.296279120086549,81.14,5,40360.2154058748,3,0.0272071381784127,6183
"Minor_Damage_And_Injuries",44.5205479452055,15,0,75.8432087511395,0.33883231157591,78.91,2,25688.5204959083,2,0.347298540906663,6909
"Highly_Fatal_And_Damaging",32.7397260273973,12,7,74.2935278030994,0.232809953119365,76.99,1,29123.2583793699,2,1.08896280542045,10283
"Highly_Fatal_And_Damaging",28.0821917808219,13,8,66.5451230628988,0.305294626758024,78.11,4,40524.8951127185,3,0.0743422954353934,5049
"Significant_Damage_And_Fatalities",25.296803652968,14,17,37.5113947128533,0.59451208077894,85.58,4,33020.6826803039,3,0.05994597155975,2175
"Minor_Damage_And_Injuries",68.0365296803653,8,0,76.4813126709207,0.321522538766679,80.67,5,26328.7717447473,1,0.0169721831895714,9926