"Severity","Safety_Score","Days_Since_Inspection","Total_Safety_Complaints","Control_Metric","Turbulence_In_gforces","Cabin_Temperature","Accident_Type_Code","Max_Elevation","Violations","Adverse_Weather_Metric","Accident_ID"
"Minor_Damage_And_Injuries",35.7534246575342,18,14,60.0273473108478,0.308540209159754,78.67,5,37917.1797061165,1,0.0268498356534474,6688
"Minor_Damage_And_Injuries",50.0913242009132,13,3,73.4731084776664,0.28870609448251,84.4,7,14087.1313421428,1,0.000367501300988579,1230
"Significant_Damage_And_Serious_Injuries",55.3424657534247,8,21,73.6098450319052,0.34965091958168,77.85,3,34199.8915692623,3,0.171753655949522,9296
"Significant_Damage_And_Serious_Injuries",59.4520547945205,14,8,52.4156791248861,0.405186440677966,79.39,7,40757.0937838523,3,0.00354472954428243,12197
"Minor_Damage_And_Injuries",28.2191780821918,20,11,71.0118505013674,0.293394157951677,77.33,3,32269.0683506148,1,0.160110192147785,9952
"Minor_Damage_And_Injuries",45.2054794520548,15,0,81.8140382862352,0.317916336098088,83.34,7,20238.6378843825,1,0.00182937609996191,11565
"Significant_Damage_And_Fatalities",68.675799086758,11,15,69.0063810391978,0.331980526505589,79.97,7,29171.2113721281,4,0.00290154353926211,1139
"Significant_Damage_And_Fatalities",29.4520547945205,13,10,53.7830446672744,0.416365668950595,82.92,1,29989.0265842119,2,1.10323463410754,12382
"Significant_Damage_And_Fatalities",61.4611872146119,13,11,79.3072014585233,0.254086548864046,81.27,7,25486.8254567764,3,0.00228169437294458,5703
"Highly_Fatal_And_Damaging",27.5799086757991,13,30,75.2506836827712,0.300606563288856,85.3,4,29518.3315276388,2,0.0541065660538752,3021
"Significant_Damage_And_Serious_Injuries",26.5753424657534,17,14,64.3117593436645,0.445215290299315,79.59,6,29952.076015557,2,0.00713918772315649,2944
"Highly_Fatal_And_Damaging",45.4794520547945,15,3,44.1659070191431,0.571071763433105,79.14,3,18915.5090248707,2,0.0970591864698041,547
"Significant_Damage_And_Serious_Injuries",50.5022831050228,10,4,67.6845943482224,0.507602596465921,89.29,6,26335.2237996347,2,0.00699570467874823,288
"Significant_Damage_And_Serious_Injuries",58.2191780821918,8,7,80.7657247037375,0.413120086548864,81.73,3,30641.6477227636,3,0.152703287141862,1924
"Highly_Fatal_And_Damaging",13.7899543378995,17,1,57.8851412944394,0.345684096646231,77.18,4,34108.4950856052,3,0.0623984755828219,436
"Highly_Fatal_And_Damaging",26.4840182648402,13,5,78.7602552415679,0.397613415073927,76.35,1,33393.5930883868,2,1.22964533075899,1773
"Highly_Fatal_And_Damaging",49.5890410958904,7,8,70.0091157702826,0.251562206996033,83.19,4,26338.7273242953,4,0.0484091511222673,8811
"Significant_Damage_And_Serious_Injuries",41.9178082191781,12,0,59.7082953509572,0.524191128741435,83.03,6,36837.9660008634,3,0.00916356586669669,9228
"Highly_Fatal_And_Damaging",46.3470319634703,7,1,75.7064721969006,0.368763793725207,77.33,4,43619.815305396,3,0.0806638923240863,6220
"Significant_Damage_And_Fatalities",63.1963470319635,13,19,71.8322698268004,0.179438153624233,79.38,2,26471.4004943625,2,0.357126172144394,5102
"Significant_Damage_And_Serious_Injuries",15.7534246575342,20,4,82.1330902461258,0.43619978362784,79.74,3,40230.3528397513,3,0.201830705207261,2863
"Significant_Damage_And_Fatalities",55.0228310502283,15,3,66.7274384685506,0.340274792643346,79.89,7,26687.7213183341,3,0.00241405163548066,11478
"Minor_Damage_And_Injuries",44.4292237442922,15,5,68.7784867821331,0.273199423007573,76.98,5,13938.9510270363,2,0.0106920734218189,4066
"Significant_Damage_And_Fatalities",80.5936073059361,8,4,62.5341841385597,0.284739271547061,78.7,2,15928.1520352656,3,0.219247711929046,1577
"Minor_Damage_And_Injuries",51.0502283105023,10,4,40.1093892433911,0.584775333573747,77.9,6,32860.905764516,2,0.00812807991710159,8273
"Significant_Damage_And_Fatalities",89.0867579908676,3,2,81.3582497721058,0.30313090515687,75.96,6,19199.2502273137,3,0.00477606636088931,7775
"Highly_Fatal_And_Damaging",33.8812785388128,11,6,66.8641750227894,0.450263974035341,78.49,5,31236.0295960564,3,0.0210028454861726,3684
"Significant_Damage_And_Serious_Injuries",46.5753424657534,11,1,53.6007292616226,0.476589253516048,79.53,3,23944.3761045872,2,0.119711370429235,2768
"Highly_Fatal_And_Damaging",17.351598173516,16,2,68.869644484959,0.255889650198341,85.77,3,31224.5282436972,1,0.155336911574872,12007
"Significant_Damage_And_Serious_Injuries",43.5159817351598,12,1,43.8468550592525,0.456033898305084,77.46,6,34711.4746197655,3,0.00910387785121973,9125
"Significant_Damage_And_Serious_Injuries",42.3744292237443,12,4,78.3956244302644,0.313228272628922,78.78,3,53176.4511388213,3,0.283294536142231,11784
"Significant_Damage_And_Serious_Injuries",55.3881278538813,9,2,75.4785779398359,0.2923122971511,81.04,5,33067.6244116376,2,0.021344098679893,11808
"Minor_Damage_And_Injuries",55.3424657534247,8,7,41.2032816773018,0.692240173097728,75.63,4,24520.0599584225,2,0.0445660106164211,12211
"Highly_Fatal_And_Damaging",8.53881278538813,19,15,69.7356426618049,0.222712585647313,79.07,6,36566.3964795644,3,0.00863399457726239,2897
"Significant_Damage_And_Fatalities",70.365296803653,11,3,40.154968094804,0.52960043274432,79.58,7,29518.6129237704,2,0.00271660416896328,9133
"Highly_Fatal_And_Damaging",50.3196347031963,14,10,0,0.777707176343311,80.78,5,36354.4884269448,2,0.0245406632757047,135
"Minor_Damage_And_Injuries",57.4429223744292,12,7,81.4038286235187,0.365157591056617,81.36,1,43754.1786822181,3,1.62444555920038,12317
"Significant_Damage_And_Fatalities",60.5479452054795,14,0,61.5314494074749,0.342799134511359,83.15,7,22475.1258704004,2,0.00165483628932035,9368
"Significant_Damage_And_Serious_Injuries",59.634703196347,14,7,38.9699179580674,0.635622791200865,75.71,7,25814.8468749981,0,0.0024614235589759,2967
"Highly_Fatal_And_Damaging",35.4794520547945,11,6,67.5478577939836,0.251922827262892,82.66,5,44568.661764582,3,0.0297081807839066,6918
"Significant_Damage_And_Fatalities",44.0639269406393,9,0,52.8714676390155,0.381385503065272,78.47,4,49219.0617824752,2,0.0915074626693022,11964
"Minor_Damage_And_Injuries",41.9178082191781,13,2,56.4721969006381,0.466491886043996,78.49,7,33289.1776385925,2,0.00332774857972545,9140
"Highly_Fatal_And_Damaging",38.2648401826484,10,4,69.0063810391978,0.24543166245943,81.53,1,21703.2159005865,2,0.79055360627557,12053
"Significant_Damage_And_Serious_Injuries",35.296803652968,14,1,61.6226071103008,0.317195095564371,78.09,2,39744.9867350495,0,0.537374915697402,10065
"Significant_Damage_And_Serious_Injuries",36.3013698630137,14,5,71.9234275296263,0.314310133429499,79.09,3,36866.602231857,3,0.182899218902348,9822
"Significant_Damage_And_Serious_Injuries",60.5936073059361,14,3,39.8814949863264,0.406628921745402,74.82,7,52783.6699929497,4,0.0043835591564751,10060
"Minor_Damage_And_Injuries",32.4657534246575,15,2,54.876937101185,0.442330328164443,75.04,7,24707.1969908956,3,0.00240087321292364,3191
"Significant_Damage_And_Fatalities",46.8493150684931,18,0,57.7484047402006,0.42898737829066,81.06,7,28203.4891265458,2,0.00288440827898333,8433
"Significant_Damage_And_Serious_Injuries",57.4885844748858,8,3,89.2433910665451,0.242907320591417,79.37,6,32254.0720662131,2,0.00802494825593194,2792
"Significant_Damage_And_Serious_Injuries",27.3972602739726,17,2,70.1914311759344,0.370927515326361,84.8,1,28434.2171903716,2,1.0324299109381,12059
"Highly_Fatal_And_Damaging",41.7808219178082,9,2,75.9343664539654,0.334504868373603,79.08,4,23744.0693140378,2,0.0435847572179465,10388
"Significant_Damage_And_Serious_Injuries",41.689497716895,13,2,69.5077484047402,0.317195095564371,81.46,5,34207.9443786107,3,0.0232444911274353,5862
"Highly_Fatal_And_Damaging",55.1598173515982,12,4,40.2917046490429,0.571071763433105,78.7,5,27755.473500689,1,0.01851592253734,9394
"Highly_Fatal_And_Damaging",55.662100456621,5,0,59.0701914311759,0.324768121168409,80.71,4,22475.1258704004,3,0.0412718889170117,9719
"Highly_Fatal_And_Damaging",44.5205479452055,8,0,66.8641750227894,0.272117562206996,79.36,7,42848.6249545133,2,0.0040045627353063,5058
"Highly_Fatal_And_Damaging",8.49315068493151,19,9,80.4466727438469,0.3785005409304,86.02,4,36011.634543554,4,0.0659562575913243,9620
"Significant_Damage_And_Serious_Injuries",38.5844748858447,13,6,70.8751139471286,0.28149368914533,81.11,6,36866.602231857,3,0.00826588787036847,4345
"Significant_Damage_And_Fatalities",73.5159817351598,10,1,65.9070191431176,0.338471691309052,75.27,7,18869.5876217835,1,0.00203790191549944,10249
"Highly_Fatal_And_Damaging",64.8401826484018,9,7,48.7693710118505,0.638147133068878,82.03,2,40580.5502390022,1,0.552348029450647,10962
"Minor_Damage_And_Injuries",24.8401826484018,18,5,56.7456700091158,0.555204471691309,77.93,1,35966.2470220649,2,1.32525896658218,5349
"Significant_Damage_And_Serious_Injuries",62.1917808219178,6,1,63.126709206928,0.551958889289578,81.79,3,44882.6151076864,3,0.224640366202277,10662
"Minor_Damage_And_Injuries",48.4931506849315,14,8,59.2980856882407,0.375976199062387,80.74,5,32346.154299063,1,0.022192923086607,4849
"Highly_Fatal_And_Damaging",42.9680365296804,9,24,99.9544211485871,0.370927515326361,79.22,4,36313.3505407666,1,0.0657328863038229,335
"Minor_Damage_And_Injuries",57.6712328767123,11,11,77.073837739289,0.189535521096285,77.91,7,33256.4668152374,0,0.00333200752249141,8219
"Significant_Damage_And_Serious_Injuries",65.4337899543379,9,20,54.8313582497721,0.427905517490083,78.93,4,29542.2935498954,1,0.0537163727417456,11085
"Minor_Damage_And_Injuries",47.7625570776256,14,1,70.1458523245214,0.501472051929318,81.82,7,41870.0262217125,3,0.0037845533395528,8954
"Significant_Damage_And_Fatalities",68.4931506849315,11,1,64.2661804922516,0.32080129823296,85.71,6,48197.220754101,3,0.0116440067057929,10094
"Minor_Damage_And_Injuries",20.1826484018265,19,3,35.8249772105743,0.611100613054453,88.01,2,47505.4622906068,2,0.641130507004313,4168
"Highly_Fatal_And_Damaging",58.310502283105,11,8,49.5897903372835,0.522748647673999,80.41,5,44516.6297345178,1,0.0299604645458222,1900
"Significant_Damage_And_Serious_Injuries",30.3196347031963,16,14,68.8240656335461,0.273920663541291,79.21,5,51678.284648488,2,0.0362715401061526,7143
"Highly_Fatal_And_Damaging",38.4474885844749,17,22,52.4156791248861,0.247956004327443,79.39,3,15261.9932578438,1,0.0753155639194272,12328
"Minor_Damage_And_Injuries",48.310502283105,11,2,55.5150410209663,0.585496574107465,78.67,3,29541.1841118771,1,0.146630034655966,4858
"Minor_Damage_And_Injuries",51.9634703196347,13,13,67.2743846855059,0.160685899747566,76.89,5,26069.4968678269,0,0.0169084447733504,11914
"Significant_Damage_And_Fatalities",37.5342465753425,11,1,50.6836827711942,0.52238802740714,80.45,7,47541.0050691026,3,0.00434728367697683,9610
"Minor_Damage_And_Injuries",27.3972602739726,20,2,73.6554238833182,0.404104579877389,81.15,2,25768.1452141952,2,0.348220671345902,3341
"Highly_Fatal_And_Damaging",28.7671232876712,13,12,63.7648131267092,0.383188604399567,78.7,4,37949.724386184,3,0.0698193987426945,8962
"Significant_Damage_And_Fatalities",42.283105022831,8,0,34.8678213309025,0.61939487919221,78.08,3,37308.5865884339,3,0.186318355278325,8379
"Significant_Damage_And_Serious_Injuries",38.8584474885845,13,22,67.7757520510483,0.344602235845654,87.51,1,18897.2774645504,2,0.69015508102361,9100
"Significant_Damage_And_Fatalities",82.2374429223744,7,10,50.3190519598906,0.354699603317706,87.08,7,36458.5802116072,3,0.0032011061219487,5525
"Minor_Damage_And_Injuries",48.3561643835616,14,8,80.4466727438469,0.30313090515687,82.53,1,37038.5414452765,1,1.35127487616787,10255
"Minor_Damage_And_Injuries",39.5890410958904,17,11,69.4165907019143,0.440887847097007,76.92,4,26972.5039664084,0,0.0491943253022702,5118
"Highly_Fatal_And_Damaging",31.5981735159817,12,0,82.9079307201459,0.18052001442481,78.93,3,18807.9837594115,1,0.0970591864698041,8085
"Highly_Fatal_And_Damaging",49.9086757990868,13,5,55.9708295350957,0.363354489722322,79.94,2,45878.8795912215,2,0.622444465973777,1923
"Significant_Damage_And_Serious_Injuries",49.4977168949772,10,5,68.7784867821331,0.343159754778218,82.37,6,34501.86147776,1,0.0084067327022918,326
"Significant_Damage_And_Serious_Injuries",15.7534246575342,20,28,68.869644484959,0.267429498737829,76.75,3,20059.3847114503,3,0.0976587800714265,8949
"Highly_Fatal_And_Damaging",29.3607305936073,13,5,75.3418413855971,0.271035701406419,85.13,4,27603.7846761579,2,0.0507105431114939,4212
"Highly_Fatal_And_Damaging",25.8904109589041,14,2,62.2607110300821,0.314670753696357,78.09,4,31541.9153279893,3,0.0571970099697241,11206
"Significant_Damage_And_Fatalities",32.5570776255708,12,0,41.4311759343665,0.633459069599711,80.82,4,32448.2626381128,1,0.0585884246430177,4554
"Minor_Damage_And_Injuries",58.0365296803653,11,6,82.1786690975388,0.351093400649116,79.12,5,20761.9844156144,3,0.0147190422445625,5460
"Significant_Damage_And_Serious_Injuries",31.324200913242,16,4,61.7593436645397,0.548352686620988,83.52,1,39289.2195249257,1,1.43260534928215,10197
"Significant_Damage_And_Fatalities",63.7899543378995,13,0,72.971741112124,0.365157591056617,81.12,2,35354.6491535324,0,0.478306032390798,1363
"Minor_Damage_And_Injuries",47.8995433789954,14,8,64.1294439380128,0.45387017670393,81.75,2,32713.7866990746,1,0.442732958866139,6886
"Significant_Damage_And_Fatalities",45.5707762557078,18,7,64.2206016408387,0.40374395961053,78.89,7,33520.7500198555,3,0.0032646245817578,4934
"Significant_Damage_And_Fatalities",31.1415525114155,12,3,56.4721969006381,0.463606923909124,84.27,1,29536.6428318262,1,1.08659236590527,6634
"Highly_Fatal_And_Damaging",44.337899543379,8,2,57.6116681859617,0.61939487919221,87.34,4,36297.4081004407,2,0.0667522739749065,12399
"Highly_Fatal_And_Damaging",36.62100456621,11,11,65.4056517775752,0.329456184637577,82.41,2,15542.643666541,4,0.210056403589152,785
"Significant_Damage_And_Serious_Injuries",40.3196347031963,13,13,61.6681859617138,0.490292823656689,78.22,3,50314.7204576381,2,0.251509930289586,2524
"Significant_Damage_And_Serious_Injuries",60.1826484018265,14,8,54.8313582497721,0.409153263613415,75.71,7,28559.6591388298,3,0.00266826442491109,6792
"Significant_Damage_And_Serious_Injuries",34.6118721461187,14,6,65.8614402917047,0.362272628921745,77.04,7,32624.8226188518,2,0.00333200752249141,7119
"Significant_Damage_And_Fatalities",44.2009132420091,19,4,66.6818596171377,0.340274792643346,77.27,2,52865.2950984951,2,0.703340359053397,11217
"Highly_Fatal_And_Damaging",62.5570776255708,10,7,40.5195989061076,0.745972592859718,77.93,1,37945.7802513522,2,1.38929549655495,929
"Significant_Damage_And_Fatalities",82.7853881278539,7,6,79.9453053783045,0.308900829426614,78.44,5,29881.473065472,2,0.0203538907847209,2859
"Minor_Damage_And_Injuries",50.2283105022831,13,5,73.4731084776664,0.28870609448251,81.58,3,43655.1252570343,1,0.214762760356308,3104
"Significant_Damage_And_Serious_Injuries",24.2465753424658,18,3,80.9936189608022,0.306015867291742,81.7,6,29272.4724491861,2,0.00759477566107349,4105
"Minor_Damage_And_Injuries",47.7625570776256,14,14,64.9954421148587,0.347487197980527,77.76,2,40055.6619523624,3,0.542924325866252,8565
"Significant_Damage_And_Serious_Injuries",27.8995433789954,17,5,76.5724703737466,0.28149368914533,75.05,3,16837.0598386233,0,0.0815450263010881,10910
"Significant_Damage_And_Fatalities",28.9497716894977,20,3,63.0811303555151,0.46108258204111,78.09,6,24370.2265407342,2,0.00606686659497718,11383
"Significant_Damage_And_Serious_Injuries",63.972602739726,6,6,58.1130355515041,0.432954201226109,75.12,3,34738.058245002,3,0.172361875338915,10146
"Significant_Damage_And_Serious_Injuries",53.1050228310502,12,0,43.6645396536007,0.598118283447529,79.6,6,49015.8888299757,2,0.0131871755343616,2982
"Significant_Damage_And_Serious_Injuries",64.2465753424657,13,9,57.0191431175934,0.660144969347277,76.63,4,31988.1959886504,2,0.0587205544501303,1076
"Significant_Damage_And_Serious_Injuries",29.9543378995434,16,5,85.278030993619,0.199632888568337,79.79,4,46306.1920701527,2,0.0847954319979528,7324
"Significant_Damage_And_Fatalities",12.4200913242009,18,1,52.8258887876026,0.361551388388027,77.56,1,34469.924982876,1,1.26937738653889,871
"Minor_Damage_And_Injuries",41.689497716895,16,6,73.9288969917958,0.334865488640461,81.03,1,37384.6815719843,3,1.37759041351401,9198
"Highly_Fatal_And_Damaging",32.4200913242009,12,2,48.9061075660894,0.543664623151821,77.68,1,25739.3846771422,2,0.942297419702323,558
"Minor_Damage_And_Injuries",62.0091324200913,10,1,63.9015496809481,0.205042192571222,84.02,5,28901.6079461952,0,0.0199959371191929,10901
"Significant_Damage_And_Serious_Injuries",57.351598173516,8,3,72.0601640838651,0.2061240533718,79.36,6,39012.9366973933,2,0.010247915761715,27
"Highly_Fatal_And_Damaging",62.1461187214612,6,1,63.126709206928,0.48993220338983,80.79,2,37581.5714856955,2,0.506946640432922,1929
"Minor_Damage_And_Injuries",29.4977168949772,20,1,73.6554238833182,0.412398846015146,85.07,6,28603.7548438843,0,0.007265459411322,9884
"Significant_Damage_And_Fatalities",37.5799086757991,10,2,56.2443026435734,0.463606923909124,76.18,4,30049.5696334466,2,0.0544392802512786,2184
"Significant_Damage_And_Serious_Injuries",36.4383561643836,14,11,60.9845031905196,0.407710782545979,77.16,3,27240.6861862382,3,0.134484836771453,2826
"Significant_Damage_And_Serious_Injuries",38.5844748858447,13,11,66.4995442114859,0.413841327082582,79.39,2,32739.2459757613,2,0.442732958866139,1097
"Minor_Damage_And_Injuries",49.2237442922374,14,6,57.1103008204193,0.426102416155788,83.46,4,27686.2413636474,2,0.0509035417950462,9637
"Significant_Damage_And_Serious_Injuries",42.4200913242009,19,0,45.897903372835,0.63021348719798,84.74,4,34210.2043624715,2,0.0619475176403955,11996
"Significant_Damage_And_Serious_Injuries",37.9908675799087,13,8,69.1431175934367,0.320080057699243,84.3,3,26062.3673281312,5,0.128032619795491,9950
"Significant_Damage_And_Serious_Injuries",26.4383561643836,17,14,70.6927985414767,0.330177425171295,79.24,6,29579.7879411663,2,0.00751374310534355,5429
"Highly_Fatal_And_Damaging",17.5799086757991,16,2,59.2980856882407,0.338111071042192,85.26,4,35728.3005695812,3,0.0647973107166051,4896
"Significant_Damage_And_Serious_Injuries",54.8401826484018,9,34,72.0145852324522,0.30313090515687,82.3,3,40726.4496920452,1,0.200404041434698,8442
"Highly_Fatal_And_Damaging",42.7853881278539,8,5,63.4457611668186,0.225958168049044,77.89,1,29893.7335104334,1,1.10323463410754,3756
"Significant_Damage_And_Serious_Injuries",29.3150684931507,16,3,85.278030993619,0.240382978723404,76.8,6,34929.7404234047,1,0.0091876148524485,9803
"Highly_Fatal_And_Damaging",18.7671232876712,16,1,73.0173199635369,0.222351965380454,78.7,1,45351.5663157796,2,1.64589054204515,11725
"Significant_Damage_And_Serious_Injuries",30.8675799086758,16,3,83.3637192342753,0.315752614496934,86.94,1,36644.9561608933,3,1.35648446678775,12214
"Significant_Damage_And_Fatalities",56.6666666666667,15,0,73.1996353691887,0.341717273710782,80.59,7,42273.6457278091,1,0.00391311571229848,11564
"Highly_Fatal_And_Damaging",30,13,2,65.1321786690975,0.36046952758745,82.02,4,36292.1949816483,3,0.0667773468350688,10694
"Highly_Fatal_And_Damaging",56.8493150684931,5,20,69.2342752962625,0.440887847097007,81.57,4,11265.9177885903,2,0.0015233035421831,11177
"Significant_Damage_And_Fatalities",79.5433789954338,8,0,70.0091157702826,0.35325712225027,79.85,4,25251.1155579363,1,0.0456012541554552,3593
"Minor_Damage_And_Injuries",73.37899543379,7,2,70.2370100273473,0.416726289217454,81.55,6,40485.8932005406,3,0.00987049508947774,8371
"Significant_Damage_And_Fatalities",46.7123287671233,18,4,66.1804922515953,0.456394518571944,83.01,7,15301.2519569662,3,0.00129983141772071,6128
"Highly_Fatal_And_Damaging",30.0913242009132,19,0,50.9571558796719,0.439445366029571,77.98,4,38506.4933537661,2,0.0701068078993242,5344
"Highly_Fatal_And_Damaging",33.2420091324201,12,1,65.6791248860529,0.462885683375405,78.63,4,28029.8302949651,1,0.0514949039430899,5717
"Significant_Damage_And_Fatalities",54.7488584474886,16,1,76.0711030082042,0.378139920663541,81.26,7,27520.75175597,3,0.00228638425828823,10747
"Significant_Damage_And_Serious_Injuries",30.9132420091324,16,7,65.1321786690975,0.395810313739632,75.94,4,27897.8067021377,2,0.0511774425946486,7937
"Minor_Damage_And_Injuries",56.9406392694064,12,10,72.0145852324522,0.363354489722322,79.26,2,28780.4235482389,2,0.387182416712817,6639
"Highly_Fatal_And_Damaging",49.4977168949772,7,2,64.3117593436645,0.345323476379372,81.26,4,36408.268565211,3,0.0659562575913243,6631
"Highly_Fatal_And_Damaging",11.8264840182648,18,0,77.4840474020055,0.342438514244501,76,4,29428.5998046567,4,0.0537163727417456,11709
"Minor_Damage_And_Injuries",54.3835616438356,12,4,51.0938924339107,0.394728452939055,82.01,4,20934.3727527267,3,0.0384517831023515,3875
"Significant_Damage_And_Fatalities",4.52054794520548,20,0,54.4667274384686,0.357584565452579,83.36,4,41920.2471614135,1,0.0758867263611491,3904
"Highly_Fatal_And_Damaging",29.4063926940639,13,13,67.7301731996354,0.375615578795528,87.51,4,34859.8063971959,0,0.0637237663805801,267
"Highly_Fatal_And_Damaging",33.1963470319635,12,5,75.432999088423,0.383188604399567,76.35,1,40226.4770095902,2,1.49471974586455,10258
"Significant_Damage_And_Fatalities",58.8584474885845,14,7,81.2670920692799,0.237137396321673,81.58,7,29255.426646695,2,0.00266702594068057,5077
"Highly_Fatal_And_Damaging",12.4200913242009,18,3,73.3363719234275,0.323325640100974,82.08,4,20146.9172518634,2,0.0373909164244532,4499
"Significant_Damage_And_Fatalities",42.9680365296804,8,4,47.1741112123974,0.410595744680851,84.52,4,19762.2608051792,3,0.0361958432532648,430
"Minor_Damage_And_Injuries",59.1324200913242,11,3,65.6335460346399,0.305294626758024,81.37,2,16545.0718234845,2,0.225648056800934,8668
"Significant_Damage_And_Fatalities",52.3744292237443,16,6,53.6918869644485,0.476589253516048,83.26,5,20739.6318796237,2,0.0139062059906569,5580
"Highly_Fatal_And_Damaging",40.8675799086758,9,3,88.2406563354604,0.250840966462315,78.31,1,35147.7853670774,1,1.28587911562902,822
"Highly_Fatal_And_Damaging",25.1598173515982,14,11,66.8641750227894,0.217303281644428,81.99,4,23467.0817843707,0,0.0434450231706626,5079
"Significant_Damage_And_Serious_Injuries",48.4474885844749,11,19,62.1695533272562,0.525272989542012,77.98,3,50882.1687686303,2,0.253669022423938,647
"Minor_Damage_And_Injuries",70.5022831050228,7,44,62.5341841385597,0.352535881716553,83.73,3,38971.5849739803,1,0.195566783180496,11801
"Highly_Fatal_And_Damaging",29.7260273972603,13,8,64.6308113035552,0.417086909484313,80.13,4,38281.7142472046,0,0.0710287636448836,8981
"Highly_Fatal_And_Damaging",56.2557077625571,11,40,58.4776663628077,0.459640100973675,84.52,2,42049.7757475593,4,0.570472081679674,10267
"Minor_Damage_And_Injuries",38.0821917808219,17,3,73.1996353691887,0.318276956364948,78.59,2,30784.9894960232,2,0.416733810413223,4467
"Highly_Fatal_And_Damaging",39.8173515981735,9,4,76.8459434822243,0.370566895059502,78.4,4,41917.3221674367,0,0.075850778236244,343
"Highly_Fatal_And_Damaging",13.7899543378995,17,1,63.4001823154057,0.585496574107465,80.07,4,40073.720174847,1,0.0742913315746002,7808
"Significant_Damage_And_Serious_Injuries",60.1369863013699,7,7,79.1704649042844,0.224876307248467,81.53,6,43306.5874531553,2,0.0106970316356193,8888
"Significant_Damage_And_Serious_Injuries",54.4292237442922,9,2,75.4785779398359,0.282936170212766,81.53,6,27827.8514266594,2,0.00685754221966388,11144
"Highly_Fatal_And_Damaging",40.0913242009132,10,7,66.5907019143118,0.334144248106743,81.4,7,49461.7985956107,2,0.00449290359555931,10126
"Highly_Fatal_And_Damaging",32.8310502283105,19,4,48.0401093892434,0.660144969347277,76.64,6,18640.0725275241,2,0.00492049195200934,4088
"Minor_Damage_And_Injuries",53.7442922374429,12,15,84.2297174111213,0.287263613415074,78.4,7,28885.5732444725,1,0.00259659848763858,1833
"Minor_Damage_And_Injuries",48.4931506849315,14,14,63.947128532361,0.387516047601875,77.78,4,24023.5877451124,2,0.0435767669649704,5220
"Highly_Fatal_And_Damaging",32.1461187214612,12,8,59.9817684594348,0.28149368914533,79.28,4,36657.8455729123,2,0.067196147915411,6345
"Highly_Fatal_And_Damaging",35.7534246575342,11,2,74.2935278030994,0.218024522178146,78.91,4,21036.1487262414,2,0.0383477654432181,8343
"Highly_Fatal_And_Damaging",29.1324200913242,13,8,82.8623518687329,0.17330760908763,80.09,4,21267.7043733175,2,0.0389899651600754,821
"Minor_Damage_And_Injuries",50.5022831050228,13,5,69.1431175934367,0.254086548864046,76.58,5,45972.1359787677,2,0.0316153311067691,5088
"Highly_Fatal_And_Damaging",17.1689497716895,16,14,75.2506836827712,0.291230436350523,76.6,3,32625.7179340323,1,0.162427777021466,6386
"Minor_Damage_And_Injuries",41.9178082191781,16,3,64.4940747493163,0.246513523260007,78.43,2,35342.3010579254,1,0.477812895620068,924
"Significant_Damage_And_Serious_Injuries",40.6392694063927,13,1,75.4785779398359,0.388597908402452,78.55,3,49758.6415438009,2,0.24511840979654,1104
"Minor_Damage_And_Injuries",46.1187214611872,15,3,70.6472196900638,0.205402812838081,77.56,2,38369.5421594542,2,0.517879251431761,3520
"Minor_Damage_And_Injuries",62.0091324200913,10,1,71.1030082041933,0.375254958528669,76.73,2,14865.9056452982,1,0.19418011329717,8814
"Highly_Fatal_And_Damaging",37.3972602739726,11,2,62.5341841385597,0.315752614496934,80.53,2,19518.5621631503,2,0.264253743919955,3853
"Minor_Damage_And_Injuries",54.1095890410959,12,1,73.0173199635369,0.246874143526866,81.61,2,42287.0553410699,1,0.571030413951605,8113
"Minor_Damage_And_Injuries",30.7305936073059,19,4,54.3299908842297,0.527797331410025,81.82,3,26015.962941191,2,0.128573249180056,2508
"Highly_Fatal_And_Damaging",19.6803652968037,16,11,61.9872379216044,0.500029570861882,78.16,1,13860.5783162698,2,0.518572471316774,10883
"Significant_Damage_And_Serious_Injuries",53.1963470319635,16,7,36.7365542388332,0.662308690948431,84.51,4,44475.6870097684,1,0.082036560492673,2946
"Significant_Damage_And_Serious_Injuries",40.2283105022831,13,2,64.1294439380128,0.490292823656689,79.17,7,33289.1776385925,2,0.00332737623643381,4287
"Highly_Fatal_And_Damaging",49.9086757990868,6,3,73.746581586144,0.214418319509556,79.31,4,28684.0676385967,0,0.0531058897859763,6647
"Highly_Fatal_And_Damaging",22.3287671232877,15,27,61.4402917046491,0.405186440677966,84.03,7,46047.5076270262,2,0.00387450146087035,4810
"Minor_Damage_And_Injuries",30.7305936073059,19,1,74.9316317228806,0.337750450775333,79.89,6,38525.4141826784,2,0.00987049508947774,6263
"Significant_Damage_And_Serious_Injuries",22.6940639269406,18,0,66.5451230628988,0.363354489722322,83.58,1,30810.6157118227,2,1.12126285001606,8698
"Minor_Damage_And_Injuries",42.5114155251142,16,4,74.5214220601641,0.58729967544176,85.22,2,53908.7975082545,2,0.704789637144564,578