"Severity","Safety_Score","Days_Since_Inspection","Total_Safety_Complaints","Control_Metric","Turbulence_In_gforces","Cabin_Temperature","Accident_Type_Code","Max_Elevation","Violations","Adverse_Weather_Metric","Accident_ID"
"Highly_Fatal_And_Damaging",29.3150684931507,13,1,80.5378304466728,0.245792282726289,85.13,4,33385.1482642618,1,0.0616426529691811,8047
"Minor_Damage_And_Injuries",53.8356164383562,12,8,84.2297174111213,0.256610890732059,78.4,2,35377.2441941688,0,0.478778936314865,3426
"Minor_Damage_And_Injuries",39.4520547945205,17,4,73.746581586144,0.282214929679048,77.94,1,30017.3106085214,1,1.10726459904649,5873
"Significant_Damage_And_Serious_Injuries",38.8127853881278,13,0,61.5314494074749,0.424299314821493,86.39,3,831.69555342133,3,0.0476009651917602,100
"Minor_Damage_And_Injuries",33.8356164383562,15,5,47.2196900638104,0.515896862603678,81.45,3,32986.7833036824,1,0.163023626452417,4976
"Significant_Damage_And_Serious_Injuries",36.7579908675799,14,3,72.6982680036463,0.219106382978723,83.03,3,38942.250883069,3,0.195609414135821,165
"Significant_Damage_And_Fatalities",37.2146118721461,10,2,56.1531449407475,0.345323476379372,79.22,4,32342.3133839545,0,0.0592292289020824,630
"Highly_Fatal_And_Damaging",59.6803652968037,14,0,51.4585232452142,0.556286332491886,80,5,36256.6780282692,3,0.0251101485805745,6916
"Significant_Damage_And_Fatalities",60.5479452054795,14,11,73.0628988149499,0.260938333934367,77.41,6,22253.1682025273,1,0.0053353160716145,6153
"Significant_Damage_And_Serious_Injuries",45.7534246575342,11,17,69.9179580674567,0.425020555355211,78.31,3,26782.0242843159,2,0.135445812857813,5798
"Minor_Damage_And_Injuries",19.9086757990868,19,3,50.6836827711942,0.439445366029571,79.97,2,32847.0379561099,1,0.443077512708278,2556
"Highly_Fatal_And_Damaging",16.1643835616438,17,12,80.9936189608022,0.431151099891814,81.44,2,54429.8119084636,0,0.746908740126634,7520
"Minor_Damage_And_Injuries",51.7808219178082,10,0,55.6973564266181,0.25985647313379,83.6,4,25223.0471674453,1,0.0462059771710494,12455
"Significant_Damage_And_Serious_Injuries",41.0502283105023,12,21,69.9635369188697,0.425020555355211,75.84,3,46415.1734269839,1,0.23187073722273,1792
"Significant_Damage_And_Fatalities",38.7671232876712,10,2,39.9726526891522,0.558089433826181,81.52,1,37034.4056430355,2,1.36336943621395,7933
"Highly_Fatal_And_Damaging",21.5068493150685,15,2,59.4348222424795,0.382827984132708,76.49,1,38752.9477457052,2,1.41869503093969,7905
"Minor_Damage_And_Injuries",43.6986301369863,12,14,55.7885141294439,0.440887847097007,81.44,2,38406.931881458,0,0.51978130044264,7572
"Significant_Damage_And_Fatalities",62.6940639269406,13,1,64.8587055606199,0.284018031013343,78.95,3,15928.1520352656,3,0.0793015994353502,5312
"Significant_Damage_And_Fatalities",56.1643835616438,15,4,58.6144029170465,0.377058059862964,85.99,7,19398.1511532957,1,0.00206604918836995,248
"Minor_Damage_And_Injuries",41.9634703196347,12,4,51.2762078395624,0.568186801298233,83.76,3,24604.4655931727,1,0.121754699866092,7817
"Significant_Damage_And_Fatalities",23.5616438356164,14,8,43.8012762078396,0.543664623151821,77.16,1,20124.3050610838,3,0.74859438088771,8644
"Significant_Damage_And_Fatalities",46.6666666666667,7,17,45.3965360072927,0.725777857915614,77.74,2,20799.9255916983,1,0.278446237781689,8479
"Minor_Damage_And_Injuries",28.2191780821918,17,11,59.8906107566089,0.409513883880274,78.34,4,24750.8715934395,3,0.045349159176968,5361
"Significant_Damage_And_Serious_Injuries",42.5114155251142,12,13,35.2780309936189,0.869304724125496,81.11,6,28126.4685617393,4,0.00654696096549962,8860
"Highly_Fatal_And_Damaging",40.2739726027397,10,6,62.1695533272562,0.415644428416877,81.21,4,47132.9571072998,2,0.0867471686429157,5628
"Significant_Damage_And_Fatalities",28.8584474885845,13,2,47.2652689152234,0.421053732419762,79.51,4,30677.1054511937,2,0.0554629237628166,9531
"Highly_Fatal_And_Damaging",46.8493150684931,7,4,77.1194165907019,0.232449332852506,80.2,4,35967.3755230484,0,0.0660394623674445,9105
"Significant_Damage_And_Serious_Injuries",48.2648401826484,10,26,57.5660893345488,0.478752975117202,77.91,6,21995.418195128,4,0.00539594244887619,246
"Significant_Damage_And_Serious_Injuries",41.1415525114155,13,3,74.0200546946217,0.250119725928597,80.92,3,27827.8514266594,3,0.138546714150985,6362
"Significant_Damage_And_Fatalities",29.9543378995434,19,8,61.6226071103008,0.368763793725207,80.72,7,14240.5726310785,2,0.00145443416670772,10218
"Significant_Damage_And_Fatalities",44.5662100456621,8,0,53.6463081130356,0.245792282726289,87.06,4,17318.5484826987,3,0.0317660254151927,4240
"Significant_Damage_And_Fatalities",1.68949771689498,21,0,55.6973564266181,0.484162279120086,77.62,7,43590.4452092247,4,0.00391760256780998,6861
"Significant_Damage_And_Fatalities",25.8904109589041,14,0,48.5870556061987,0.634901550667147,78.37,2,27787.0718761387,1,0.378611274088549,10999
"Highly_Fatal_And_Damaging",33.1963470319635,12,1,76.6180492251596,0.383188604399567,76.27,1,41720.1335498628,2,1.53512561822023,11585
"Significant_Damage_And_Serious_Injuries",21.9178082191781,19,2,77.3473108477666,0.272117562206996,78.35,3,24272.0591078432,1,0.119252737278626,2509
"Highly_Fatal_And_Damaging",30.9132420091324,12,3,64.0382862351869,0.417086909484313,77.91,4,21651.0494588669,1,0.0398611264038201,11873
"Highly_Fatal_And_Damaging",28.675799086758,13,10,97.3108477666363,0.311064551027768,80.09,4,32951.9888222322,2,0.0598503906370371,4640
"Significant_Damage_And_Fatalities",66.62100456621,12,4,74.7948951686418,0.221630724846736,82.53,7,20600.5849948309,2,0.00187823876236286,8748
"Highly_Fatal_And_Damaging",21.4611872146119,15,2,65.2689152233364,0.523469888207717,81.55,5,13118.5372956393,2,0.0085309014094308,1267
"Minor_Damage_And_Injuries",46.8493150684931,14,4,79.489516864175,0.292672917417959,81.18,2,27206.7774652661,3,0.370578626594456,12145
"Significant_Damage_And_Serious_Injuries",44.0639269406393,12,24,69.5533272561531,0.329095564370718,80.84,6,42860.1610777543,2,0.0108897273268416,9158
"Highly_Fatal_And_Damaging",61.2328767123288,7,2,61.5770282588879,0.250119725928597,78.17,2,44899.0705087481,3,0.603490069579617,8111
"Highly_Fatal_And_Damaging",18.310502283105,16,4,57.8395624430264,0.309622069960331,80.96,3,36830.544529354,1,0.182930118985126,4729
"Highly_Fatal_And_Damaging",27.8995433789954,13,3,67.2743846855059,0.327292463036423,78.46,4,26890.6802773688,3,0.048734112740566,1845
"Highly_Fatal_And_Damaging",20.2283105022831,15,5,65.9981768459435,0.236776776054814,77.74,4,38399.455104896,0,0.0701249966785418,4093
"Significant_Damage_And_Fatalities",63.1050228310502,13,19,71.8322698268004,0.19494482509917,77.41,1,28923.9002638104,4,1.06763304103432,12500
"Significant_Damage_And_Serious_Injuries",22.1917808219178,18,3,59.024612579763,0.219106382978723,79.8,3,24854.1018365485,2,0.12374128673581,791
"Highly_Fatal_And_Damaging",30.9132420091324,12,3,79.0337283500456,0.390401009736747,83.94,3,22169.2085958915,3,0.109711641703001,10048
"Highly_Fatal_And_Damaging",11.5068493150685,18,13,64.5396536007293,0.305294626758024,78.6,2,41622.392719958,2,0.56305717542057,6783
"Minor_Damage_And_Injuries",33.013698630137,18,7,54.5578851412944,0.442330328164443,76.66,3,30360.3969405546,3,0.152337945102486,8823
"Significant_Damage_And_Serious_Injuries",46.3470319634703,11,5,73.8833181403829,0.370927515326361,81.11,2,59108.8771655082,4,0.780994745413651,10625
"Highly_Fatal_And_Damaging",36.4383561643836,11,3,60.5742935278031,0.369124413992066,77.79,6,49860.8188729973,3,0.0128953266110588,2062
"Minor_Damage_And_Injuries",47.1232876712329,11,0,50.7748404740201,0.493899026325279,75.67,2,37459.086597803,1,0.506635384734012,5597
"Significant_Damage_And_Serious_Injuries",34.337899543379,15,19,58.8422971741112,0.508323836999639,84.82,3,52411.3766964889,2,0.260940879484196,2677
"Minor_Damage_And_Injuries",56.9406392694064,11,1,73.4275296262534,0.297360980887126,79.63,2,32342.1106893599,2,0.437800105252872,146
"Highly_Fatal_And_Damaging",33.7442922374429,11,0,60.3463992707384,0.375615578795528,78.15,4,35867.2301422482,4,0.0656931235224539,7712
"Significant_Damage_And_Serious_Injuries",68.6301369863014,11,2,52.8258887876026,0.363354489722322,81.79,7,54660.6342971425,2,0.00469611599491054,5619
"Minor_Damage_And_Injuries",36.62100456621,17,0,71.5587967183227,0.248316624594302,84.93,5,36166.0039080309,1,0.0244090469441248,540
"Highly_Fatal_And_Damaging",16.3470319634703,17,5,85.5515041020967,0.271396321673278,80.47,1,31850.8592555814,1,1.16677479820232,12159
"Significant_Damage_And_Serious_Injuries",43.4703196347032,12,3,66.8641750227894,0.251201586729174,82.66,6,36191.0322150455,2,0.00897420847805014,2586
"Minor_Damage_And_Injuries",42.4200913242009,12,10,52.5524156791249,0.548713306887847,79.89,3,37070.4548537427,3,0.18526859547038,8769
"Significant_Damage_And_Fatalities",67.6712328767123,11,1,86.5998176845944,0.272117562206996,80.66,7,38986.2869388142,2,0.00340300794355129,11595
"Highly_Fatal_And_Damaging",29.5433789954338,13,7,73.3819507748405,0.25264406779661,77.09,7,23568.4726202252,2,0.00245895525239092,8406
"Highly_Fatal_And_Damaging",36.1187214611872,11,6,74.2935278030994,0.238940497655968,78.93,2,23568.4726202252,3,0.320229608370603,7789
"Significant_Damage_And_Serious_Injuries",50.2739726027397,16,7,54.7857793983592,0.599560764514966,80.19,7,34371.8627634336,3,0.00311862643459303,4791
"Significant_Damage_And_Fatalities",44.7945205479452,8,3,52.9170464904284,0.426823656689506,79.39,1,35207.2285556311,2,1.29244238360314,8877
"Minor_Damage_And_Injuries",46.2100456621004,15,18,82.8623518687329,0.462885683375405,85.04,2,25814.2775225024,1,0.348598243853363,3368
"Significant_Damage_And_Serious_Injuries",27.8538812785388,17,6,75.1139471285324,0.201796610169491,76.98,6,25719.1596833656,2,0.00638052631766798,10075
"Significant_Damage_And_Serious_Injuries",35.5251141552511,14,8,74.7493163172288,0.281133068878471,82.49,3,32708.1391417124,2,0.164009610870493,11191
"Significant_Damage_And_Fatalities",67.5342465753425,12,15,67.3655423883318,0.324768121168409,78.86,4,38011.0212226692,5,0.0690777355402737,6330
"Minor_Damage_And_Injuries",51.9634703196347,13,8,69.4165907019143,0.298803461954562,80.03,2,32990.9149372376,2,0.446483481726605,9735
"Significant_Damage_And_Fatalities",41.6438356164383,19,9,82.8623518687329,0.371648755860079,80.43,7,29289.6517614832,2,0.00281938218356537,2910
"Highly_Fatal_And_Damaging",37.2146118721461,11,1,57.8395624430264,0.304573386224305,83.56,4,43693.778543788,2,0.0796140496419091,6308
"Significant_Damage_And_Serious_Injuries",30.9132420091324,16,2,62.5797629899727,0.339192931842769,80.03,3,24242.431985579,2,0.120446192106227,9220
"Highly_Fatal_And_Damaging",42.0547945205479,16,1,45.077484047402,0.663751172015867,81.84,7,44888.7631382465,3,0.00400941681555015,1099
"Highly_Fatal_And_Damaging",31.0502283105023,12,3,67.5934366453965,0.245071042192571,89.13,5,25170.3306255207,1,0.0165265950657187,2954
"Significant_Damage_And_Serious_Injuries",50.2283105022831,16,5,55.6061987237922,0.374533717994951,81.7,3,23159.6988748288,1,0.115148815425775,9437
"Significant_Damage_And_Serious_Injuries",45.8904109589041,11,12,63.2178669097539,0.258413992066354,78.01,2,29893.7335104334,1,0.406933961928359,12330
"Highly_Fatal_And_Damaging",35.7077625570776,11,8,69.2342752962625,0.276084385142445,81.44,2,33523.7023387974,1,0.453693975116104,11932
"Minor_Damage_And_Injuries",35.3881278538813,18,1,69.0063810391978,0.46829498737829,83.58,4,22976.1312277351,3,0.0421404182107254,6998
"Significant_Damage_And_Serious_Injuries",32.0091324200913,15,3,61.5770282588879,0.453509556437072,80.36,3,32127.8884623933,1,0.160237023074609,4361
"Significant_Damage_And_Serious_Injuries",51.4155251141552,10,9,66.6362807657247,0.372730616660656,79.42,1,34626.8862524966,3,1.27080805590788,2841
"Highly_Fatal_And_Damaging",12.3744292237443,18,5,74.1567912488605,0.270314460872701,77.58,6,24323.5075076492,4,0.00606686659497718,3049
"Highly_Fatal_And_Damaging",35.296803652968,11,1,76.4813126709207,0.243989181391994,77.94,3,29572.3317315177,1,0.146661195079346,6380
"Highly_Fatal_And_Damaging",8.53881278538813,19,9,73.2907930720146,0.323325640100974,79.43,2,31046.6876028269,3,0.417407395915758,7366
"Highly_Fatal_And_Damaging",49.6803652968036,7,0,80.355515041021,0.228843130183916,78.86,4,43912.8212802953,3,0.0806562395147276,2791
"Significant_Damage_And_Fatalities",58.0821917808219,15,2,62.3518687329079,0.402662098809953,79.83,3,22470.3747333267,2,0.112551766589855,7444
"Highly_Fatal_And_Damaging",35.0684931506849,11,0,70.1458523245214,0.308900829426614,83.36,5,23770.7567352549,4,0.0155641500919886,7899
"Significant_Damage_And_Fatalities",20.1369863013699,15,1,54.922515952598,0.34965091958168,76.49,4,31533.3961527062,1,0.0577759264269542,6343
"Highly_Fatal_And_Damaging",27.1232876712329,13,0,76.5268915223336,0.281854309412189,77.87,1,31758.9281763219,3,1.17326989952711,4980
"Minor_Damage_And_Injuries",38.8584474885845,17,7,65.4512306289882,0.272478182473855,80.95,2,39069.3760403725,2,0.529397252616345,11537
"Significant_Damage_And_Fatalities",34.0639269406393,11,1,56.9279854147676,0.522748647673999,81.42,1,45027.3857299155,3,1.69386357691072,6370
"Highly_Fatal_And_Damaging",27.8995433789954,13,8,64.4029170464904,0.417086909484313,77.91,1,29021.2749490607,2,1.06520768095319,2337
"Significant_Damage_And_Serious_Injuries",23.6529680365297,18,7,78.0765724703738,0.397974035340786,87.34,6,49095.2502059493,4,0.0131871755343616,3976
"Minor_Damage_And_Injuries",36.0730593607306,17,1,71.5587967183227,0.333423007573026,79.85,5,36002.5313878639,3,0.0244090469441248,11836
"Significant_Damage_And_Serious_Injuries",57.4885844748858,8,0,73.2907930720146,0.352175261449693,76.93,5,24044.671508818,2,0.0160590028237088,7192
"Minor_Damage_And_Injuries",56.8493150684931,11,0,73.4275296262534,0.419971871619185,78.56,2,23026.6296640072,2,0.314050656397823,4472
"Minor_Damage_And_Injuries",32.8767123287671,18,7,54.5578851412944,0.372009376126938,79.53,2,32417.9301673667,4,0.438728976114531,7831
"Highly_Fatal_And_Damaging",33.6073059360731,18,6,43.0720145852325,0.47911359538406,77.52,2,19136.0861004631,3,0.253283470951117,11571
"Significant_Damage_And_Fatalities",73.5159817351598,10,1,65.9070191431176,0.298803461954562,77.66,7,22925.9320383748,0,0.00220164886877366,7121
"Significant_Damage_And_Serious_Injuries",37.0776255707762,14,12,71.8778486782133,0.350011539848539,79.2,6,31993.458888341,1,0.00813834268126686,3429
"Minor_Damage_And_Injuries",74.1095890410959,6,9,73.6554238833182,0.334144248106743,77.5,4,30360.2984407479,3,0.0556599827434588,2416
"Significant_Damage_And_Fatalities",57.1232876712329,15,16,57.9762989972653,0.478392354850342,78.97,7,43425.6129456688,4,0.00374946475117307,3409
"Minor_Damage_And_Injuries",53.9269406392694,12,7,77.028258887876,0.324768121168409,81.26,2,31661.6288095643,1,0.429534515417133,5548
"Minor_Damage_And_Injuries",40.6392694063927,13,19,53.6007292616226,0.606412549585286,80.32,4,47156.9384261401,3,0.086532665384485,7009
"Minor_Damage_And_Injuries",43.3333333333333,15,10,63.7648131267092,0.448460872701046,76.31,2,25806.0480465467,1,0.35017958188076,11560
"Significant_Damage_And_Serious_Injuries",20.0456621004566,19,8,62.1695533272562,0.492095924990984,79.67,3,32187.5437770809,2,0.160231707920052,11877
"Significant_Damage_And_Serious_Injuries",58.4931506849315,4,10,51.0027347310848,0.768691669671836,77.12,6,47156.9384261401,4,0.0117758107745166,3109
"Highly_Fatal_And_Damaging",30,13,8,73.0628988149499,0.333062387306166,77.38,4,17884.8085447038,2,0.0317004518773675,737
"Significant_Damage_And_Fatalities",48.8584474885845,17,5,69.7812215132179,0.228843130183916,83.22,7,30696.568878763,1,0.00279628317028023,6742
"Significant_Damage_And_Serious_Injuries",39.9543378995434,13,2,69.5989061075661,0.355060223584565,77.65,3,21725.0436341783,3,0.107222523097217,7636
"Significant_Damage_And_Fatalities",73.4246575342466,10,19,69.5533272561531,0.283296790479625,80.09,2,40139.0396270965,2,0.543669818666285,10269
"Minor_Damage_And_Injuries",21.324200913242,21,6,80.9936189608022,0.291591056617381,79.88,4,27249.2882011085,2,0.0499587226487135,3305
"Highly_Fatal_And_Damaging",48.2648401826484,7,6,75.1139471285324,0.288345474215651,79.51,4,32183.6566153411,0,0.0592112001916615,11041
"Significant_Damage_And_Fatalities",25.2511415525114,14,8,38.9699179580674,0.707746844572664,78.46,4,40671.2750670239,1,0.0735227854053321,9773
"Minor_Damage_And_Injuries",76.1187214611872,6,17,65.9070191431176,0.398695275874504,77.36,7,29457.6884896503,1,0.00265756641815923,1702
"Minor_Damage_And_Injuries",57.5799086757991,11,9,83.9106654512306,0.242907320591417,83.11,7,30207.8523138926,3,0.00290611292624657,5846
"Highly_Fatal_And_Damaging",20.5022831050228,15,9,86.6453965360073,0.312146411828345,82.31,4,29715.3910975432,2,0.0544392802512786,2423
"Significant_Damage_And_Fatalities",61.8721461187214,13,20,64.2661804922516,0.408071402812838,77.39,7,45795.5029606522,1,0.0042971745609235,3724
"Highly_Fatal_And_Damaging",5.75342465753425,20,0,76.0255241567913,0.394367832672196,79.01,4,44409.5661929747,2,0.0824277038157889,5062
"Significant_Damage_And_Fatalities",24.1552511415525,14,5,45.5332725615314,0.424659935088352,81.45,4,30677.1054511937,3,0.0553078262715637,4556
"Minor_Damage_And_Injuries",37.3972602739726,17,0,69.1886964448496,0.408792643346556,78.32,2,23214.4912184096,2,0.3100966719209,4938
"Significant_Damage_And_Serious_Injuries",57.0776255707762,15,1,56.1531449407475,0.546910205553552,77.04,4,30982.4858135607,2,0.0564238689532988,10795
"Significant_Damage_And_Fatalities",69.3607305936073,11,10,69.0063810391978,0.428266137756942,77.82,4,9560.90943938469,2,0.016530971355129,10817
"Significant_Damage_And_Fatalities",30.1826484018265,12,0,52.9626253418414,0.382467363865849,77.99,1,23825.2466613463,1,0.867035653679287,11628
"Significant_Damage_And_Fatalities",19.5433789954338,15,44,54.7857793983592,0.467573746844573,83.56,4,27190.7936061396,2,0.0503257845074554,10537
"Minor_Damage_And_Injuries",55.0228310502283,12,4,57.4749316317229,0.42538117562207,76.09,5,42842.0382744754,1,0.0282665799569333,2054
"Minor_Damage_And_Injuries",54.8858447488584,12,1,65.4512306289882,0.578644789037144,79.66,2,22671.8172128642,0,0.307623471832018,3549
"Minor_Damage_And_Injuries",40.1826484018265,13,4,55.9252506836828,0.444854670032455,84.87,4,27569.7208350064,2,0.0507365851904243,102
"Significant_Damage_And_Serious_Injuries",38.7671232876712,14,5,59.4804010938925,0.47190119004688,83.92,1,43419.8755634569,1,1.62366182311179,8427
"Minor_Damage_And_Injuries",43.7899543378995,15,3,69.4165907019143,0.306376487558601,79.28,2,42416.2704287528,3,0.573748943852159,4613
"Minor_Damage_And_Injuries",39.8173515981735,17,3,59.2980856882407,0.538976559682654,77.85,4,32127.8884623933,2,0.0593966255335747,2550
"Significant_Damage_And_Serious_Injuries",26.1187214611872,17,1,82.4521422060164,0.18809304002885,82.97,2,38360.5730719553,1,0.519355070097568,5458
"Significant_Damage_And_Serious_Injuries",25.5707762557078,18,2,62.0783956244303,0.518421204471691,79.1,3,24133.6121321743,1,0.120843466623102,751
"Minor_Damage_And_Injuries",48.9954337899543,14,9,37.6481312670921,0.607133790119004,86.59,7,28384.5263097579,2,0.00285292274889008,8593
"Significant_Damage_And_Serious_Injuries",22.2831050228311,18,10,66.0437556973564,0.254447169130905,76.21,6,26271.8716314514,2,0.00691660370224402,7362
"Highly_Fatal_And_Damaging",61.4155251141552,14,0,39.8814949863264,0.634901550667147,76.33,2,49762.7970613739,2,0.678555591591014,8306
"Minor_Damage_And_Injuries",31.5981735159817,19,9,69.3254329990884,0.380303642264695,78.27,5,31041.7385112057,2,0.0210028454861726,10871
"Significant_Damage_And_Serious_Injuries",42.3744292237443,12,1,90.154968094804,0.297000360620267,77.73,3,26032.9419014836,2,0.12870766465902,4131
"Highly_Fatal_And_Damaging",46.0730593607306,8,3,59.2980856882407,0.364796970789758,78.09,3,28135.9173146792,2,0.141031133810539,6011
"Minor_Damage_And_Injuries",62.0091324200913,6,19,56.7000911577028,0.672406058420483,77.55,5,34371.8627634336,3,0.0235713550866848,1106
"Significant_Damage_And_Fatalities",68.7214611872146,11,15,69.0063810391978,0.373091236927515,88.48,2,38384.4318243461,4,0.520190230407246,10539
"Significant_Damage_And_Serious_Injuries",47.8995433789954,17,22,53.7830446672744,0.437642264695276,79.37,6,23007.8887592863,0,0.0053353160716145,9208
"Significant_Damage_And_Serious_Injuries",24.8858447488584,18,9,82.9079307201459,0.337750450775333,79.2,6,32328.2199170687,2,0.00765408891041451,1680
"Highly_Fatal_And_Damaging",35.7077625570776,11,7,68.5050136736554,0.247595384060584,78.4,7,20061.5449045476,1,0.00157999699052863,1596
"Minor_Damage_And_Injuries",43.972602739726,15,11,72.0145852324522,0.309982690227191,76.92,7,25158.3121080831,1,0.00237840507512804,10595
"Highly_Fatal_And_Damaging",18.7214611872146,16,1,74.2479489516864,0.238940497655968,78.7,4,23049.1459255511,2,0.0422835255042087,1289
"Minor_Damage_And_Injuries",65.0228310502283,9,0,68.003646308113,0.240022358456545,76.61,4,32800.8368678312,2,0.05994597155975,9010
"Minor_Damage_And_Injuries",58.2648401826484,11,7,76.8915223336372,0.426823656689506,82.92,5,29213.2781256254,1,0.0203538907847209,1422
"Highly_Fatal_And_Damaging",16.5296803652968,16,0,71.7866909753874,0.398695275874504,76.88,1,31038.9017902922,4,1.1418573845188,9099
"Minor_Damage_And_Injuries",53.8812785388128,12,11,70.1002734731085,0.354699603317706,75.33,2,43310.6014766505,0,0.582155821255315,4840
"Highly_Fatal_And_Damaging",43.4703196347032,15,7,52.3245214220602,0.46865560764515,81.89,5,35275.1736500642,1,0.0227672349062548,396
"Significant_Damage_And_Fatalities",34.5662100456621,11,6,50.7748404740201,0.481277316985214,85.53,4,37212.1921502745,2,0.0680573980642769,3833
"Significant_Damage_And_Serious_Injuries",17.351598173516,20,12,62.5341841385597,0.276805625676163,76.74,3,19136.2788759055,2,0.0945616410103572,117
"Highly_Fatal_And_Damaging",15.7077625570776,17,0,71.8322698268004,0.315752614496934,85.04,4,21536.2194666649,2,0.0392372027056285,11303
"Significant_Damage_And_Serious_Injuries",31.9634703196347,15,7,70.0091157702826,0.333062387306166,78.58,6,27480.0655746523,3,0.00644871247685485,3391
"Significant_Damage_And_Fatalities",58.9954337899543,14,8,64.4029170464904,0.462525063108547,76.13,6,33138.5437445535,2,0.00767206096520061,4531
"Highly_Fatal_And_Damaging",36.1643835616438,11,3,77.9854147675479,0.250840966462315,77.34,2,26430.500959507,1,0.35682265469168,5825
"Highly_Fatal_And_Damaging",29.8630136986301,12,6,74.9316317228806,0.229203750450775,77.63,7,37119.5433800372,2,0.00347140189585361,7855
"Minor_Damage_And_Injuries",27.1232876712329,20,2,62.0328167730173,0.452067075369635,79.72,4,12598.3641491423,2,0.0217637427833155,10001
"Minor_Damage_And_Injuries",57.7168949771689,11,4,77.073837739289,0.232449332852506,80.99,1,34239.8497938214,0,1.2581610297204,11995
"Significant_Damage_And_Fatalities",9.31506849315068,19,9,49.8632634457612,0.362272628921745,81.2,4,38634.4918369471,1,0.0707412082678978,6307
"Significant_Damage_And_Fatalities",54.7488584474886,15,3,58.6144029170465,0.219467003245582,80.12,3,26210.1922272661,1,0.131214852950511,10800
"Minor_Damage_And_Injuries",48.2648401826484,14,2,67.4111212397448,0.300606563288856,77.49,2,33848.1611167429,2,0.459495411657297,6052
"Minor_Damage_And_Injuries",53.8812785388128,12,7,66.9553327256153,0.302770284890011,77.03,2,42734.0613091042,2,0.579515445156363,1507
"Highly_Fatal_And_Damaging",23.0593607305936,14,15,56.1987237921604,0.362633249188604,80.55,6,39646.0018104717,3,0.0102550034172396,8286
"Highly_Fatal_And_Damaging",29.1324200913242,13,10,82.0875113947128,0.268871979805265,78.65,7,14957.1522640326,2,0.00135636474701727,2440
"Minor_Damage_And_Injuries",41.2785388127854,13,17,53.6007292616226,0.548713306887847,83.73,3,39380.2913549638,2,0.194627896518072,6531
"Minor_Damage_And_Injuries",63.1050228310502,6,12,52.6891522333637,0.366960692390912,77.8,2,44097.2431589665,1,0.592942659255445,5495
"Highly_Fatal_And_Damaging",22.0547945205479,15,7,92.3883318140383,0.185208077893978,81.03,4,28994.8333817836,1,0.0529759992897854,1554
"Significant_Damage_And_Serious_Injuries",38.5844748858447,13,5,70.8751139471286,0.307458348359178,84.92,3,38405.2090260466,1,0.191426209105848,9175
"Highly_Fatal_And_Damaging",46.027397260274,8,8,66.2260711030082,0.572514244500541,79,1,29433.3007197522,2,1.08869848224258,3838
"Significant_Damage_And_Serious_Injuries",20.5022831050228,19,2,77.3473108477666,0.355781464118283,76.75,3,15865.8721701261,1,0.0807340349465771,2891
"Significant_Damage_And_Serious_Injuries",40.3196347031963,13,13,71.8778486782133,0.355420843851424,78.93,6,53323.6708564959,1,0.0121013358844603,10995
"Minor_Damage_And_Injuries",38.0365296803653,13,2,55.9708295350957,0.585496574107465,83.08,4,28454.4613989612,2,0.0520195059207914,9426
"Highly_Fatal_And_Damaging",19.9543378995434,16,4,65.8614402917047,0.399416516408222,80.12,4,15301.2519569662,2,0.0266542637449122,315
"Highly_Fatal_And_Damaging",40.7762557077626,9,1,92.616226071103,0.22379444644789,79.43,3,37268.6477821181,1,0.186393853167304,12495
"Significant_Damage_And_Serious_Injuries",36.7579908675799,14,10,59.7082953509572,0.407710782545979,79.56,3,24784.5496889019,3,0.121638567542421,983
"Highly_Fatal_And_Damaging",38.2648401826484,10,1,77.028258887876,0.324768121168409,80.21,7,45031.0840390284,2,0.00400200391853314,1609
"Highly_Fatal_And_Damaging",59.4063926940639,14,9,38.9699179580674,0.785640822214209,77.27,2,35589.5936216274,2,0.480311362723386,11354
"Significant_Damage_And_Fatalities",73.5159817351598,10,19,69.5533272561531,0.246874143526866,78.2,4,23275.6522223314,2,0.0423891336784103,8968
"Highly_Fatal_And_Damaging",4.65753424657534,20,8,64.9954421148587,0.458918860439956,83.36,1,32394.7045379385,2,1.18433439338999,9396
"Highly_Fatal_And_Damaging",50.1369863013699,6,3,72.151321786691,0.308900829426614,78.27,4,33425.2255805168,1,0.0613438548147005,1925
"Minor_Damage_And_Injuries",63.6986301369863,10,12,57.2470373746582,0.538615939415795,82.2,2,31738.5463084419,1,0.429534515417133,11016
"Significant_Damage_And_Serious_Injuries",44.337899543379,12,1,65.1321786690975,0.330538045438154,80.77,2,23768.2796029631,3,0.320229608370603,6271
"Significant_Damage_And_Fatalities",25.8904109589041,14,1,49.2707383773929,0.438002884962135,80.23,3,32732.6183611824,1,0.163199733689906,6222
"Significant_Damage_And_Serious_Injuries",42.283105022831,12,18,60.665451230629,0.353617742517129,78.55,7,45795.5029606522,3,0.00399140734965052,7099
"Highly_Fatal_And_Damaging",39.8173515981735,10,18,58.0674567000912,0.434396682293545,80.98,4,50314.7204576381,3,0.0966766638812981,5885
"Minor_Damage_And_Injuries",44.0182648401826,12,6,30.7201458523245,0.820260367832672,76.37,5,29067.5618479554,4,0.0199277151957828,8941