"Severity","Safety_Score","Days_Since_Inspection","Total_Safety_Complaints","Control_Metric","Turbulence_In_gforces","Cabin_Temperature","Accident_Type_Code","Max_Elevation","Violations","Adverse_Weather_Metric","Accident_ID"
"Significant_Damage_And_Serious_Injuries",30.3196347031963,16,5,70.464904284412,0.394728452939055,76.53,3,44556.1666064992,2,0.217998520668368,7990
"Minor_Damage_And_Injuries",56.027397260274,12,2,93.6645396536008,0.176553191489361,82.67,2,34177.244084915,3,0.462514456126825,6419
"Significant_Damage_And_Serious_Injuries",54.7488584474886,9,9,78.5779398359162,0.311064551027768,80.75,5,34578.1339583837,2,0.0227520656738623,11186
"Significant_Damage_And_Fatalities",30.3196347031963,12,5,55.3783044667274,0.253004688063469,87.65,1,32919.0524774902,1,1.20364148403587,6300
"Significant_Damage_And_Serious_Injuries",42.1917808219178,12,2,69.1431175934367,0.320080057699243,81.2,5,28510.1224862741,3,0.0188573942980396,2752
"Highly_Fatal_And_Damaging",13.7899543378995,17,12,63.3090246125798,0.251922827262892,77.29,4,30477.3190817566,2,0.0556296473123615,8083
"Significant_Damage_And_Fatalities",35.2054794520548,11,12,50.1823154056518,0.484522899386945,77.67,4,36010.8964759583,3,0.0664512614802825,6773
"Significant_Damage_And_Serious_Injuries",57.1689497716895,8,5,89.2433910665451,0.25985647313379,80.05,6,35640.0523344145,1,0.00923431990173697,406
"Significant_Damage_And_Serious_Injuries",18.9041095890411,19,8,64.3573381950775,0.337389830508475,78.52,1,42453.4527180898,1,1.55274182690122,10407
"Highly_Fatal_And_Damaging",44.8401826484018,8,10,73.9744758432088,0.339553552109629,80.61,4,33892.7702492079,1,0.0620379742960961,11959
"Minor_Damage_And_Injuries",31.1872146118721,19,38,70.6016408386509,0.339914172376487,79.22,5,48367.5893217614,1,0.0330801193794526,174
"Highly_Fatal_And_Damaging",19.1780821917808,21,0,57.0191431175934,0.375976199062387,81.82,7,25229.7819974548,1,0.00226741238790717,10224
"Highly_Fatal_And_Damaging",20.3196347031963,15,8,76.9371011850502,0.284378651280202,82.12,4,25245.6347673321,2,0.0455923069020736,1935
"Minor_Damage_And_Injuries",44.4292237442922,15,2,68.003646308113,0.240022358456545,75.71,2,25598.804538292,0,0.346527327910913,5652
"Significant_Damage_And_Fatalities",40.6392694063927,9,6,46.0802187784868,0.408071402812838,78.06,2,26365.8261288618,4,0.357094606519919,8510
"Highly_Fatal_And_Damaging",16.5296803652968,17,29,63.9015496809481,0.379582401730977,77.91,6,34422.3971922439,3,0.00841764201499157,11783
"Highly_Fatal_And_Damaging",61.5068493150685,10,5,45.2597994530538,0.478392354850342,81.8,7,36969.1983790329,1,0.00360683476794685,627
"Significant_Damage_And_Fatalities",27.4429223744292,13,1,44.8951686417502,0.409874504147133,79.22,2,35508.1831470116,3,0.482942371692265,5598
"Highly_Fatal_And_Damaging",25.296803652968,14,3,76.8003646308113,0.242907320591417,80.06,3,33319.4538870578,3,0.164830368934041,10848
"Minor_Damage_And_Injuries",27.4885844748858,20,3,71.7866909753874,0.446657771366751,79.8,2,25114.395402466,2,0.339470394778478,7159
"Significant_Damage_And_Serious_Injuries",42.1917808219178,12,0,63.8559708295351,0.302770284890011,84.48,3,30580.7516297544,4,0.150239798754167,1351
"Significant_Damage_And_Fatalities",29.9543378995434,22,0,66.6818596171377,0.306376487558601,83.58,7,33784.9537224768,1,0.00329233679584091,8671
"Significant_Damage_And_Serious_Injuries",27.8995433789954,17,6,76.5724703737466,0.265987017670393,76.98,6,25045.593970414,2,0.00609996954808046,6946
"Highly_Fatal_And_Damaging",25.1598173515982,14,11,65.587967183227,0.236776776054814,81.88,1,22730.4709071459,0,0.832143765453817,2120
"Minor_Damage_And_Injuries",42.283105022831,16,7,65.1321786690975,0.329095564370718,80.03,1,32562.5772352937,3,1.18304526786249,5439
"Significant_Damage_And_Serious_Injuries",21.9178082191781,18,13,62.8076572470374,0.330898665705012,79.4,3,29457.1314157155,2,0.147082418871215,4425
"Significant_Damage_And_Serious_Injuries",15.7534246575342,20,28,68.869644484959,0.267429498737829,77.58,3,20059.3847114503,2,0.0984961040817364,8549
"Highly_Fatal_And_Damaging",15.4337899543379,17,2,63.9015496809481,0.401580238009376,79.94,1,28677.9558577841,3,1.05500303749009,9024
"Significant_Damage_And_Fatalities",36.027397260274,11,14,56.563354603464,0.475507392715471,82.02,1,24420.713003042,3,0.905184703862421,10554
"Significant_Damage_And_Fatalities",50.0456621004566,17,14,70.0091157702826,0.354699603317706,77.78,2,40744.7030223456,1,0.551040805007,11234
"Highly_Fatal_And_Damaging",28.9041095890411,13,4,62.2607110300821,0.383909844933285,76.85,1,55683.7444753324,1,2.04849047999187,4416
"Minor_Damage_And_Injuries",38.0365296803653,17,2,63.5824977210575,0.32080129823296,81.49,1,19243.1330905624,3,0.685290136584357,4994
"Minor_Damage_And_Injuries",48.310502283105,14,8,75.38742023701,0.395810313739632,79.07,2,41118.8952653631,1,0.553503805823988,5560
"Minor_Damage_And_Injuries",40.7762557077626,13,19,56.7456700091158,0.548713306887847,80.23,3,32044.5563759182,3,0.158785042527872,3482
"Significant_Damage_And_Serious_Injuries",40.3196347031963,13,15,77.9398359161349,0.249759105661738,79.12,6,23807.8541787822,1,0.00623447084626441,405
"Significant_Damage_And_Serious_Injuries",26.2557077625571,17,4,76.7547857793984,0.307097728092319,78.74,6,42138.1904119064,3,0.010121604078669,10241
"Minor_Damage_And_Injuries",50.5022831050228,13,13,69.644484958979,0.425020555355211,83.97,3,39759.020002548,3,0.197414518704467,12160
"Minor_Damage_And_Injuries",64.8401826484018,9,0,64.3573381950775,0.448460872701046,78.49,5,46418.3805063549,2,0.0313585716185308,2346
"Significant_Damage_And_Serious_Injuries",48.7214611872146,10,1,61.2123974475843,0.368042553191489,77.3,3,22475.1258704004,2,0.112244853314345,192
"Minor_Damage_And_Injuries",62.648401826484,6,1,56.7000911577028,0.495702127659574,83.92,7,31827.6148641008,1,0.00262759331216413,5614
"Significant_Damage_And_Serious_Injuries",34.4748858447488,15,23,57.8851412944394,0.508323836999639,83.64,4,52249.6101461372,2,0.0928046600866946,8305
"Significant_Damage_And_Serious_Injuries",58.4931506849315,1,20,67.0464904284412,0.409513883880274,79.72,7,25135.8514798608,2,0.00230004418283243,361
"Highly_Fatal_And_Damaging",33.1963470319635,11,2,65.6791248860529,0.368042553191489,76.64,4,29234.3163901548,0,0.05298780403596,5636
"Significant_Damage_And_Fatalities",62.6940639269406,13,16,75.7520510483136,0.333062387306166,77.94,7,43771.0964842182,2,0.0038460374795458,8226
"Significant_Damage_And_Fatalities",64.2009132420091,13,7,63.5369188696445,0.513011900468806,77.62,7,28451.0147010119,1,0.00273357546202374,5044
"Significant_Damage_And_Fatalities",72.9223744292237,10,19,60.5742935278031,0.367321312657771,86.4,7,21530.9638754351,2,0.0020601739139869,10315
"Significant_Damage_And_Serious_Injuries",44.0639269406393,12,4,72.7894257064722,0.273560043274432,80.96,6,31603.8816790219,2,0.00821422374383652,1199
"Significant_Damage_And_Serious_Injuries",48.6301369863014,10,2,81.9051959890611,0.226679408582762,79.9,3,33729.9660574611,4,0.168586748894355,12190
"Minor_Damage_And_Injuries",64.5662100456621,9,14,73.6554238833182,0.335947349441038,79.3,5,49233.3487052144,1,0.0331848565099239,9092
"Highly_Fatal_And_Damaging",44.0639269406393,15,7,51.2306289881495,0.633098449332852,81.79,5,36354.4884269448,2,0.0247342686946216,9025
"Significant_Damage_And_Fatalities",58.7214611872146,14,7,66.2260711030082,0.423217454020916,76.37,7,31652.7562487891,2,0.00290241121216763,10608
"Significant_Damage_And_Serious_Injuries",61.2328767123288,7,2,61.5770282588879,0.380303642264695,83.1,3,36841.5011117076,2,0.182502202884981,9977
"Significant_Damage_And_Serious_Injuries",38.7214611872146,14,9,73.1540565177758,0.317916336098088,78.54,3,40147.9702892872,2,0.200329336130819,4470
"Minor_Damage_And_Injuries",36.027397260274,14,3,35.9161349134002,0.563138117562207,80.2,1,49433.5375323875,3,1.82919128625319,3278
"Highly_Fatal_And_Damaging",30.7762557077626,19,2,50.9571558796719,0.527076090876307,79.97,2,57472.2115284175,2,0.741478293159132,9961
"Significant_Damage_And_Fatalities",38.9954337899543,10,17,51.8231540565178,0.540058420483231,79.21,1,10730.4301304362,4,0.387799082295146,12157
"Significant_Damage_And_Serious_Injuries",36.7123287671233,14,3,60.3008204193255,0.243989181391994,84.15,6,30262.4428862751,2,0.00758161235223082,5965
"Highly_Fatal_And_Damaging",32.5114155251142,12,5,66.2260711030082,0.610739992787594,81.76,4,21762.6987765703,3,0.0392842404749492,5962
"Significant_Damage_And_Serious_Injuries",22.8310502283105,18,22,91.1121239744758,0.351814641182834,81.82,1,29801.5065245731,0,1.08269875185483,4579
"Significant_Damage_And_Serious_Injuries",30.9132420091324,16,2,81.4038286235187,0.242186080057699,79.51,3,22753.3132521245,0,0.113684532201768,6156
"Significant_Damage_And_Fatalities",28.9041095890411,13,2,44.7584320875114,0.687191489361702,77.37,1,48855.4898240516,2,1.78728887212675,1882
"Highly_Fatal_And_Damaging",46.027397260274,8,3,69.1886964448496,0.675651640822214,79.64,4,33766.1821180728,2,0.0623374264236487,8784
"Highly_Fatal_And_Damaging",43.6986301369863,15,7,50.7748404740201,0.645720158672917,77.71,5,45760.7560852147,2,0.0309501756806459,4502
"Significant_Damage_And_Serious_Injuries",31.0958904109589,16,5,64.2206016408387,0.462525063108547,75.68,6,36742.9903189402,3,0.00869067328026623,11120
"Significant_Damage_And_Serious_Injuries",50.5022831050228,10,0,80.6745670009116,0.240022358456545,79.04,6,43136.2535286232,3,0.0105864665990747,8609
"Significant_Damage_And_Serious_Injuries",38.7671232876712,14,22,69.9635369188697,0.380664262531554,80.75,3,42630.26184936,2,0.211596151973155,3362
"Significant_Damage_And_Serious_Injuries",48.4474885844749,10,6,73.7010027347311,0.370206274792643,79.57,3,30361.8731058024,2,0.151493600815679,10564
"Significant_Damage_And_Fatalities",82.2374429223744,7,11,87.2379216043756,0.28509989181392,75.61,7,26960.231513311,0,0.00232444587038262,5169
"Significant_Damage_And_Fatalities",76.62100456621,9,1,62.2607110300821,0.461803822574828,79.43,6,22564.4372023181,3,0.005557064300179,12170
"Minor_Damage_And_Injuries",41.324200913242,16,1,75.2962625341842,0.312867652362062,80.27,2,43972.097174903,1,0.592942659255445,1731
"Significant_Damage_And_Serious_Injuries",47.5799086757991,11,10,74.6581586144029,0.28509989181392,78.05,3,36295.1033532213,1,0.181272564010217,7988
"Significant_Damage_And_Serious_Injuries",46.1643835616438,11,3,77.9854147675479,0.363354489722322,78.03,6,14955.1363680224,1,0.00367858356276741,1864
"Highly_Fatal_And_Damaging",41.0958904109589,9,11,61.485870556062,0.352535881716553,86.58,4,33184.1078820385,1,0.0607198408414015,11229
"Highly_Fatal_And_Damaging",48.2648401826484,7,11,77.5296262534184,0.207205914172377,79.51,4,31078.8333618556,3,0.0575073942485794,492
"Minor_Damage_And_Injuries",24.8858447488584,17,0,51.9143117593437,0.507241976199062,77.95,4,39522.7931084241,3,0.0732355607136367,2473
"Minor_Damage_And_Injuries",50.1826484018265,10,4,45.3965360072927,0.476589253516048,78.33,6,27780.3160869946,3,0.0065306456156929,1836
"Significant_Damage_And_Serious_Injuries",31.0958904109589,16,7,72.8805834092981,0.351814641182834,76.18,6,29311.5725785883,4,0.00754543847183463,4796
"Minor_Damage_And_Injuries",61.324200913242,10,9,67.4111212397448,0.24543166245943,80.84,2,23787.7963047131,3,0.319962377604897,10906
"Minor_Damage_And_Injuries",41.324200913242,16,2,80.0364630811304,0.234252434186801,76.8,6,33323.2909885593,1,0.00914579273394588,907
"Minor_Damage_And_Injuries",22.8767123287671,19,7,54.147675478578,0.592348359177785,80.53,4,45290.8837505859,3,0.083610549525106,4392
"Minor_Damage_And_Injuries",50.9132420091324,10,0,45.3965360072927,0.727941579516768,80.24,4,48400.6194864647,2,0.0888961552082543,6791
"Minor_Damage_And_Injuries",62.1917808219178,10,6,85.278030993619,0.351093400649116,77.17,2,31396.9500820815,3,0.426934615801289,1187
"Minor_Damage_And_Injuries",36.4383561643836,18,1,72.4247948951687,0.351093400649116,78.83,2,25114.395402466,2,0.339886381510903,3129
"Minor_Damage_And_Injuries",34.8401826484018,15,3,52.4156791248861,0.629852866931121,83.76,2,27654.2850151467,3,0.374206789143652,4508
"Significant_Damage_And_Serious_Injuries",24.8858447488584,18,7,75.8887876025524,0.229564370717634,77.93,3,37964.2880886999,2,0.189062380253031,7185
"Significant_Damage_And_Fatalities",41.689497716895,20,9,58.6599817684595,0.284739271547061,77.01,2,20737.0208812898,1,0.279104058078208,11903
"Minor_Damage_And_Injuries",66.8036529680365,5,9,55.6061987237922,0.300967183555716,78.39,4,27384.8076695731,1,0.0501829965944103,7489
"Significant_Damage_And_Serious_Injuries",42.3287671232877,12,1,90.154968094804,0.286902993148215,77.73,4,26032.9419014836,1,0.0481186113732843,8991
"Highly_Fatal_And_Damaging",46.8493150684931,14,3,50.820419325433,0.618313018391633,81.6,2,37572.3349371428,3,0.509526604628516,525
"Significant_Damage_And_Fatalities",46.8949771689498,18,0,57.7484047402006,0.356502704652002,76.35,4,36896.7612819041,3,0.0673084209630457,8202
"Minor_Damage_And_Injuries",40.0913242009132,16,5,69.4165907019143,0.337389830508475,75.14,2,25016.3637851441,2,0.338559667841261,3669
"Minor_Damage_And_Injuries",63.6529680365297,10,0,80.2643573381951,0.297721601153985,79.94,2,48139.7159902045,0,0.653318296764309,10420
"Significant_Damage_And_Serious_Injuries",33.2876712328767,15,2,58.9334548769371,0.399055896141363,77.35,4,33651.5805229688,1,0.0609647807572276,3424
"Highly_Fatal_And_Damaging",13.6986301369863,17,34,70.1458523245214,0.230646231518211,79.07,4,47182.8146074081,1,0.0867471686429157,2160
"Highly_Fatal_And_Damaging",4.93150684931507,20,1,76.0255241567913,0.309622069960331,76.44,4,31531.7961960508,2,0.0568993839144786,1433
"Significant_Damage_And_Fatalities",28.9497716894977,20,13,58.20419325433,0.554122610890732,78.61,7,28451.0147010119,2,0.00276636633650779,6719
"Highly_Fatal_And_Damaging",25.8447488584475,14,3,61.7593436645397,0.322243779300397,82.53,1,27108.1286016377,1,0.993891141184969,3132
"Significant_Damage_And_Fatalities",58.9954337899543,14,7,62.7164995442115,0.317916336098088,80.64,5,45881.8023814062,2,0.0309501756806459,10319
"Minor_Damage_And_Injuries",38.4018264840183,17,23,56.6545123062899,0.404104579877389,76.86,2,31546.4382673113,1,0.426352881331156,1927
"Significant_Damage_And_Fatalities",10.6392694063927,18,6,47.9033728350046,0.54402524341868,77.9,4,11063.8680478305,2,0.0193619574602432,11764
"Significant_Damage_And_Serious_Injuries",56.62100456621,8,6,65.587967183227,0.318276956364948,79.83,6,40754.7183275228,0,0.00989065639241996,10771
"Minor_Damage_And_Injuries",64.5662100456621,9,14,72.2424794895169,0.414201947349441,79.23,5,5573.65221329357,2,0.00451160449111055,1495
"Highly_Fatal_And_Damaging",22.3287671232877,15,27,57.8851412944394,0.467573746844573,78.59,4,46047.5076270262,1,0.0847856393439959,5014
"Significant_Damage_And_Serious_Injuries",26.1643835616438,17,0,62.6709206927985,0.400498377208799,80.35,3,26274.6928894615,2,0.130415663730182,9213
"Significant_Damage_And_Fatalities",37.5799086757991,11,6,52.5524156791249,0.629852866931121,80.13,4,5142.28607310439,2,0.0178040949925781,3408
"Significant_Damage_And_Fatalities",93.7899543378995,5,0,65.0865998176846,0.339553552109629,79.56,6,22248.3350362665,3,0.00574876068558583,3493
"Significant_Damage_And_Serious_Injuries",32.1004566210046,15,19,61.5770282588879,0.485965380454381,78.23,3,14797.0711532368,3,0.0714622900944116,2290
"Highly_Fatal_And_Damaging",39.2694063926941,10,3,59.2980856882407,0.334865488640461,80.37,4,38050.4413138882,2,0.0693300746864775,4641
"Significant_Damage_And_Fatalities",15.296803652968,17,8,51.5952597994531,0.444854670032455,77.75,1,20061.6577544012,1,0.741000085873413,12278
"Highly_Fatal_And_Damaging",33.8812785388128,11,6,72.8805834092981,0.336668589974756,81.74,4,21620.8716439398,1,0.0392021889100851,156
"Highly_Fatal_And_Damaging",57.2602739726027,11,7,55.9708295350957,0.409153263613415,82.01,6,4866.79854212583,2,0.00120635874796911,3001
"Highly_Fatal_And_Damaging",12.4657534246575,18,9,59.2525068368277,0.391482870537324,78.02,5,38017.7118627644,2,0.0266123032873258,7004
"Significant_Damage_And_Fatalities",46.5753424657534,8,10,53.9653600729262,0.605691309051569,81.72,3,39488.3014653357,3,0.197770829155602,7733
"Significant_Damage_And_Serious_Injuries",44.5205479452055,12,3,65.1321786690975,0.364796970789758,80.96,6,38801.3690549755,1,0.00981960279882369,4515
"Significant_Damage_And_Serious_Injuries",18.7214611872146,19,8,64.5396536007293,0.341717273710782,78.73,3,45004.8195801942,0,0.223615476753343,7215
"Highly_Fatal_And_Damaging",48.6301369863014,7,2,61.6226071103008,0.426102416155788,81.31,4,30372.7583025121,1,0.0561870785595682,8579
"Highly_Fatal_And_Damaging",19.1780821917808,16,1,76.6180492251596,0.327653083303281,86.56,2,24761.2566336851,4,0.338789779896926,10610
"Minor_Damage_And_Injuries",62.1461187214612,10,10,65.5423883318141,0.318276956364948,82.11,5,31152.238667477,2,0.0198897526403846,6743
"Minor_Damage_And_Injuries",20.8675799086758,19,14,38.7876025524157,0.556646952758745,77.78,3,23849.2248125527,1,0.119711370429235,10730
"Significant_Damage_And_Serious_Injuries",25.2511415525114,17,0,76.5724703737466,0.239661738189686,80.98,3,26632.0129708879,2,0.132638956145098,8188
"Significant_Damage_And_Serious_Injuries",18.7214611872146,19,1,59.1613491340018,0.48632600072124,79.81,3,19494.8587357381,0,0.0959492507511792,6334
"Highly_Fatal_And_Damaging",19.7716894977169,16,0,61.9872379216044,0.466131265777136,83.52,1,28817.1039612992,1,1.05500303749009,9762
"Highly_Fatal_And_Damaging",22.8310502283105,15,2,73.4275296262534,0.463246303642264,76.19,1,34544.1444583375,3,1.28056792439571,2115
"Minor_Damage_And_Injuries",49.2694063926941,14,3,72.151321786691,0.358305805986296,85.19,2,17090.3155124177,1,0.234689040083959,6131
"Significant_Damage_And_Serious_Injuries",32.0091324200913,15,7,62.0783956244303,0.361190768121168,78.09,7,33069.8621344115,2,0.0032238601136394,1074
"Minor_Damage_And_Injuries",45.4337899543379,15,10,77.5296262534184,0.355060223584565,79.07,2,41118.8952653631,2,0.556606594610154,5776
"Significant_Damage_And_Serious_Injuries",44.9315068493151,12,3,80.4010938924339,0.378139920663541,81.11,3,32185.6984169855,3,0.160231707920052,4924
"Highly_Fatal_And_Damaging",23.9269406392694,14,2,87.3746581586144,0.296279120086549,80.79,7,21790.7339062999,5,0.00172068366497551,10029
"Minor_Damage_And_Injuries",68.0365296803653,8,0,85.4147675478578,0.434757302560403,85.72,5,41870.0262217125,3,0.0281059369478195,12371
"Significant_Damage_And_Serious_Injuries",42.3287671232877,12,3,65.1321786690975,0.403022719076812,81.53,3,34987.9832316897,0,0.173891473900548,8676
"Highly_Fatal_And_Damaging",39.3607305936073,10,0,57.4749316317229,0.43583916336098,81.78,3,44882.6151076864,2,0.22568423147531,6201
"Significant_Damage_And_Serious_Injuries",56.7579908675799,8,4,65.0865998176846,0.339553552109629,78.85,6,27305.7293869438,2,0.00651040283031829,11382
"Minor_Damage_And_Injuries",57.2602739726027,11,0,68.8240656335461,0.254086548864046,82.38,2,28510.1224862741,3,0.383674121036191,8544
"Significant_Damage_And_Serious_Injuries",52.283105022831,6,24,79.8541476754786,0.271035701406419,75.61,1,17927.3384159879,2,0.647130362493558,4812
"Significant_Damage_And_Serious_Injuries",42.4200913242009,12,7,82.3154056517776,0.161046520014425,78.56,6,36929.4217155852,1,0.0092353588658826,12375
"Significant_Damage_And_Fatalities",44.703196347032,8,11,51.4129443938013,0.527436711143166,82.25,4,41018.7515716556,0,0.0750429331718821,6235
"Significant_Damage_And_Serious_Injuries",69.8630136986301,8,7,40.5195989061076,0.52960043274432,79.15,4,37237.1447369212,1,0.0688847896387925,7598
"Highly_Fatal_And_Damaging",28.6301369863014,13,2,99.9544211485871,0.370927515326361,82.49,4,27009.5953686171,3,0.0490314461556636,7597
"Significant_Damage_And_Serious_Injuries",38.5844748858447,13,6,72.0145852324522,0.33161990623873,81.86,6,22544.9814568305,2,0.0056033729569485,9299
"Highly_Fatal_And_Damaging",44.4748858447489,8,2,66.8641750227894,0.251201586729174,77.3,7,35468.9976035531,3,0.00332737623643381,10157
"Significant_Damage_And_Serious_Injuries",47.8995433789954,11,9,74.7037374658159,0.337029210241615,78.05,3,30361.8731058024,1,0.151103535537813,10997
"Minor_Damage_And_Injuries",21.324200913242,21,6,82.0419325432999,0.360108907320591,78.3,4,38634.4918369471,2,0.0710959797816375,7120
"Significant_Damage_And_Fatalities",58.0821917808219,14,7,61.8505013673656,0.491014064190407,81.71,6,52513.9126928886,3,0.0128097660558823,2666
"Significant_Damage_And_Fatalities",53.2876712328767,16,0,88.0127620783956,0.258774612333213,78.23,7,24842.6498966652,2,0.00241405163548066,2484
"Minor_Damage_And_Injuries",51.2328767123288,13,14,57.383773928897,0.440887847097007,80.81,3,29542.2935498954,4,0.147077299443035,7514
"Highly_Fatal_And_Damaging",52.2374429223744,13,1,55.5606198723792,0.604970068517851,77.3,2,33905.3514045601,3,0.458227397462646,9883
"Minor_Damage_And_Injuries",47.8538812785388,14,2,67.4567000911577,0.398334655607645,78.84,2,27650.3495758316,2,0.373623459926084,6163
"Significant_Damage_And_Serious_Injuries",77.3059360730594,4,2,56.9279854147676,0.487768481788677,77.74,7,28535.2624015247,2,0.00291873197749456,8874
"Highly_Fatal_And_Damaging",32.1917808219178,12,10,94.8495897903373,0.192781103498016,80.21,4,21267.7043733175,2,0.0388511850530627,7501
"Significant_Damage_And_Fatalities",80.5936073059361,8,7,87.2379216043756,0.28509989181392,80.75,1,40431.3115633387,0,1.49815531093095,4388
"Significant_Damage_And_Fatalities",22.1004566210046,15,3,55.6973564266181,0.39292535160476,76.51,4,20862.6343445671,3,0.0384517831023515,7531
"Significant_Damage_And_Serious_Injuries",16.986301369863,20,9,61.3491340018232,0.443051568698161,77.44,1,28746.8446050309,3,1.06012201014621,7083
"Minor_Damage_And_Injuries",31.689497716895,19,0,74.9316317228806,0.337750450775333,79.42,5,24905.0619902748,2,0.0165265950657187,2776
"Minor_Damage_And_Injuries",50.7762557077626,13,8,78.2588878760255,0.343159754778218,83.51,5,5573.65221329357,3,0.00259797974810656,2068
"Highly_Fatal_And_Damaging",41.7808219178082,16,7,55.6061987237922,0.369485034258925,79.73,3,8981.31545951776,1,0.0209268310262037,12231
"Minor_Damage_And_Injuries",33.6986301369863,18,10,54.5578851412944,0.605691309051569,81.66,2,32417.9301673667,4,0.437800105252872,10920
"Minor_Damage_And_Injuries",58.5844748858447,11,3,70.1914311759344,0.316834475297511,85.64,6,19100.8703857173,1,0.00477606636088931,4372
"Minor_Damage_And_Injuries",45.2054794520548,15,1,68.6417502278943,0.251922827262892,83.74,2,33951.338673945,2,0.459353706346865,12239
"Significant_Damage_And_Serious_Injuries",47.4885844748858,11,9,76.7547857793984,0.292672917417959,87.47,4,42282.7920364201,3,0.077011310665794,8765
"Minor_Damage_And_Injuries",44.337899543379,15,14,72.0145852324522,0.27788748647674,80.35,2,22253.1682025273,2,0.300683552375606,640
"Minor_Damage_And_Injuries",32.4657534246575,15,1,47.9033728350046,0.407710782545979,80.43,1,30380.8615154131,2,1.11090302185844,1085
"Significant_Damage_And_Serious_Injuries",57.3972602739726,8,3,69.8723792160438,0.382467363865849,78.59,7,32554.6018713331,1,0.00302335346036128,2796
"Highly_Fatal_And_Damaging",6.34703196347032,19,7,78.4867821330902,0.342438514244501,79.19,4,37616.4149312029,1,0.0680573980642769,5151
"Significant_Damage_And_Serious_Injuries",45.7990867579909,11,17,72.2424794895169,0.335586729174179,81.85,6,34924.7418304277,1,0.00892827044876468,7717
"Highly_Fatal_And_Damaging",28.4018264840183,13,5,67.2743846855059,0.298803461954562,81.26,5,28222.6869817888,2,0.0183426417789464,7314
"Minor_Damage_And_Injuries",58.4018264840183,11,4,69.5989061075661,0.421414352686621,82.73,2,38384.4318243461,0,0.519355070097568,11335
"Significant_Damage_And_Fatalities",37.2146118721461,10,3,52.5979945305378,0.456033898305084,77.91,4,32253.3806018104,1,0.0583398233039638,3
"Highly_Fatal_And_Damaging",12.4657534246575,18,2,75.432999088423,0.327292463036423,76,3,26734.0140324126,0,0.135445812857813,8094
"Highly_Fatal_And_Damaging",51.324200913242,13,1,45.4876937101185,0.478392354850342,76.48,5,48814.0867809123,2,0.0331848565099239,2009
"Highly_Fatal_And_Damaging",56.2557077625571,12,3,55.8340929808569,0.320440677966102,80.03,6,45399.1945658495,0,0.0112910935761171,7894
"Significant_Damage_And_Serious_Injuries",40.8675799086758,13,1,69.8268003646308,0.416005048683736,75.95,3,19872.4691787797,4,0.0989432469809368,7325
"Significant_Damage_And_Fatalities",25.5707762557078,14,2,50.8659981768459,0.527076090876307,76.27,4,49288.6355066503,3,0.0915074626693022,3727
"Minor_Damage_And_Injuries",53.8812785388128,12,17,73.7010027347311,0.294836639019113,75.33,5,42688.6369208672,1,0.0284866706906088,789
"Significant_Damage_And_Fatalities",58.9954337899543,14,7,64.3117593436645,0.40374395961053,79.35,1,34183.3511992209,1,1.25637083671277,8073
"Significant_Damage_And_Fatalities",58.7214611872146,14,7,79.9908842297174,0.308900829426614,82.53,2,8232.84365471706,3,0.116198848524886,10877
"Highly_Fatal_And_Damaging",22.2374429223744,15,1,73.6098450319052,0.384270465200144,76.05,1,38752.9477457052,2,1.42675995572906,5712
"Highly_Fatal_And_Damaging",31.1872146118721,12,5,66.4995442114859,0.463967544175982,81.72,4,21651.0494588669,2,0.039455404263157,9997
"Minor_Damage_And_Injuries",41.5068493150685,16,4,84.1385597082954,0.273199423007573,78.64,6,13710.446301435,3,0.0035568774101538,9799
"Significant_Damage_And_Fatalities",14.5205479452055,17,3,52.3245214220602,0.330177425171295,77.53,4,36172.7911889422,1,0.0664064222070882,12486
"Significant_Damage_And_Serious_Injuries",37.9908675799087,13,7,85.5970829535096,0.234973674720519,79.3,3,27724.2560137305,1,0.137231411214061,11247
"Highly_Fatal_And_Damaging",34.2465753424658,18,4,48.4958979033728,0.692240173097728,83.57,7,21741.0794070774,2,0.00201815311776992,8895
"Highly_Fatal_And_Damaging",22.7397260273973,14,0,60.4831358249772,0.244349801658853,84.15,1,21997.4295032142,2,0.815759669125553,8391
"Significant_Damage_And_Serious_Injuries",55.1141552511415,8,1,70.3737465815861,0.330898665705012,81.73,6,36989.0802344552,1,0.00855723481332363,5084
"Highly_Fatal_And_Damaging",52.7397260273972,13,7,54.147675478578,0.390761630003606,80.5,5,6740.55705429001,1,0.0085309014094308,6389
"Minor_Damage_And_Injuries",40.7305936073059,13,0,53.0993618960802,0.322604399567255,77.92,6,31487.5567418341,1,0.00768575712754597,3972
"Significant_Damage_And_Fatalities",31.1415525114155,12,2,54.6946216955333,0.448100252434187,77.21,6,27792.3921214436,5,0.00694639248650171,4023
"Minor_Damage_And_Injuries",51.2328767123288,13,13,57.383773928897,0.281133068878471,77.89,5,37713.772281611,1,0.0251101485805745,3633
"Minor_Damage_And_Injuries",60.5479452054795,11,2,76.8915223336372,0.428266137756942,80.85,2,27009.1612134643,2,0.364463009539701,6432