"Severity","Safety_Score","Days_Since_Inspection","Total_Safety_Complaints","Control_Metric","Turbulence_In_gforces","Cabin_Temperature","Accident_Type_Code","Max_Elevation","Violations","Adverse_Weather_Metric","Accident_ID"
"Highly_Fatal_And_Damaging",44.4748858447489,8,3,62.1239744758432,0.330898665705012,77.29,4,36408.268565211,3,0.0664963794143816,1153
"Significant_Damage_And_Serious_Injuries",43.1506849315068,12,21,61.0300820419326,0.413120086548864,77,3,37974.6171677544,1,0.189127877173483,8607
"Significant_Damage_And_Serious_Injuries",34.7488584474886,14,6,74.7493163172288,0.263823296069239,77.36,7,40762.8132780568,2,0.00361736169989073,8158
"Significant_Damage_And_Serious_Injuries",55.8904109589041,8,9,78.9425706472197,0.361190768121168,79.88,2,33976.4553144446,3,0.458859033557303,5645
"Significant_Damage_And_Serious_Injuries",54.8401826484018,9,0,87.2835004557885,0.277526866209881,79.54,2,28707.3418656464,2,0.38932566963731,8636
"Highly_Fatal_And_Damaging",28.9041095890411,13,0,68.3682771194166,0.398695275874504,76.13,1,38752.9477457052,3,1.42618225353357,11033
"Significant_Damage_And_Serious_Injuries",47.351598173516,11,8,70.1914311759344,0.280411828344753,76.71,3,38924.6214354371,1,0.193090443884492,3301
"Minor_Damage_And_Injuries",35.3881278538813,18,3,63.9015496809481,0.262741435268662,78.4,4,26880.3421862433,3,0.049008374205047,11419
"Highly_Fatal_And_Damaging",33.8812785388128,11,3,64.3573381950775,0.324046880634692,76.56,1,45972.1359787677,2,1.70002688793202,7217
"Minor_Damage_And_Injuries",20.958904109589,19,2,35.8249772105743,0.611100613054453,80.9,5,15714.1901232461,2,0.0109511184797237,11045
"Highly_Fatal_And_Damaging",26.3013698630137,13,10,78.669097538742,0.397613415073927,88.74,4,30469.2343965727,2,0.0557625104986608,7896
"Significant_Damage_And_Serious_Injuries",40.8219178082192,13,1,69.8268003646308,0.324046880634692,78.55,3,38350.7195579992,2,0.190986047416388,3083
"Significant_Damage_And_Fatalities",32.5570776255708,12,0,41.4311759343665,0.553401370357014,80.6,1,37034.4056430355,1,1.34636408457868,9870
"Significant_Damage_And_Fatalities",46.8949771689498,18,11,66.1804922515953,0.377418680129823,81.76,5,27222.8941270034,1,0.0191324436332997,1614
"Minor_Damage_And_Injuries",57.6712328767123,11,9,83.9106654512306,0.294476018752254,79.36,5,35847.895873568,4,0.024495461619962,3773
"Significant_Damage_And_Serious_Injuries",33.6986301369863,15,16,61.5314494074749,0.467213126577713,80.51,2,26021.8604452718,3,0.352152738713723,7449
"Significant_Damage_And_Fatalities",74.2009132420091,10,1,53.6463081130356,0.387876667868734,82.97,7,30551.9144715984,2,0.00270436622546922,10669
"Significant_Damage_And_Fatalities",67.4429223744292,11,3,59.1157702825889,0.366960692390912,79.21,7,27034.8776966234,3,0.00250016144798474,2771
"Significant_Damage_And_Fatalities",57.9908675799087,15,7,75.2051048313583,0.237858636855391,79.96,7,33959.191621618,3,0.00323435392509764,2498
"Minor_Damage_And_Injuries",43.1963470319635,15,8,60.5287146763902,0.315752614496934,77.16,2,32158.5045387508,0,0.43265129710754,6881
"Significant_Damage_And_Fatalities",11.5068493150685,18,4,31.5405651777575,0.584775333573747,77.82,3,36350.8751542663,3,0.181056414605482,598
"Significant_Damage_And_Serious_Injuries",55.9360730593607,8,0,64.8131267092069,0.365518211323476,76.86,6,26006.0804589729,3,0.00686081877193683,10341
"Minor_Damage_And_Injuries",46.8949771689498,14,2,97.7666362807658,0.370927515326361,79.45,7,30664.9684488475,2,0.00260493974551828,10204
"Highly_Fatal_And_Damaging",47.8995433789954,7,6,67.5022789425707,0.257332131265777,75.35,5,21524.2012567384,3,0.0140645549945742,8014
"Minor_Damage_And_Injuries",39.3607305936073,13,0,45.4421148587056,0.698731337901189,78.87,5,24600.5650962669,1,0.0176558251102843,3332
"Highly_Fatal_And_Damaging",46.4840182648402,15,0,53.9653600729262,0.621558600793364,80.26,4,49696.2613236884,2,0.0905924441864506,903
"Significant_Damage_And_Serious_Injuries",27.1232876712329,17,0,61.4402917046491,0.48632600072124,80.76,5,19494.8587357381,3,0.0125835462103629,780
"Minor_Damage_And_Injuries",58.8584474885845,7,0,53.2360984503191,0.584775333573747,80.17,2,29699.2142813025,3,0.401309819318027,12058
"Minor_Damage_And_Injuries",57.0319634703196,11,39,60.3463992707384,0.403383339343671,76.56,5,48367.5893217614,2,0.0324373855024073,2405
"Highly_Fatal_And_Damaging",27.7168949771689,13,5,57.2470373746582,0.308900829426614,78.68,2,21723.6549068887,1,0.30011361651155,6037
"Minor_Damage_And_Injuries",31.9634703196347,19,10,76.5268915223336,0.317555715831229,81.29,5,39152.7700279413,2,0.0257192489346566,5738
"Minor_Damage_And_Injuries",56.8036529680365,12,1,68.8240656335461,0.200354129102055,82.53,2,19364.5453914156,2,0.262284440356596,41
"Highly_Fatal_And_Damaging",43.1050228310502,9,9,66.1349134001823,0.317916336098088,80.36,4,37123.4671202188,1,0.0679868152263464,1445
"Minor_Damage_And_Injuries",38.4931506849315,17,36,73.1084776663628,0.405547060944825,79.62,7,45751.9834127951,4,0.00417600932533172,851
"Highly_Fatal_And_Damaging",25.1141552511416,14,5,66.8641750227894,0.478031734583483,78.1,4,24068.4258556326,1,0.0435695366800226,9217
"Highly_Fatal_And_Damaging",30.3196347031963,12,10,74.9316317228806,0.19133862243058,78.08,1,40754.7656202953,0,1.49471974586455,5904
"Minor_Damage_And_Injuries",45.0684931506849,11,35,55.2871467639016,0.583332852506311,78.43,6,22022.4520363672,2,0.00545998902726207,5764
"Significant_Damage_And_Serious_Injuries",40.0913242009132,13,12,57.5205104831358,0.605691309051569,82.2,7,38340.917759317,1,0.00351241302831694,1191
"Significant_Damage_And_Serious_Injuries",26.5753424657534,17,2,82.0875113947128,0.221630724846736,78.7,2,35996.0359317606,2,0.484710456352861,8947
"Minor_Damage_And_Injuries",50.9132420091324,13,0,70.6016408386509,0.361190768121168,79.75,2,31661.6288095643,1,0.429274158143407,7753
"Minor_Damage_And_Injuries",57.9908675799087,11,1,66.6362807657247,0.415644428416877,81.78,2,37749.2312463216,1,0.513039501471087,11118
"Highly_Fatal_And_Damaging",17.1689497716895,16,0,65.1777575205105,0.272838802740714,77.29,4,38399.455104896,0,0.0701503302031917,2329
"Significant_Damage_And_Fatalities",75.5707762557078,10,13,65.1321786690975,0.32116191849982,81.04,7,28153.6835624095,1,0.00260608261095233,6048
"Highly_Fatal_And_Damaging",34.703196347032,11,0,70.5560619872379,0.337029210241615,79.14,2,37236.7491118675,0,0.503944598786528,10512
"Significant_Damage_And_Serious_Injuries",37.9908675799087,13,0,67.3199635369189,0.301327803822575,80.06,3,13192.6746411516,2,0.0665379775736837,7594
"Minor_Damage_And_Injuries",40.7305936073059,16,2,76.253418413856,0.520945546339704,76.36,2,31290.8093282879,1,0.423504126503553,5735
"Minor_Damage_And_Injuries",29.634703196347,20,22,60.8021877848678,0.48993220338983,78.52,4,25239.6627058985,2,0.0462706745428268,3682
"Minor_Damage_And_Injuries",26.5753424657534,17,15,56.0619872379216,0.491735304724126,79.8,2,55535.5164400847,1,0.773009611486721,5029
"Highly_Fatal_And_Damaging",18.5388127853881,16,0,69.1431175934367,0.325849981968986,86.56,2,20815.9142089448,1,0.280042859677686,4429
"Significant_Damage_And_Fatalities",29.7260273972603,13,21,55.6517775752051,0.513011900468806,78.63,1,31195.5813468511,3,1.14117623817193,12373
"Significant_Damage_And_Fatalities",28.9041095890411,13,0,44.8951686417502,0.623001081860801,77.08,6,31432.1242314197,0,0.00784444465721868,6213
"Minor_Damage_And_Injuries",38.4474885844749,13,1,56.1531449407475,0.413480706815723,80.77,2,31433.1171716929,3,0.426934615801289,2882
"Significant_Damage_And_Serious_Injuries",23.8812785388128,18,8,58.4320875113947,0.282214929679048,76.77,6,38605.1262744008,0,0.00930781326945242,9598
"Minor_Damage_And_Injuries",53.6529680365297,9,3,42.0237010027347,0.413120086548864,76.12,6,22418.7974598276,3,0.00538907479033693,1152
"Highly_Fatal_And_Damaging",19.1780821917808,16,3,61.4402917046491,0.38571294626758,78.37,4,23720.1789326526,3,0.0434717134034317,12141
"Significant_Damage_And_Fatalities",39.4520547945205,20,13,70.5560619872379,0.293754778218536,77.91,7,32269.0683506148,0,0.00331235995409662,10434
"Significant_Damage_And_Serious_Injuries",36.027397260274,14,3,62.7164995442115,0.267790119004688,80.22,3,25474.3083165267,0,0.125493231955833,415
"Minor_Damage_And_Injuries",19.5433789954338,20,12,52.5524156791249,0.307818968626037,80.64,1,28475.1600066966,1,1.03719790787182,11128
"Significant_Damage_And_Fatalities",18.7214611872146,16,1,53.4639927073838,0.395449693472773,79.6,2,32147.4177639373,1,0.43265129710754,4766
"Significant_Damage_And_Serious_Injuries",41.689497716895,19,8,45.897903372835,0.668078615218175,78.76,6,24941.7862445858,1,0.00618103685986279,185
"Highly_Fatal_And_Damaging",33.7442922374429,11,2,61.485870556062,0.444133429498738,77.16,1,37060.2236393683,2,1.35839613360227,7903
"Minor_Damage_And_Injuries",62.0091324200913,6,21,33.6827711941659,0.668078615218175,79.88,1,52118.2696447033,4,1.9079256458467,2377
"Highly_Fatal_And_Damaging",12.6940639269406,18,6,75.432999088423,0.285821132347638,76.16,4,37164.6419753701,3,0.0688662703827097,2421
"Significant_Damage_And_Serious_Injuries",33.1050228310502,15,5,79.2616226071103,0.296639740353408,86.94,6,25373.3038769229,2,0.00627654085155748,1531
"Significant_Damage_And_Serious_Injuries",40.7762557077626,13,2,87.4658158614403,0.372009376126938,78.96,3,32133.4321785013,2,0.161099598375108,599
"Significant_Damage_And_Serious_Injuries",24.9315068493151,17,7,72.0145852324522,0.413480706815723,83.64,6,37664.9213225571,2,0.00957553756891347,8169
"Significant_Damage_And_Serious_Injuries",52.9223744292237,9,0,82.0875113947128,0.228843130183916,80.02,3,39961.8207622236,1,0.199585420560171,6062
"Minor_Damage_And_Injuries",54.5205479452055,12,2,73.0173199635369,0.32116191849982,80.53,5,58976.8520255293,3,0.0351650331134311,1399
"Minor_Damage_And_Injuries",70,8,2,72.7438468550593,0.427905517490083,80.85,5,24664.5289303028,2,0.0166996848599072,7409
"Significant_Damage_And_Fatalities",30.1369863013699,12,2,32.4521422060164,0.678175982690227,78.51,7,49288.6355066503,1,0.00454671815180665,2221
"Significant_Damage_And_Serious_Injuries",39.1324200913242,13,3,69.0063810391978,0.203960331770645,81.39,3,33523.7023387974,2,0.167563588643247,4069
"Highly_Fatal_And_Damaging",22.6027397260274,15,25,61.0300820419326,0.298803461954562,86.58,1,41118.8206454296,3,1.50734589361924,9527
"Significant_Damage_And_Serious_Injuries",23.6529680365297,18,0,76.6180492251596,0.233891813919942,79.53,4,26632.0129708879,1,0.0488975818320902,9683
"Highly_Fatal_And_Damaging",28.9041095890411,13,2,52.7803099361896,0.280411828344753,80.61,1,26412.3256335554,2,0.978578768073676,4068
"Highly_Fatal_And_Damaging",36.9406392694064,11,0,68.6417502278943,0.250840966462315,76.63,2,32800.8368678312,2,0.443077512708278,9825
"Highly_Fatal_And_Damaging",37.2146118721461,10,2,59.9817684594348,0.268150739271547,78.02,2,34616.5337280709,4,0.469625726447576,2378
"Significant_Damage_And_Serious_Injuries",21.9178082191781,18,12,75.1595259799453,0.428626758023801,87.43,6,34859.8063971959,0,0.00917072119817155,11470
"Significant_Damage_And_Serious_Injuries",41.7351598173516,19,11,42.7985414767548,0.537894698882077,76.6,6,51044.7091093402,2,0.0126813008067152,10417
"Significant_Damage_And_Serious_Injuries",37.8538812785388,14,5,71.9234275296263,0.27788748647674,76.96,3,35906.4415472225,1,0.178379781209281,11477
"Highly_Fatal_And_Damaging",41.1872146118721,9,12,70.8751139471286,0.359387666786873,88.39,4,35683.7170907573,1,0.0650199308625511,11583
"Minor_Damage_And_Injuries",29.5433789954338,20,4,76.4813126709207,0.28149368914533,76.68,7,30384.1142456733,4,0.00281938218356537,3114
"Highly_Fatal_And_Damaging",36.1643835616438,17,1,55.0136736554239,0.47911359538406,82.31,1,27752.8670889775,2,1.01036207837383,1010
"Significant_Damage_And_Serious_Injuries",51.7808219178082,10,1,69.1431175934367,0.408792643346556,81.57,3,44701.6485825148,3,0.224922205425169,9107
"Highly_Fatal_And_Damaging",23.013698630137,14,22,73.4275296262534,0.338471691309052,79.81,1,16868.7507825344,2,0.647130362493558,9600
"Highly_Fatal_And_Damaging",34.4748858447488,11,8,65.9981768459435,0.399055896141363,75.8,2,12376.5613732312,2,0.159784287849187,5098
"Significant_Damage_And_Serious_Injuries",45.0684931506849,11,14,72.0145852324522,0.326210602235846,79.6,6,34481.225822636,3,0.00892252524172122,11172
"Highly_Fatal_And_Damaging",24.7945205479452,14,10,87.4658158614403,0.263823296069239,78.76,2,21718.0996056764,3,0.292872788776625,12428
"Significant_Damage_And_Serious_Injuries",55.0684931506849,9,1,68.1403828623519,0.213697078975838,81.59,6,22389.3806337181,2,0.00538399196490689,6652
"Significant_Damage_And_Serious_Injuries",37.3972602739726,14,7,61.4402917046491,0.352175261449693,81.63,6,31993.458888341,3,0.00812807991710159,4591
"Significant_Damage_And_Serious_Injuries",30.9132420091324,16,7,72.8805834092981,0.406989542012261,76.18,6,24411.8291325658,2,0.00633567921863729,4589
"Minor_Damage_And_Injuries",41.7351598173516,16,6,72.5615314494075,0.268150739271547,77.36,5,30465.0899917416,2,0.0203538907847209,5747
"Highly_Fatal_And_Damaging",25.1141552511416,14,9,65.8614402917047,0.282575549945907,77.87,4,21541.920815782,2,0.0395851389792826,11273
"Minor_Damage_And_Injuries",51.2785388127854,13,13,59.1613491340018,0.42177497295348,79.58,2,38666.0454138036,1,0.522405012067274,8950
"Significant_Damage_And_Fatalities",78.2191780821918,9,12,63.2634457611668,0.498947710061305,77.62,3,29542.2935498954,2,0.147316875425451,8826
"Highly_Fatal_And_Damaging",30.5022831050228,12,0,79.535095715588,0.228121889650198,77,3,36048.4823583013,1,0.17869972048531,1595
"Significant_Damage_And_Serious_Injuries",48.2648401826484,10,38,62.1695533272562,0.525272989542012,77.62,1,42049.7757475593,3,1.53479794159215,7321
"Minor_Damage_And_Injuries",43.607305936073,12,3,45.8067456700091,0.545828344752975,83.72,6,23588.1187979774,3,0.00631949156737795,10431
"Significant_Damage_And_Fatalities",57.945205479452,4,4,40.5651777575205,0.445215290299315,77.46,2,33751.1121700652,2,0.454618023939776,6176
"Minor_Damage_And_Injuries",62.6940639269406,6,21,48.5870556061987,0.541140281283808,83.71,3,23595.2491430253,3,0.116827128778597,6315
"Minor_Damage_And_Injuries",48.9954337899543,14,5,71.0118505013674,0.427184276956365,77.89,5,47101.4857514357,1,0.0321506743413185,4415
"Minor_Damage_And_Injuries",40.1369863013699,13,12,51.0938924339107,0.575759826902272,82.2,4,20654.0788047055,4,0.0370683583090205,10967
"Highly_Fatal_And_Damaging",36.6666666666667,10,11,65.7247037374658,0.358305805986296,75.8,4,20412.1443415095,2,0.0379490753135521,5341
"Highly_Fatal_And_Damaging",34.6118721461187,11,5,74.8860528714676,0.300606563288856,78.93,4,30077.4161879637,2,0.0544392802512786,6466
"Minor_Damage_And_Injuries",60.365296803653,7,21,52.0966271649954,0.581529751172016,77.62,2,34473.7994438458,3,0.467548979553349,1236
"Minor_Damage_And_Injuries",73.3333333333333,7,6,64.9954421148587,0.371648755860079,81.14,2,36844.4611648139,2,0.503141110685375,7741
"Highly_Fatal_And_Damaging",20.1826484018265,15,3,62.5797629899727,0.444854670032455,80.44,1,20870.1016412194,2,0.768085134187627,4705
"Minor_Damage_And_Injuries",69.3607305936073,8,1,71.0118505013674,0.23100685178507,79.09,5,28767.4921370382,2,0.0208654093668965,5082
"Significant_Damage_And_Fatalities",35.5707762557078,11,7,54.876937101185,0.450263974035341,81.56,4,48905.7708768602,2,0.0886488268505119,10676
"Highly_Fatal_And_Damaging",30.1369863013699,13,11,67.228805834093,0.357223945185719,80.71,7,27170.4051650641,3,0.00237840507512804,8341
"Minor_Damage_And_Injuries",52.9680365296804,9,3,45.3965360072927,0.478392354850342,78.61,6,23588.1187979774,2,0.0064098498207914,3202
"Highly_Fatal_And_Damaging",42.4657534246575,16,8,55.0592525068368,0.38210674359899,78.83,3,6543.68933703962,2,0.0325791108401254,3744
"Minor_Damage_And_Injuries",46.2557077625571,15,18,70.6472196900638,0.179438153624233,77.03,4,32958.7093866118,3,0.0600603540074943,3570
"Significant_Damage_And_Serious_Injuries",33.7899543378995,15,0,80.355515041021,0.196387306166606,80.54,3,32301.8190911345,1,0.160231707920052,3300
"Significant_Damage_And_Fatalities",47.5342465753425,18,0,57.7484047402006,0.395810313739632,77.27,7,31533.3961527062,4,0.00282237165175104,4703
"Significant_Damage_And_Serious_Injuries",52.8767123287671,9,0,73.3363719234275,0.432954201226109,87.23,6,25667.6530718603,0,0.0064098498207914,331
"Highly_Fatal_And_Damaging",44.5662100456621,8,0,62.1239744758432,0.278608727010458,76.89,4,21402.7601137385,3,0.0395779155196466,5249
"Significant_Damage_And_Serious_Injuries",34.9315068493151,14,22,72.6982680036463,0.186650558961413,80.05,3,26471.4004943625,2,0.132616661769745,7226
"Significant_Damage_And_Serious_Injuries",63.6986301369863,6,6,63.3090246125798,0.373451857194374,79.82,2,42303.4059989138,0,0.568908460170474,11333
"Significant_Damage_And_Fatalities",52.3744292237443,6,16,53.9197812215132,0.427905517490083,82.82,6,36056.3247444592,3,0.00869241503050263,3579
"Minor_Damage_And_Injuries",73.4246575342466,7,10,79.489516864175,0.289066714749369,78.01,2,29881.473065472,2,0.405867133723055,8591
"Minor_Damage_And_Injuries",65.7990867579909,9,18,68.9608021877849,0.255168409664623,83.32,2,30479.9802452678,4,0.409374818142981,3830
"Highly_Fatal_And_Damaging",46.62100456621,8,15,65.2233363719235,0.38931914893617,80.77,7,36384.8862884969,2,0.00304457767393473,8520
"Minor_Damage_And_Injuries",20.1826484018265,19,0,35.8249772105743,0.754627479264334,77.86,3,40580.037740715,1,0.201830705207261,9496
"Significant_Damage_And_Serious_Injuries",56.7579908675799,8,4,82.4521422060164,0.275002524341868,81.38,6,22753.3132521245,1,0.00532697752793188,2365
"Highly_Fatal_And_Damaging",16.8036529680365,16,14,75.6608933454877,0.29591849981969,76.6,4,34703.885987701,0,0.0631839152641844,6040
"Significant_Damage_And_Fatalities",32.1461187214612,12,2,54.147675478578,0.384270465200144,81.89,4,36753.9007047078,3,0.0670797080220191,8457
"Significant_Damage_And_Serious_Injuries",33.2420091324201,15,2,63.6736554238833,0.298442841687703,81.49,3,38976.3406797894,0,0.194340686940003,397
"Highly_Fatal_And_Damaging",23.4246575342466,15,0,75.432999088423,0.305294626758024,79.28,4,26233.4523381533,3,0.0485064756050535,9342
"Significant_Damage_And_Serious_Injuries",63.1506849315068,6,0,80.0820419325433,0.200354129102055,77.95,3,32088.9792504428,2,0.159919770812086,7396
"Highly_Fatal_And_Damaging",43.5616438356164,9,7,83.7739288969918,0.358305805986296,80.71,3,34481.225822636,2,0.170645148830517,6893
"Highly_Fatal_And_Damaging",40.7762557077626,9,0,68.7329079307201,0.146261089073206,81.53,4,19364.5453914156,2,0.0359881742898631,1907
"Minor_Damage_And_Injuries",73.3333333333333,7,0,60.8477666362808,0.406268301478543,74.85,3,31282.0377767493,2,0.155473833405764,8092
"Highly_Fatal_And_Damaging",24.8858447488584,14,19,59.4804010938925,0.448460872701046,79.37,4,34205.1278146446,2,0.0619475176403955,9646
"Highly_Fatal_And_Damaging",32.3744292237443,12,5,48.9061075660894,0.431872340425532,78.23,1,24605.471319083,2,0.890281948019857,12220
"Significant_Damage_And_Serious_Injuries",45.7990867579909,11,2,75.2506836827712,0.168258925351605,81.61,3,39961.8207622236,3,0.198336004530739,11450
"Highly_Fatal_And_Damaging",37.4885844748858,10,0,73.7010027347311,0.291591056617381,78.65,4,23690.6304006591,1,0.0438845610976343,5289
"Highly_Fatal_And_Damaging",27.1689497716895,13,4,54.1932543299909,0.599560764514966,82.27,3,26959.6131745727,3,0.134776272774932,11747
"Significant_Damage_And_Fatalities",53.4703196347032,16,0,76.4813126709207,0.260217093400649,82.97,4,40666.4707114104,4,0.0736768154938745,6464
"Significant_Damage_And_Serious_Injuries",18.9041095890411,19,1,60.0273473108478,0.508323836999639,80.19,3,51650.7242358015,3,0.253327401518899,11737
"Minor_Damage_And_Injuries",47.1232876712329,14,6,66.0893345487694,0.309982690227191,83.82,2,22925.9320383748,2,0.313755620026398,9973
"Minor_Damage_And_Injuries",45.3424657534247,15,14,72.0145852324522,0.27788748647674,76.92,1,30479.0843012487,3,1.13036713664789,11232
"Minor_Damage_And_Injuries",45.0228310502283,15,3,57.7028258887876,0.482359177785791,85.24,2,28957.808823458,3,0.392272811672583,2060
"Significant_Damage_And_Serious_Injuries",44.5662100456621,12,3,65.1321786690975,0.354699603317706,78.69,3,27584.056491732,2,0.138291599813172,2832
"Highly_Fatal_And_Damaging",2.64840182648402,20,0,76.0255241567913,0.201435989902632,78.7,6,23049.1459255511,2,0.00566656035545686,11213
"Minor_Damage_And_Injuries",51.7351598173516,13,16,57.8851412944394,0.478392354850342,79.75,2,33324.2968969837,1,0.451449913906382,6545
"Highly_Fatal_And_Damaging",27.6255707762557,13,5,62.6253418413856,0.458918860439956,79.3,1,43221.1122552617,4,1.60962628025298,11796
"Significant_Damage_And_Fatalities",58.7214611872146,14,9,61.8505013673656,0.331980526505589,78.7,7,31856.3033820759,3,0.00255080018652134,3203
"Highly_Fatal_And_Damaging",52.4657534246575,13,7,54.2844120328168,0.462164442841687,80.5,5,6740.55705429001,4,0.00259797974810656,6934
"Highly_Fatal_And_Damaging",48.2648401826484,7,1,76.7547857793984,0.401940858276235,75.88,4,31282.0377767493,2,0.0568549273049757,412
"Significant_Damage_And_Serious_Injuries",57.0776255707762,8,19,65.0865998176846,0.293394157951677,80.8,7,22027.1678575191,4,0.00179714325210385,10117
"Minor_Damage_And_Injuries",39.5890410958904,17,5,60.8021877848678,0.405547060944825,76.86,2,32848.2932837612,1,0.444553307539715,629
"Significant_Damage_And_Serious_Injuries",63.972602739726,13,5,54.7857793983592,0.30313090515687,78.96,1,32053.6698420435,2,1.19191517314558,6859
"Significant_Damage_And_Serious_Injuries",41.3698630136986,12,6,62.2607110300821,0.454591417237649,77.09,6,29833.6230571433,4,0.00717483287417318,4001
"Significant_Damage_And_Fatalities",9.90867579908676,19,10,29.8997265268915,0.804753696357736,80.34,1,46768.8221857607,2,1.72052881699442,6372
"Significant_Damage_And_Fatalities",31.4155251141552,12,1,54.3755697356427,0.375254958528669,78.65,5,41643.7682906453,3,0.0282456403562167,456
"Significant_Damage_And_Serious_Injuries",59.3150684931507,11,3,53.7830446672744,0.480916696718355,80.17,7,28535.2624015247,0,0.00262759331216413,1857
"Significant_Damage_And_Fatalities",27.6712328767123,13,0,48.7237921604376,0.413480706815723,81.23,1,20061.6577544012,4,0.738027144366183,10549
"Significant_Damage_And_Serious_Injuries",28.4931506849315,16,22,80.0820419325433,0.352535881716553,79.83,1,28955.3468267006,1,1.06635953548775,11313
"Significant_Damage_And_Fatalities",39.4063926940639,10,1,38.3318140382862,0.740563288856834,82.16,4,38476.5659567678,2,0.0700961253409168,11874
"Minor_Damage_And_Injuries",59.4063926940639,11,1,76.2989972652689,0.455673278038226,80.68,2,45300.0270165971,3,0.612998871089524,7276
"Significant_Damage_And_Serious_Injuries",39.6803652968037,13,2,74.0200546946217,0.250119725928597,79.99,4,33067.6244116376,1,0.059612982861875,6954
"Minor_Damage_And_Injuries",34.1552511415525,18,3,55.8340929808569,0.368403173458348,78.44,3,26936.7517230808,2,0.135335798161695,6438
"Minor_Damage_And_Injuries",75.296803652968,6,1,89.2433910665451,0.168980165885323,77.36,4,23278.6288941255,2,0.0426308441003985,1726
"Significant_Damage_And_Serious_Injuries",21.9178082191781,18,13,72.7894257064722,0.273560043274432,79.24,3,47852.980051112,4,0.23473522219048,6339
"Highly_Fatal_And_Damaging",52.3744292237443,16,6,46.2625341841386,0.568186801298233,82.27,6,48338.7786128591,4,0.0117567892943136,7224
"Significant_Damage_And_Fatalities",61.8721461187214,13,20,73.1996353691887,0.260938333934367,81.18,7,32463.032918282,4,0.00314676670034171,6440
"Significant_Damage_And_Fatalities",71.7808219178082,10,4,75.5241567912489,0.325849981968986,80.43,7,35862.1682875726,2,0.00307248713334016,1349
"Highly_Fatal_And_Damaging",19.5890410958904,16,0,74.1567912488605,0.335586729174179,79.42,4,23543.5817988608,2,0.044082859659204,3364
"Highly_Fatal_And_Damaging",77.8538812785388,4,10,54.922515952598,0.604609448250992,88,2,20574.5487150508,1,0.281496382125296,4233
"Significant_Damage_And_Serious_Injuries",37.3972602739726,14,7,79.2160437556974,0.21333645870898,76.61,3,16149.3177035064,3,0.0784881253243107,2105
"Minor_Damage_And_Injuries",37.3059360730594,14,9,56.517775752051,0.463606923909124,83.38,5,42190.154354331,3,0.0286321409870276,10869
"Highly_Fatal_And_Damaging",39.634703196347,10,0,57.4749316317229,0.385352326000721,80.19,7,41643.7682906453,2,0.00397253120656083,12363
"Significant_Damage_And_Serious_Injuries",63.4246575342466,6,0,78.0309936189608,0.449182113234764,78.63,3,38281.2923716348,2,0.190396357309199,10838
"Significant_Damage_And_Fatalities",62.3744292237443,13,5,60.9845031905196,0.250119725928597,77.09,7,33111.5733657375,4,0.00325551820679858,12374
"Significant_Damage_And_Fatalities",82.2374429223744,8,12,58.9334548769371,0.495702127659574,78.25,4,29260.1492435623,2,0.0533411083739841,1837
"Significant_Damage_And_Fatalities",42.1004566210046,20,2,69.8723792160438,0.307818968626037,79.27,1,38288.4040060295,2,1.41399626399471,620
"Minor_Damage_And_Injuries",46.027397260274,15,13,74.0200546946217,0.474786152181753,79.22,5,31904.3936315135,3,0.0216865530062197,11505
"Significant_Damage_And_Serious_Injuries",20.1826484018265,19,10,75.2506836827712,0.23821925712225,76.8,3,34522.3491637318,1,0.170714949985897,1237
"Significant_Damage_And_Fatalities",35.1141552511415,11,4,43.0720145852325,0.543304002884962,81.52,2,24602.8187246127,5,0.323437570988376,5915
"Minor_Damage_And_Injuries",50.7762557077626,13,8,74.5214220601641,0.238940497655968,80.61,3,32538.6591268151,2,0.162085006509895,12342
"Significant_Damage_And_Serious_Injuries",46.8949771689498,11,3,74.5214220601641,0.363354489722322,77.17,6,26096.5412290406,1,0.00694639248650171,1212
"Highly_Fatal_And_Damaging",40.2739726027397,10,10,80.2187784867822,0.323686260367832,79.43,7,34977.6810000549,2,0.0032238601136394,3700
"Minor_Damage_And_Injuries",31.7351598173516,19,0,76.0711030082042,0.233891813919942,78.84,4,41573.9651981208,4,0.0765923031796364,5083
"Minor_Damage_And_Injuries",38.4474885844749,17,22,76.253418413856,0.378139920663541,81.62,5,40394.1445253745,2,0.0276128944227577,12365
"Minor_Damage_And_Injuries",40.1369863013699,13,0,57.0191431175934,0.42898737829066,87,6,16639.9008805656,1,0.00341841601177495,6645
"Significant_Damage_And_Serious_Injuries",41.8721461187215,12,8,61.3947128532361,0.409874504147133,80.62,6,32060.3364189763,0,0.00821422374383652,3313
"Significant_Damage_And_Serious_Injuries",36.027397260274,14,4,62.1695533272562,0.427905517490083,78.83,3,39230.7767992872,2,0.194834612062384,5097
"Highly_Fatal_And_Damaging",18.310502283105,16,1,76.6180492251596,0.299164082221421,82.66,4,28852.4655752009,3,0.0540647100858169,9421