"Severity","Safety_Score","Days_Since_Inspection","Total_Safety_Complaints","Control_Metric","Turbulence_In_gforces","Cabin_Temperature","Accident_Type_Code","Max_Elevation","Violations","Adverse_Weather_Metric","Accident_ID"
"Highly_Fatal_And_Damaging",25.296803652968,14,3,82.9990884229718,0.362993869455463,78.25,1,35265.5321249845,1,1.30286988382774,1969
"Highly_Fatal_And_Damaging",11.5981735159817,18,31,64.4940747493163,0.380303642264695,82.39,6,22017.5530926833,2,0.00530521382185971,4060
"Highly_Fatal_And_Damaging",20.2739726027397,15,5,65.8158614402917,0.239661738189686,81.82,1,23183.5787772982,1,0.849133433713455,11940
"Significant_Damage_And_Serious_Injuries",38.0365296803653,13,1,73.5186873290793,0.262741435268662,78.94,3,38888.2141911608,1,0.192290701280148,3678
"Minor_Damage_And_Injuries",58.675799086758,7,0,53.6463081130356,0.250119725928597,86.98,2,31187.3406270671,2,0.422074757716085,12478
"Significant_Damage_And_Fatalities",73.2876712328767,10,1,69.3254329990884,0.22740064911648,81.26,1,33523.7023387974,2,1.22751849059637,4555
"Significant_Damage_And_Serious_Injuries",44.8858447488584,11,0,69.8723792160438,0.393646592138478,77.94,1,28072.9877206237,2,1.04600375319121,4918
"Minor_Damage_And_Injuries",58.4474885844749,11,10,72.151321786691,0.338471691309052,79.27,2,31865.4133969239,3,0.433325049954443,3365
"Minor_Damage_And_Injuries",33.6986301369863,15,5,52.6891522333637,0.449542733501623,83.6,3,21673.9825464833,3,0.107222523097217,6364
"Significant_Damage_And_Fatalities",30.3196347031963,12,5,54.147675478578,0.384270465200144,78.23,1,27865.4680761156,2,1.01036207837383,5444
"Highly_Fatal_And_Damaging",16.8036529680365,16,15,69.1886964448496,0.455673278038226,81.18,2,20815.9142089448,1,0.281496382125296,5670
"Minor_Damage_And_Injuries",52.7397260273972,13,0,77.6663628076573,0.308179588892896,80.79,7,20132.1037549871,2,0.00197907711742809,2183
"Minor_Damage_And_Injuries",47.0319634703196,14,2,55.4694621695533,0.539697800216372,76.43,2,31596.317066831,2,0.425876292389397,1056
"Significant_Damage_And_Serious_Injuries",57.0776255707762,8,21,64.9954421148587,0.340274792643346,78.38,6,33880.9765265578,2,0.00916199640162813,9204
"Significant_Damage_And_Fatalities",65.662100456621,12,16,74.0200546946217,0.250119725928597,76.93,7,32278.1598012603,2,0.00304507053519024,199
"Minor_Damage_And_Injuries",15.7534246575342,21,3,84.8678213309025,0.434396682293545,78.54,1,25460.5635954114,3,0.948341399376559,12338
"Highly_Fatal_And_Damaging",52.1004566210046,9,2,67.228805834093,0.327653083303281,87,4,35862.1682875726,2,0.0648203926610396,7929
"Minor_Damage_And_Injuries",51.5525114155251,13,7,57.8851412944394,0.444133429498738,78.15,2,37853.1677471245,3,0.512288112606264,10369
"Minor_Damage_And_Injuries",53.8812785388128,12,11,70.6927985414767,0.297000360620267,79.17,2,24211.3595104184,2,0.328620657287925,346
"Minor_Damage_And_Injuries",44.4292237442922,15,3,68.7784867821331,0.274641904075009,75.01,5,38277.0201603213,1,0.025698683704725,3642
"Significant_Damage_And_Serious_Injuries",46.8949771689498,11,1,76.8003646308113,0.281854309412189,75.78,6,16837.0598386233,0,0.00446244504152694,3009
"Significant_Damage_And_Serious_Injuries",27.4885844748858,16,0,64.2206016408387,0.335947349441038,79.42,3,26274.6928894615,2,0.130415663730182,11674
"Highly_Fatal_And_Damaging",36.4383561643836,11,7,68.5050136736554,0.23100685178507,80.96,5,27416.8061676674,1,0.0189897737507901,2261
"Highly_Fatal_And_Damaging",22.8310502283105,15,3,70.1914311759344,0.368042553191489,76.05,4,31346.7953386373,3,0.0573584079476259,3356
"Significant_Damage_And_Serious_Injuries",68.675799086758,8,7,52.5524156791249,0.480556076451497,82.96,7,25859.179796715,3,0.00237840507512804,1667
"Highly_Fatal_And_Damaging",22.648401826484,15,3,72.5615314494075,0.267790119004688,76.93,7,28770.8750092367,2,0.00269768127782206,4008
"Significant_Damage_And_Serious_Injuries",69.8630136986301,8,2,56.7000911577028,0.469376848178867,79.33,7,26661.0134029026,0,0.00248905628236379,560
"Minor_Damage_And_Injuries",44.337899543379,15,14,79.7174111212398,0.289427335016228,87.79,4,23412.7822849923,2,0.0434693964976293,5403
"Significant_Damage_And_Fatalities",76.62100456621,9,9,71.285323609845,0.518421204471691,77.17,7,25755.0287871477,4,0.00246526174125229,3306
"Significant_Damage_And_Serious_Injuries",41.8264840182648,12,0,63.8559708295351,0.284739271547061,81.18,3,17011.9552427058,4,0.0815450263010881,3186
"Minor_Damage_And_Injuries",45.6164383561644,15,1,76.7547857793984,0.304573386224305,83.34,7,34338.5188608788,3,0.00312164948656344,1315
"Minor_Damage_And_Injuries",38.3561643835616,17,3,59.2980856882407,0.453509556437072,81.79,2,44557.4777498365,3,0.603019887158319,3600
"Highly_Fatal_And_Damaging",42.0547945205479,9,2,59.7538742023701,0.46829498737829,87.08,1,39289.2195249257,4,1.44569257769582,10445
"Highly_Fatal_And_Damaging",39.7260273972603,17,7,55.8796718322698,0.302409664623152,78.64,3,39521.7363015936,3,0.197531127238067,5391
"Highly_Fatal_And_Damaging",27.4429223744292,13,4,66.9097538742024,0.327292463036423,79.69,4,30464.2328578244,2,0.0558847376979447,6429
"Significant_Damage_And_Serious_Injuries",37.5342465753425,14,0,73.0628988149499,0.272117562206996,78.5,3,29660.9634883589,2,0.147692401293215,6698
"Significant_Damage_And_Fatalities",91.1872146118722,6,3,81.2215132178669,0.237137396321673,86.32,2,31382.2451914957,1,0.424352083307853,2596
"Significant_Damage_And_Fatalities",48.1278538812785,17,4,68.5050136736554,0.557007573025604,79.67,7,15301.2519569662,2,0.000468915793178604,8635
"Significant_Damage_And_Serious_Injuries",46.4840182648402,11,5,54.7857793983592,0.503275153263613,80.62,3,27569.7208350064,1,0.138218629477214,9834
"Highly_Fatal_And_Damaging",32.4200913242009,12,10,70.8295350957156,0.306737107825459,79.45,4,33980.6616754711,0,0.0625580091581576,2930
"Highly_Fatal_And_Damaging",42.648401826484,8,0,80.6289881494986,0.134,84.52,4,37374.0515759079,3,0.0680573980642769,9841
"Significant_Damage_And_Serious_Injuries",26.4383561643836,17,7,79.3983591613491,0.320440677966102,79.75,6,40445.1366875436,1,0.00952310647454607,7602
"Highly_Fatal_And_Damaging",49.4520547945205,13,4,55.6517775752051,0.374533717994951,85.6,6,26681.9423868507,1,0.00656903894305681,3977
"Highly_Fatal_And_Damaging",33.5616438356164,11,3,64.4484958979034,0.209009015506671,79.54,4,31624.1853039844,2,0.0563295397232032,4715
"Highly_Fatal_And_Damaging",13.37899543379,18,17,71.3764813126709,0.274641904075009,75.51,1,43767.580522752,0,1.59744114351771,11908
"Minor_Damage_And_Injuries",43.6986301369863,15,1,80.0364630811304,0.240022358456545,76.9,7,42688.6369208672,3,0.0039729318398627,1819
"Significant_Damage_And_Fatalities",68.0365296803653,12,5,68.049225159526,0.158882798413271,76.58,1,51846.7692000809,0,1.88294981148486,8015
"Minor_Damage_And_Injuries",42.8310502283105,15,25,72.7894257064722,0.219106382978723,78.92,2,30271.1947677453,2,0.412117131132194,9836
"Highly_Fatal_And_Damaging",36.7579908675799,10,5,61.2123974475843,0.264183916336098,81.1,4,47495.6595147704,2,0.0865139983925863,9862
"Significant_Damage_And_Fatalities",14.2465753424657,17,3,38.1494986326345,0.556646952758745,78.13,2,42736.9665392224,3,0.576831072177098,11149
"Highly_Fatal_And_Damaging",30.5936073059361,12,2,78.1221513217867,0.249759105661738,77.64,4,40529.3198501271,1,0.0745708540130751,1559
"Minor_Damage_And_Injuries",37.4429223744292,14,2,46.1713764813127,0.633098449332852,78.37,6,28014.7185262694,4,0.00670749061779127,8975
"Highly_Fatal_And_Damaging",57.9908675799087,5,10,67.0464904284412,0.302770284890011,78.28,4,36722.3335730371,3,0.0670251454671363,2213
"Significant_Damage_And_Fatalities",65.662100456621,12,0,77.3017319963537,0.242186080057699,79.17,7,32342.1106893599,2,0.00296123311268106,1660
"Minor_Damage_And_Injuries",28.5844748858447,17,11,56.9279854147676,0.307818968626037,79.17,3,26930.3762347395,2,0.133100818437916,11612
"Significant_Damage_And_Serious_Injuries",27.8538812785388,17,6,62.5341841385597,0.26346267580238,78.16,6,10829.3792485855,2,0.00292043448980012,928
"Highly_Fatal_And_Damaging",22.2831050228311,15,4,60.6198723792161,0.262380815001803,80.08,4,32516.6697365042,2,0.0600603540074943,11582
"Highly_Fatal_And_Damaging",13.7899543378995,17,3,67.7757520510483,0.330538045438154,77.27,1,23811.1848692756,1,0.870409654339999,555
"Minor_Damage_And_Injuries",55.1141552511415,12,8,63.947128532361,0.246152902993148,82.92,2,34175.4526288751,2,0.465273335265546,11695
"Highly_Fatal_And_Damaging",18.1278538812785,16,5,73.1996353691887,0.204320952037505,77.74,4,31778.0561033887,3,0.0572107838399182,9
"Significant_Damage_And_Fatalities",58.7671232876712,14,9,81.2670920692799,0.30313090515687,82.53,7,26993.9576251546,4,0.00217265829817744,11318
"Minor_Damage_And_Injuries",24.8858447488584,18,17,52.9626253418414,0.48632600072124,77.3,4,27487.6888024332,2,0.0503793565096615,7125
"Highly_Fatal_And_Damaging",46.2100456621004,8,12,21.1485870556062,0.777707176343311,82.58,6,35387.6700736684,1,0.00826809205925719,10878
"Minor_Damage_And_Injuries",25.662100456621,17,5,47.9033728350046,0.510126938333934,77.78,3,41508.4400941862,2,0.207361290677516,10485
"Highly_Fatal_And_Damaging",34.6118721461187,11,11,73.1996353691887,0.268511359538406,76.74,5,38733.2954698762,4,0.0261850035893522,5828
"Minor_Damage_And_Injuries",62.1917808219178,10,6,68.2315405651778,0.359027046520014,81.14,2,27154.0852458968,2,0.368581314855344,11223
"Significant_Damage_And_Serious_Injuries",25.9817351598173,17,12,63.9015496809481,0.334504868373603,77.58,3,34283.7746157361,1,0.170794962939637,3449
"Significant_Damage_And_Serious_Injuries",19.8630136986301,19,3,58.6599817684595,0.589824017309773,80.13,3,30451.7403507126,2,0.151840046781855,3581
"Significant_Damage_And_Fatalities",26.7123287671233,13,25,52.3245214220602,0.434396682293545,87,2,44340.4415424806,2,0.600381644287286,12018
"Highly_Fatal_And_Damaging",25.9817351598173,14,3,73.9288969917958,0.437281644428417,82.17,4,28115.2649142718,2,0.0520195059207914,8833
"Minor_Damage_And_Injuries",42.9680365296804,16,0,73.3363719234275,0.27428128380815,76.12,1,37388.6897063868,3,1.38064271264044,6724
"Highly_Fatal_And_Damaging",30.5936073059361,12,3,86.5086599817685,0.198911648034619,78.93,3,35564.3610606786,5,0.176883368384811,3924
"Highly_Fatal_And_Damaging",25.296803652968,14,1,63.9015496809481,0.401580238009376,77.87,4,42439.1944385303,2,0.0775283006898538,2515
"Significant_Damage_And_Serious_Injuries",63.8356164383562,6,2,82.3154056517776,0.187371799495131,81.53,6,26757.6656772763,3,0.00699570467874823,8928
"Minor_Damage_And_Injuries",64.6118721461187,9,18,73.6554238833182,0.473704291381176,78.52,5,37477.5074617678,2,0.0245984678638604,6173
"Significant_Damage_And_Serious_Injuries",29.9543378995434,16,9,85.278030993619,0.211893977641543,79.79,6,26215.0186448036,2,0.00701099810426698,981
"Significant_Damage_And_Fatalities",57.4429223744292,15,4,66.7274384685506,0.192781103498016,79.7,5,51474.8711787021,4,0.0340042459384705,11881
"Minor_Damage_And_Injuries",29.634703196347,20,8,72.5615314494075,0.417447529751172,77.52,3,34956.4722310962,2,0.174030173352904,5834
"Highly_Fatal_And_Damaging",43.6529680365297,9,24,74.7493163172288,0.301327803822575,82.26,4,20432.2797281007,1,0.0373628855614637,4432
"Significant_Damage_And_Fatalities",41.4155251141553,19,11,65.9981768459435,0.572514244500541,80.01,7,28354.1216769969,4,0.00288440827898333,5624
"Significant_Damage_And_Serious_Injuries",69.9086757990868,4,4,58.20419325433,0.311064551027768,80.71,2,20292.7058221986,1,0.27379814127354,9226
"Highly_Fatal_And_Damaging",2.64840182648402,20,12,64.7219690063811,0.281854309412189,88.11,1,26492.3892543085,2,0.978454626515347,813
"Minor_Damage_And_Injuries",35.3881278538813,18,1,76.6180492251596,0.282575549945907,75.88,1,48882.9969470896,4,1.77934417304994,4962
"Minor_Damage_And_Injuries",57.6712328767123,11,4,83.9106654512306,0.294476018752254,79.12,2,27353.2011034988,3,0.368316843602281,7161
"Significant_Damage_And_Fatalities",28.9041095890411,13,4,50.6836827711942,0.534288496213487,77.35,1,41465.6476353107,4,1.50783149128232,10237
"Significant_Damage_And_Serious_Injuries",37.2602739726027,14,8,61.3947128532361,0.391482870537324,76.8,6,31993.458888341,4,0.00778343526307136,5406
"Significant_Damage_And_Serious_Injuries",38.7671232876712,13,2,66.2260711030082,0.329456184637577,79.48,6,36172.7911889422,3,0.0087503462811473,5588
"Significant_Damage_And_Serious_Injuries",39.7260273972603,13,7,66.4995442114859,0.346405337179949,81.4,3,40698.9993170453,3,0.201830705207261,3147
"Minor_Damage_And_Injuries",30.3196347031963,16,3,54.6946216955333,0.410235124413992,81.26,1,27865.4680761156,1,1.02423626637109,10879
"Significant_Damage_And_Serious_Injuries",52.9223744292237,9,5,83.8195077484048,0.44341218896502,79.46,3,30187.3009874332,3,0.151460169601184,4280
"Highly_Fatal_And_Damaging",52.7397260273972,6,20,82.0875113947128,0.395810313739632,81.91,4,36384.8862884969,1,0.0660557335830439,7731
"Significant_Damage_And_Serious_Injuries",39.1780821917808,13,2,62.5341841385597,0.396892174540209,77.78,4,31193.4661135602,2,0.058088147653132,5185
"Highly_Fatal_And_Damaging",39.1780821917808,10,3,74.1567912488605,0.363354489722322,79.03,4,23744.0693140378,2,0.0435847572179465,3400
"Minor_Damage_And_Injuries",42.9680365296804,15,8,59.4804010938925,0.273560043274432,78.97,2,34891.3609926551,2,0.472049970530307,6764
"Significant_Damage_And_Serious_Injuries",23.6073059360731,18,7,80.4466727438469,0.350372160115398,78.3,4,24442.0329952916,3,0.0445660106164211,3848
"Highly_Fatal_And_Damaging",49.6803652968036,7,0,73.746581586144,0.357945185719437,78.27,4,44040.9929536786,1,0.0803192879709049,3558
"Minor_Damage_And_Injuries",49.9086757990868,10,6,45.2142206016409,0.478392354850342,78.87,3,30035.7155455223,1,0.149678160752922,395
"Significant_Damage_And_Serious_Injuries",31.324200913242,16,5,57.5660893345488,0.429347998557519,79.1,3,29541.1841118771,1,0.147077299443035,6620
"Minor_Damage_And_Injuries",71.8721461187215,3,44,56.3810391978122,0.507602596465921,77.91,5,31556.3872802864,2,0.021344098679893,12347
"Significant_Damage_And_Fatalities",12.9680365296804,18,13,52.0966271649954,0.422496213487198,77.28,4,34198.7569609193,3,0.0620379742960961,6196
"Minor_Damage_And_Injuries",41.5525114155251,13,2,55.9708295350957,0.441609087630725,84.87,1,29536.6428318262,0,1.08279062206135,8366
"Minor_Damage_And_Injuries",42.0091324200913,16,13,59.2069279854148,0.52960043274432,81.08,2,33952.37373937,2,0.459353706346865,6093
"Minor_Damage_And_Injuries",42.0091324200913,16,1,64.4940747493163,0.250119725928597,78.43,2,38340.1216892705,0,0.518441261968944,11105
"Minor_Damage_And_Injuries",44.5662100456621,12,15,55.6061987237922,0.440887847097007,77.93,3,33889.049386107,2,0.168140868870435,10110
"Significant_Damage_And_Serious_Injuries",49.1324200913242,10,10,74.6581586144029,0.221630724846736,75.97,6,35535.2005207219,1,0.00900372099201005,3079
"Significant_Damage_And_Fatalities",44.5205479452055,8,3,52.5979945305378,0.393285971871619,77.91,4,26005.3229868944,2,0.0480571916966038,10727
"Significant_Damage_And_Serious_Injuries",40.4109589041096,20,12,55.9708295350957,0.427184276956365,76.63,3,40846.9168997547,2,0.203686644663722,6086
"Significant_Damage_And_Fatalities",50.2739726027397,17,8,74.2023701002735,0.234973674720519,81.04,7,44041.9137762039,2,0.0038918509197929,6854
"Significant_Damage_And_Serious_Injuries",42.7853881278539,12,6,65.4056517775752,0.272478182473855,77.49,6,32628.1197310149,3,0.00798380661355292,9194
"Highly_Fatal_And_Damaging",48.4474885844749,14,5,52.8258887876026,0.520945546339704,83.57,2,42152.5021440486,2,0.569213825805112,8416
"Significant_Damage_And_Serious_Injuries",29.3607305936073,16,10,75.38742023701,0.264905156869816,83.32,6,22659.2573373519,1,0.0056033729569485,12077
"Significant_Damage_And_Fatalities",51.3698630136986,16,0,82.9535095715588,0.215500180310133,77.38,2,27803.3130271355,4,0.378611274088549,2156
"Significant_Damage_And_Serious_Injuries",59.8173515981735,14,20,56.1531449407475,0.391482870537324,83.23,7,23226.2368947895,3,0.00234855462733374,11388
"Minor_Damage_And_Injuries",42.5114155251142,16,3,58.3865086599818,0.416005048683736,78.13,2,41881.5814423041,2,0.566805568689148,6576
"Significant_Damage_And_Fatalities",59.041095890411,14,2,62.3518687329079,0.461803822574828,79.83,7,34233.0433595664,3,0.00303101271110826,9285
"Minor_Damage_And_Injuries",58.4474885844749,11,2,73.3363719234275,0.434396682293545,87.23,2,51368.7499996858,3,0.729576237972483,946
"Highly_Fatal_And_Damaging",41.6438356164383,9,1,57.9762989972653,0.29591849981969,80.64,4,41703.4532879954,2,0.0758160751129294,4815
"Significant_Damage_And_Serious_Injuries",35.0228310502283,14,4,74.7493163172288,0.218024522178146,77.91,3,38146.3856724747,4,0.190706009318853,11416
"Significant_Damage_And_Fatalities",56.2100456621004,15,4,59.9817684594348,0.33883231157591,81.04,3,18915.5090248707,2,0.0947045760499578,1922
"Minor_Damage_And_Injuries",36.027397260274,14,4,51.0938924339107,0.341717273710782,82.99,2,45105.8414366345,2,0.613499622606416,8803
"Significant_Damage_And_Serious_Injuries",37.8082191780822,14,18,58.0674567000912,0.467573746844573,83.08,3,40226.1782629885,3,0.202363110539689,1918
"Minor_Damage_And_Injuries",45.9360730593607,11,1,57.1558796718323,0.244349801658853,78.72,1,37177.3789253251,4,1.36636436145827,4605
"Minor_Damage_And_Injuries",45.0684931506849,15,3,68.6417502278943,0.251922827262892,81.18,4,33079.1686288525,0,0.0602782872200922,9787
"Highly_Fatal_And_Damaging",45.1598173515982,8,4,65.2689152233364,0.175471330688784,80.06,4,39310.1055152739,3,0.0713728148247185,5048
"Minor_Damage_And_Injuries",29.634703196347,20,12,57.6116681859617,0.422135593220339,77.16,4,27487.6888024332,5,0.0499833389656219,12227
"Minor_Damage_And_Injuries",41.324200913242,16,12,58.4320875113947,0.477671114316625,78.85,5,30147.9054384671,2,0.0195220582116127,6472
"Highly_Fatal_And_Damaging",23.4246575342466,14,0,81.4038286235187,0.291230436350523,81.94,4,36065.2085271643,2,0.0659869669203887,441
"Significant_Damage_And_Fatalities",49.4520547945205,17,1,74.8860528714676,0.343159754778218,81.27,7,31003.9110435795,1,0.00285921279661085,584
"Highly_Fatal_And_Damaging",49.5890410958904,7,2,80.355515041021,0.286542372881356,77.85,4,31922.1003230797,1,0.0593813308679131,661
"Highly_Fatal_And_Damaging",56.2557077625571,12,13,50.1823154056518,0.448460872701046,80.83,2,52978.4790590023,1,0.695172258679209,583
"Significant_Damage_And_Serious_Injuries",33.6986301369863,15,1,67.6845943482224,0.260217093400649,78.16,3,26636.768566061,1,0.131904150863195,3666
"Significant_Damage_And_Fatalities",69.8173515981735,11,1,64.2661804922516,0.319358817165525,78.63,6,30871.7590215036,2,0.00808732696138469,93
"Highly_Fatal_And_Damaging",0,20,0,70.2825888787603,0.199632888568337,78.37,6,47182.8146074081,2,0.0115992727931572,12099
"Highly_Fatal_And_Damaging",55.662100456621,12,2,50.1823154056518,0.57648106743599,80.17,5,35910.2004117809,1,0.0245347549298593,10109
"Highly_Fatal_And_Damaging",55.7534246575342,5,0,73.8377392889699,0.369845654525784,80.64,4,55638.9032967776,2,0.100005416841789,8405
"Significant_Damage_And_Fatalities",73.1050228310502,10,7,63.9015496809481,0.387516047601875,80.83,2,48274.055452493,1,0.656726105375763,8082
"Significant_Damage_And_Fatalities",44.7945205479452,8,3,54.2844120328168,0.487407861521817,80.06,1,32195.2158587431,2,1.18559130991078,8537
"Highly_Fatal_And_Damaging",28.0365296803653,13,7,61.3947128532361,0.430429859358096,75.94,3,27897.8067021377,3,0.138524831339105,80
"Significant_Damage_And_Fatalities",18.1735159817352,16,1,54.9680948040109,0.350372160115398,81.05,1,25149.775095668,4,0.928160114062658,1755
"Highly_Fatal_And_Damaging",29.4520547945205,13,34,64.9498632634458,0.379582401730977,82.06,4,38168.2845511766,3,0.0693842688567114,6452
"Significant_Damage_And_Serious_Injuries",36.5753424657534,14,22,87.4658158614403,0.250480346195456,82.46,6,26029.1632624791,1,0.00645292114033313,2545
"Highly_Fatal_And_Damaging",34.3835616438356,11,3,77.7119416590702,0.322243779300397,81.04,4,17735.214441938,1,0.0308467755730608,2684
"Minor_Damage_And_Injuries",33.1050228310502,18,2,64.3117593436645,0.306376487558601,77.94,1,34827.8194688261,2,1.27080805590788,10355
"Minor_Damage_And_Injuries",26.0730593607306,21,0,65.4968094804011,0.363354489722322,82.92,4,26977.6134522676,1,0.0494697995302419,12309
"Significant_Damage_And_Serious_Injuries",34.6575342465753,14,0,72.5615314494075,0.312146411828345,82.26,6,29519.010231283,4,0.00752627012290646,10837
"Minor_Damage_And_Injuries",43.7899543378995,15,4,67.6845943482224,0.340996033177064,81.43,4,31151.7511553384,3,0.0574136583741536,1157
"Highly_Fatal_And_Damaging",30.3196347031963,12,6,73.7010027347311,0.370927515326361,81.03,2,25768.1452141952,2,0.349996580988271,10755
"Highly_Fatal_And_Damaging",23.1506849315068,14,0,80.0820419325433,0.319719437432383,81.03,1,32806.2895663649,2,1.20364148403587,2039
"Minor_Damage_And_Injuries",63.972602739726,6,3,45.4876937101185,0.269953840605842,79.34,4,24451.819618031,1,0.0443042071804465,6973
"Significant_Damage_And_Serious_Injuries",31.4611872146119,15,13,69.1431175934367,0.336307969707898,85.92,6,19458.9764892614,2,0.00427834417018891,2480
"Significant_Damage_And_Fatalities",32.1004566210046,12,17,51.5952597994531,0.502193292463036,77.37,6,30281.730328791,3,0.00751374310534355,4003
"Significant_Damage_And_Fatalities",40.8219178082192,9,0,50.5013673655424,0.354699603317706,78.23,4,35695.9901661657,4,0.0651636744257849,7479
"Significant_Damage_And_Serious_Injuries",33.7899543378995,15,2,79.8541476754786,0.350372160115398,81.63,6,28520.1977697407,1,0.00728601638188259,10327
"Significant_Damage_And_Serious_Injuries",45.9817351598173,11,3,85.5970829535096,0.351093400649116,78.03,6,28520.1977697407,3,0.00722205940997227,2397
"Minor_Damage_And_Injuries",45.3424657534247,15,5,67.0920692798541,0.385352326000721,81.26,2,43094.6610782697,1,0.581725542959453,3559
"Highly_Fatal_And_Damaging",34.6575342465753,11,11,73.1996353691887,0.337029210241615,81.44,4,21620.8716439398,0,0.0397882618618052,3142
"Highly_Fatal_And_Damaging",36.4383561643836,10,3,79.3527803099362,0.284018031013343,80.96,4,32806.2895663649,1,0.0601777442176999,6633
"Highly_Fatal_And_Damaging",49.6803652968036,7,0,72.971741112124,0.404465200144248,82.75,1,37933.3990008527,3,1.39011858032607,1750
"Minor_Damage_And_Injuries",41.7351598173516,16,5,69.644484958979,0.416005048683736,76.11,1,27016.7622854952,2,0.997980574484882,1303
"Highly_Fatal_And_Damaging",39.5433789954338,10,0,76.7547857793984,0.283296790479625,78.56,4,26430.500959507,2,0.0480000313191448,4871
"Highly_Fatal_And_Damaging",22.7397260273973,15,8,76.7092069279854,0.412759466282005,81.15,4,49077.6388789282,3,0.0902752849258249,9590
"Significant_Damage_And_Fatalities",71.4611872146119,11,17,96.0346399270739,0.217663901911287,78.43,5,35847.895873568,2,0.0248162256986244,9488
"Significant_Damage_And_Serious_Injuries",40.9132420091324,13,0,68.1859617137648,0.237498016588532,81.39,2,29306.9507519677,2,0.394504816380126,8540
"Significant_Damage_And_Serious_Injuries",18.7214611872146,19,11,70.9206927985415,0.382467363865849,78.42,6,41232.8372944868,2,0.0104388918436821,8364
"Significant_Damage_And_Fatalities",62.4200913242009,13,3,80.2643573381951,0.323686260367832,77.56,7,32338.7123997491,1,0.00311862643459303,11116
"Minor_Damage_And_Injuries",47.9908675799087,14,19,62.306289881495,0.525272989542012,80.49,5,43319.3836375384,1,0.0292830716747344,7718
"Significant_Damage_And_Serious_Injuries",42.5114155251142,12,6,68.915223336372,0.325849981968986,81.06,4,32509.9312590937,4,0.0602782872200922,10743
"Minor_Damage_And_Injuries",60.2739726027397,10,7,68.5050136736554,0.417447529751172,81.76,2,36844.4611648139,2,0.498504576895618,4708
"Significant_Damage_And_Fatalities",31.4155251141552,12,3,45.6700091157703,0.401219617742517,79.46,1,34417.3177764866,2,1.2684727108881,2843
"Significant_Damage_And_Serious_Injuries",50.0456621004566,10,4,78.3044667274385,0.312146411828345,81.24,3,27827.8514266594,2,0.138546714150985,12101
"Highly_Fatal_And_Damaging",19.4977168949772,16,1,74.1567912488605,0.325849981968986,82.44,4,33053.916313277,2,0.0602782872200922,4727
"Highly_Fatal_And_Damaging",20.2283105022831,15,13,63.947128532361,0.334504868373603,76.56,4,52691.1209522425,1,0.0928046600866946,12032
"Minor_Damage_And_Injuries",50.2739726027397,13,10,69.644484958979,0.41095636494771,84.2,2,15052.6234969544,1,0.205120203963662,10460
"Minor_Damage_And_Injuries",57.0319634703196,8,6,52.0966271649954,0.488489722322394,78.46,3,49898.0501197341,1,0.250941168473069,6908
"Highly_Fatal_And_Damaging",44.4748858447489,8,6,60.5742935278031,0.324768121168409,79.56,4,46540.2720370916,1,0.0847856393439959,1711
"Significant_Damage_And_Serious_Injuries",34.8401826484018,14,13,57.7028258887876,0.505078254597908,84.26,5,38518.2859294847,1,0.026949466655398,10634
"Highly_Fatal_And_Damaging",52.3744292237443,9,11,66.3172288058341,0.283296790479625,80.03,4,44263.0435073702,2,0.0824157481424522,6661
"Minor_Damage_And_Injuries",23.6073059360731,18,7,52.5524156791249,0.449542733501623,76.87,4,36997.329884366,1,0.0677114487516343,10414
"Significant_Damage_And_Fatalities",30.7305936073059,12,1,55.2415679124886,0.350372160115398,80.27,4,32058.503196196,4,0.0594145703785473,150
"Minor_Damage_And_Injuries",37.0776255707762,14,0,56.517775752051,0.365878831590335,80.71,2,20955.0416104401,1,0.283595649158391,5864
"Minor_Damage_And_Injuries",46.4383561643836,11,0,50.7748404740201,0.500390191128741,77.95,2,29784.2743594728,3,0.401309819318027,6621
"Highly_Fatal_And_Damaging",43.6986301369863,8,4,68.3682771194166,0.255168409664623,79.94,5,26636.768566061,3,0.0189897737507901,5360
"Highly_Fatal_And_Damaging",24.3835616438356,14,4,83.6827711941659,0.198911648034619,78.99,2,12221.2510024507,3,0.153524645586453,4489
"Highly_Fatal_And_Damaging",35.9817351598173,11,4,78.0765724703738,0.20576343310494,76.89,2,26232.9881442637,2,0.354201915427497,8691
"Minor_Damage_And_Injuries",32.2831050228311,15,1,35.6882406563355,0.88192643346556,78.37,3,20326.1432622538,2,0.102469790121053,6421
"Significant_Damage_And_Serious_Injuries",32.8767123287671,15,2,77.6207839562443,0.298442841687703,81.32,3,26632.0129708879,2,0.132439526769857,8328
"Highly_Fatal_And_Damaging",42.5570776255708,9,3,63.947128532361,0.24543166245943,83.74,1,29887.2364975067,3,1.10726459904649,4403
"Significant_Damage_And_Serious_Injuries",37.3059360730594,14,0,57.5205104831358,0.244349801658853,79.64,3,45969.4526879013,0,0.228432043200389,5235
"Significant_Damage_And_Fatalities",22.1917808219178,15,1,55.6973564266181,0.505438874864767,77.17,6,33350.4681813235,1,0.00857106248144046,3425
"Significant_Damage_And_Fatalities",63.8812785388128,13,4,78.669097538742,0.308900829426614,79.83,2,29157.1074392488,3,0.395623222652356,1797