"Severity","Safety_Score","Days_Since_Inspection","Total_Safety_Complaints","Control_Metric","Turbulence_In_gforces","Cabin_Temperature","Accident_Type_Code","Max_Elevation","Violations","Adverse_Weather_Metric","Accident_ID"
"Highly_Fatal_And_Damaging",30.7762557077626,12,2,76.4813126709207,0.264905156869816,79.8,7,35683.7717435303,2,0.0032646245817578,3087
"Highly_Fatal_And_Damaging",49.4520547945205,14,1,51.9143117593437,0.538976559682654,77.92,2,21656.813215206,2,0.292872788776625,4389
"Highly_Fatal_And_Damaging",34.4748858447488,11,0,89.6080218778487,0.259135232600072,74.86,2,18890.3647373847,3,0.264253743919955,10143
"Highly_Fatal_And_Damaging",21.4611872146119,15,1,71.0118505013674,0.206484673638658,79.09,3,22172.7226577113,3,0.110911641223805,501
"Significant_Damage_And_Fatalities",72.1461187214612,11,7,64.4029170464904,0.32080129823296,81.04,2,26020.7634174777,2,0.352325723733601,3255
"Minor_Damage_And_Injuries",64.337899543379,9,1,91.2032816773017,0.217663901911287,79.73,5,35847.895873568,1,0.0253444907773519,1545
"Highly_Fatal_And_Damaging",30.7762557077626,12,3,76.4813126709207,0.271035701406419,76.42,4,34703.885987701,1,0.0630782291033802,610
"Significant_Damage_And_Serious_Injuries",13.9269406392694,21,7,68.7784867821331,0.283296790479625,76.61,3,40238.3320935957,1,0.199990448988869,9638
"Significant_Damage_And_Serious_Injuries",34.1095890410959,15,1,70.1914311759344,0.357223945185719,78.59,2,20683.2245157714,1,0.280846251085749,5112
"Significant_Damage_And_Serious_Injuries",15.2054794520548,20,13,76.7547857793984,0.298803461954562,79.22,6,30176.470252091,2,0.00754823176776077,1309
"Minor_Damage_And_Injuries",77.8995433789954,5,6,58.6144029170465,0.473704291381176,83.26,2,26314.0706968263,3,0.355905701736818,5687
"Significant_Damage_And_Fatalities",76.3926940639269,9,9,69.9635369188697,0.33161990623873,78.28,6,12204.9766049494,1,0.00341841601177495,6814
"Significant_Damage_And_Fatalities",21.7351598173516,15,13,56.6545123062899,0.40013775694194,77.9,4,16337.4324888073,4,0.0283598304737713,9044
"Significant_Damage_And_Serious_Injuries",23.6073059360731,18,3,80.4466727438469,0.30313090515687,78.63,3,29807.3793255782,2,0.147692401293215,7286
"Highly_Fatal_And_Damaging",16.1643835616438,17,5,85.4147675478578,0.481637937252074,86.43,2,53908.7975082545,0,0.695200433071823,6744
"Minor_Damage_And_Injuries",45.2054794520548,15,1,81.8140382862352,0.338111071042192,79.54,5,34289.0143128188,1,0.0236089231156199,1967
"Significant_Damage_And_Serious_Injuries",36.7579908675799,14,1,58.9334548769371,0.54041904075009,77.17,3,38800.9673142313,2,0.192532112277346,4538
"Significant_Damage_And_Serious_Injuries",31.0958904109589,16,3,62.5797629899727,0.307818968626037,78.31,4,37731.015435099,3,0.0698675424887429,4695
"Significant_Damage_And_Serious_Injuries",50.8219178082192,10,1,81.2215132178669,0.254447169130905,79.04,6,24609.0335512452,2,0.00612430183205069,3307
"Significant_Damage_And_Serious_Injuries",27.3972602739726,17,4,71.6499544211486,0.438724125495853,79.77,6,20743.3374704144,2,0.005098132215622,2541
"Minor_Damage_And_Injuries",47.0319634703196,14,17,69.4165907019143,0.440887847097007,79.36,2,18466.4302483408,2,0.25092515054237,3583
"Minor_Damage_And_Injuries",32.5570776255708,15,5,47.9033728350046,0.409513883880274,81.18,3,45582.9699395343,3,0.22712291568031,8995
"Highly_Fatal_And_Damaging",64.6575342465753,9,12,40.5195989061076,0.438724125495853,75.12,2,31925.2755538881,3,0.433893499307323,9758
"Significant_Damage_And_Serious_Injuries",60.2283105022831,7,9,88.4685505925251,0.313228272628922,83.99,6,20210.9647367577,1,0.00520288981336876,9928
"Highly_Fatal_And_Damaging",30.2283105022831,12,10,74.9316317228806,0.265626397403534,80.21,5,36804.6806506269,3,0.0242272154503316,6494
"Significant_Damage_And_Fatalities",68.4931506849315,11,1,60.7110300820419,0.338111071042192,79.19,6,42105.7225608308,2,0.00973382528962171,1059
"Significant_Damage_And_Serious_Injuries",36.5296803652968,14,3,59.5259799453054,0.514093761269383,77.33,3,29091.2626956314,2,0.145829384318565,6870
"Highly_Fatal_And_Damaging",26.4840182648402,13,25,70.6927985414767,0.205042192571222,82.45,4,32958.7093866118,2,0.0602782872200922,3012
"Significant_Damage_And_Serious_Injuries",39.3607305936073,13,17,73.3363719234275,0.333423007573026,78.68,3,32560.2901155059,1,0.162427777021466,9067
"Highly_Fatal_And_Damaging",28.675799086758,13,6,62.7620783956244,0.279690587811035,80.86,4,43459.9317547451,2,0.0800323426961933,5620
"Significant_Damage_And_Serious_Injuries",57.0776255707762,8,12,61.2123974475843,0.341356653443924,77.03,6,33284.9308408919,2,0.00851016851792038,351
"Minor_Damage_And_Injuries",39.634703196347,17,17,67.8213309024613,0.330538045438154,76.92,4,31867.7278325233,2,0.0585884246430177,7258
"Highly_Fatal_And_Damaging",24.7945205479452,14,16,62.0328167730173,0.456394518571944,77.52,6,19093.0822520948,2,0.00427834417018891,1603
"Highly_Fatal_And_Damaging",20.1826484018265,15,0,64.1294439380128,0.368763793725207,80.44,4,31164.4523117872,2,0.057671471877196,3145
"Minor_Damage_And_Injuries",49.4520547945205,14,4,68.0948040109389,0.240022358456545,80.84,1,43568.4879176962,1,1.62917056541141,1709
"Minor_Damage_And_Injuries",45.0684931506849,15,3,72.2424794895169,0.248677244861161,78.31,2,39338.0906903955,2,0.532765184097515,8312
"Significant_Damage_And_Serious_Injuries",58.4474885844749,7,5,80.6289881494986,0.502914532996754,78.44,3,33346.7855725603,0,0.16646731576656,1610
"Highly_Fatal_And_Damaging",16.1643835616438,17,3,71.3764813126709,0.331259285971872,80.37,4,34800.646575157,3,0.0638479625702225,11706
"Highly_Fatal_And_Damaging",63.2876712328767,9,1,53.2360984503191,0.457476379372521,84.41,2,26042.9934430378,3,0.352417125302481,3703
"Highly_Fatal_And_Damaging",36.7123287671233,10,11,69.0975387420237,0.37489433826181,76.74,3,21037.2785374601,1,0.103310532580903,3094
"Significant_Damage_And_Serious_Injuries",46.1643835616438,11,10,59.5715587967183,0.52960043274432,82.23,3,34305.0853441854,1,0.172001299953239,6679
"Highly_Fatal_And_Damaging",26.027397260274,14,0,60.3463992707384,0.28149368914533,78.09,4,38448.9819106135,3,0.0707649496204491,10839
"Significant_Damage_And_Serious_Injuries",32.0547945205479,15,3,70.0091157702826,0.255529029931482,75.55,3,24386.649921265,0,0.122427914421021,9887
"Significant_Damage_And_Serious_Injuries",27.3972602739726,17,2,73.4731084776664,0.311064551027768,78.87,3,49086.3279837267,3,0.241790540689486,3000
"Significant_Damage_And_Fatalities",16.1187214611872,17,3,51.5952597994531,0.524191128741435,75.21,4,24455.0851973201,1,0.0445660106164211,244
"Significant_Damage_And_Serious_Injuries",39.9543378995434,13,4,77.073837739289,0.32116191849982,77.11,4,35409.7627604901,2,0.065586019703793,11338
"Highly_Fatal_And_Damaging",44.4292237442922,8,3,62.1695533272562,0.278608727010458,78.8,4,21693.8235763697,2,0.039778086972713,6958
"Minor_Damage_And_Injuries",54.8401826484018,12,1,68.869644484959,0.28149368914533,81.99,4,38968.236520878,3,0.0712119379602541,6168
"Minor_Damage_And_Injuries",42.648401826484,16,3,65.9981768459435,0.423938694554634,76.92,2,23197.3294465658,1,0.311931453316891,672
"Significant_Damage_And_Fatalities",42.1004566210046,20,9,69.1886964448496,0.331980526505589,77.07,2,23214.4912184096,2,0.3116315447563,5472
"Significant_Damage_And_Serious_Injuries",67.5342465753425,8,1,48.9061075660894,0.541140281283808,78.31,3,30982.4858135607,3,0.154010459654811,10802
"Significant_Damage_And_Fatalities",36.2100456621005,11,5,52.9626253418414,0.426823656689506,81.46,4,50669.6275518831,2,0.0934916459227156,10444
"Highly_Fatal_And_Damaging",30.2283105022831,12,6,62.1239744758432,0.232088712585647,81.27,1,20285.7112878375,2,0.742435605455821,10731
"Minor_Damage_And_Injuries",49.1780821917808,14,6,57.1103008204193,0.447379011900469,85.91,2,32017.1188487045,1,0.433893499307323,8797
"Minor_Damage_And_Injuries",59.9543378995434,10,17,59.0701914311759,0.44701839163361,77.26,2,38165.4207238734,2,0.516166765140638,10563
"Significant_Damage_And_Serious_Injuries",50.5022831050228,10,6,78.3044667274385,0.381024882798413,78.83,3,29906.0537333274,1,0.149886330606671,1509
"Minor_Damage_And_Injuries",43.37899543379,15,3,65.9981768459435,0.331980526505589,77.81,5,46572.4825389388,0,0.0311311252022979,3185
"Highly_Fatal_And_Damaging",83.6986301369863,3,10,55.1504102096627,0.604609448250992,81.81,5,32060.908260632,3,0.0224530568516015,11550
"Significant_Damage_And_Serious_Injuries",24.2465753424658,18,3,75.7976298997265,0.302770284890011,79.37,4,34489.279660486,2,0.0633404852395013,1220
"Highly_Fatal_And_Damaging",33.0593607305936,12,3,82.1786690975388,0.434757302560403,80.66,1,24605.471319083,0,0.905184703862421,4121
"Minor_Damage_And_Injuries",38.0365296803653,13,5,40.2917046490429,0.518421204471691,77.91,6,26015.962941191,2,0.00694639248650171,10084
"Significant_Damage_And_Serious_Injuries",40.6392694063927,13,0,58.8878760255242,0.531042913811756,81.72,2,41604.6105608803,3,0.559006907847623,6780
"Minor_Damage_And_Injuries",48.9041095890411,14,1,68.4138559708295,0.242546700324558,77.99,1,34302.7258502924,2,1.26281554046516,1190
"Significant_Damage_And_Fatalities",54.2922374429224,16,20,64.0382862351869,0.308540209159754,81.8,7,15738.4878024104,3,0.00142941827528228,3869
"Minor_Damage_And_Injuries",50.2739726027397,13,0,62.9443938012762,0.321522538766679,78.72,2,30580.7516297544,1,0.416258197098539,104
"Minor_Damage_And_Injuries",63.3333333333333,6,9,52.506836827712,0.311064551027768,78.37,3,29734.4413363987,1,0.14794422081512,9076
"Significant_Damage_And_Fatalities",25.296803652968,14,0,48.5870556061987,0.590545257843491,82.2,3,37436.7322135348,1,0.18590810300034,8100
"Minor_Damage_And_Injuries",29.2237442922374,16,7,49.4986326344576,0.397252794807068,77.75,1,23086.070390943,1,0.845845626344203,1201
"Minor_Damage_And_Injuries",52.5114155251141,9,14,51.5041020966272,0.539697800216372,79.75,7,30336.890529747,1,0.00277623993698248,6936
"Significant_Damage_And_Serious_Injuries",45.7077625570776,11,1,81.9051959890611,0.226679408582762,81.82,6,40532.7854398732,2,0.00945681285940533,1943
"Minor_Damage_And_Injuries",52.4657534246575,13,3,69.9179580674567,0.33883231157591,79.75,4,32908.2936804925,3,0.0595803417965499,9269
"Highly_Fatal_And_Damaging",29.2237442922374,13,3,58.158614402917,0.355420843851424,77.89,4,36292.1949816483,1,0.0667669966668297,7518
"Significant_Damage_And_Serious_Injuries",16.986301369863,20,3,64.4484958979034,0.341717273710782,80.44,6,40209.1863413367,1,0.0101020846763771,7070
"Highly_Fatal_And_Damaging",47.8538812785388,14,2,41.841385597083,0.585496574107465,77.74,3,22470.3747333267,3,0.112551766589855,1741
"Significant_Damage_And_Serious_Injuries",35.7077625570776,14,8,74.7493163172288,0.282575549945907,78.54,1,38907.6033547801,1,1.44536961228918,10648
"Minor_Damage_And_Injuries",31.9634703196347,19,17,55.6973564266181,0.496423368193292,80.67,5,25239.6627058985,1,0.0166996848599072,10244
"Minor_Damage_And_Injuries",61.324200913242,10,2,65.3600729261623,0.578644789037144,80.98,7,25173.3281205107,2,0.00235400933088621,1361
"Highly_Fatal_And_Damaging",26.2100456621005,14,1,73.1084776663628,0.306015867291742,79.28,7,30938.8209970298,1,0.00277805661424645,9443
"Significant_Damage_And_Serious_Injuries",37.6712328767123,14,0,68.049225159526,0.311064551027768,78.82,3,25093.1260664619,3,0.124336649713543,4713
"Significant_Damage_And_Serious_Injuries",50.7305936073059,10,18,54.7402005469462,0.377418680129823,80.98,3,22792.0341977544,1,0.113684532201768,2674
"Highly_Fatal_And_Damaging",49.7260273972603,7,0,72.971741112124,0.391482870537324,78.77,1,37933.3990008527,2,1.3954917626167,9877
"Minor_Damage_And_Injuries",56.4840182648402,12,0,73.1996353691887,0.260938333934367,80.34,2,41247.2138694394,1,0.56296676973849,6332
"Significant_Damage_And_Fatalities",41.689497716895,19,6,62.6253418413856,0.427184276956365,80.95,7,30627.0238895253,4,0.00256728363044899,10818
"Minor_Damage_And_Injuries",49.0867579908676,14,3,79.1248860528715,0.301327803822575,82.11,2,27206.7774652661,1,0.367490581778457,3452
"Highly_Fatal_And_Damaging",53.1050228310502,13,0,43.6645396536007,0.735153984853949,77.25,6,39083.4123264333,1,0.0100247500426134,2200
"Significant_Damage_And_Fatalities",71.7808219178082,11,7,75.5241567912489,0.28149368914533,87.47,7,25716.0391227479,2,0.00234606575500546,6674
"Minor_Damage_And_Injuries",40.9132420091324,13,2,55.5150410209663,0.550877028489001,82.46,4,28454.4613989612,2,0.0520195059207914,1241
"Minor_Damage_And_Injuries",46.4383561643836,15,0,67.8669097538742,0.381024882798413,76.23,4,37340.640671331,2,0.0680573980642769,2816
"Highly_Fatal_And_Damaging",12.6940639269406,17,8,66.0893345487694,0.268150739271547,77.56,6,19463.3735981959,2,0.00433208132714267,5011
"Highly_Fatal_And_Damaging",47.6255707762557,7,2,58.97903372835,0.449182113234764,78.09,7,14251.9158934857,1,0.00145523988109246,342
"Minor_Damage_And_Injuries",51.0045662100457,10,12,46.718322698268,0.410595744680851,83.57,3,23634.9170656621,2,0.117866213563163,6060
"Significant_Damage_And_Serious_Injuries",52.283105022831,9,12,61.485870556062,0.418529390551749,82.45,4,36742.4965923887,1,0.0677114487516343,12434
"Highly_Fatal_And_Damaging",44.337899543379,8,14,61.485870556062,0.267790119004688,78.02,4,27986.8546021498,3,0.0516564922244154,11394
"Minor_Damage_And_Injuries",59.4063926940639,11,18,76.9371011850502,0.381746123332131,76.56,5,33358.9840783386,1,0.021602470060268,5629
"Highly_Fatal_And_Damaging",57.5342465753425,11,0,47.3564266180492,0.510848178867652,79.92,2,29673.4596655361,1,0.403561045518032,7738
"Highly_Fatal_And_Damaging",29.041095890411,20,3,48.6782133090247,0.510848178867652,78.9,5,33391.2869416829,2,0.0223891616717182,10093
"Highly_Fatal_And_Damaging",50.2739726027397,13,5,57.0647219690064,0.370927515326361,85.6,3,29319.1060323609,3,0.144959688386902,10578
"Highly_Fatal_And_Damaging",50.5022831050228,7,0,75.8432087511395,0.293394157951677,80.5,4,27206.7774652661,1,0.0504060151108843,3723
"Significant_Damage_And_Fatalities",71.7808219178082,11,7,69.5533272561531,0.238940497655968,75.13,7,32421.108118941,1,0.00330924065880104,5380
"Significant_Damage_And_Serious_Injuries",45.8904109589041,11,3,82.9079307201459,0.346405337179949,77.63,6,26954.6667963309,3,0.00665611796596474,2537
"Highly_Fatal_And_Damaging",22.648401826484,15,15,60.6198723792161,0.472622430580599,78.16,4,23345.0295719385,2,0.0427864059446497,11195
"Significant_Damage_And_Serious_Injuries",15.7534246575342,20,19,74.2023701002735,0.217303281644428,76.8,3,42461.7004356125,1,0.212462296155184,3626
"Minor_Damage_And_Injuries",52.3744292237443,9,6,53.1905195989061,0.575759826902272,83.39,2,31122.6458475577,3,0.421126243426699,9692
"Significant_Damage_And_Serious_Injuries",48.310502283105,10,4,100,0.209009015506671,78.58,2,39190.5363124324,4,0.528221263058296,6396
"Significant_Damage_And_Serious_Injuries",19.3607305936073,19,0,59.9817684594348,0.639589614136314,77.83,4,35901.4803701807,2,0.0664963794143816,5860
"Significant_Damage_And_Serious_Injuries",24.703196347032,18,1,63.8559708295351,0.377418680129823,81.82,3,43672.6180130857,1,0.215423034739629,1524
"Significant_Damage_And_Serious_Injuries",47.7168949771689,11,6,66.9097538742024,0.419971871619185,79.22,1,27346.3366621651,3,0.993891141184969,187
"Significant_Damage_And_Fatalities",33.013698630137,12,1,48.313582497721,0.673127298954201,83.58,1,39741.3462846585,1,1.45971305847908,1205
"Highly_Fatal_And_Damaging",43.972602739726,9,6,80.5834092980857,0.240382978723404,77.87,4,31213.7522212017,2,0.0576230616227392,6073
"Significant_Damage_And_Serious_Injuries",37.8082191780822,14,0,74.7493163172288,0.324046880634692,78.95,6,15748.1341436739,1,0.0035568774101538,2446
"Minor_Damage_And_Injuries",48.5388127853881,14,4,80.5378304466728,0.249759105661738,82.28,5,33385.1482642618,2,0.0224161065100833,8056
"Minor_Damage_And_Injuries",52.5114155251141,13,15,58.0218778486782,0.511208799134511,83.6,5,43319.3836375384,1,0.0302813990715271,1381
"Significant_Damage_And_Serious_Injuries",45.2054794520548,11,16,76.7547857793984,0.197108546700325,81.1,5,19340.2551067885,2,0.0128336115601887,1299
"Highly_Fatal_And_Damaging",42.4657534246575,16,5,55.0592525068368,0.307097728092319,82,2,32919.0524774902,1,0.442575446115247,9075
"Highly_Fatal_And_Damaging",18.1735159817352,16,10,59.0701914311759,0.57648106743599,78.91,1,35600.2188830259,2,1.31166391799607,9415
"Minor_Damage_And_Injuries",37.3059360730594,17,7,67.6845943482224,0.375254958528669,80.95,5,31993.458888341,4,0.0216476009652135,6032
"Highly_Fatal_And_Damaging",39.4520547945205,10,6,76.6180492251596,0.258774612333213,76.77,4,42899.2508829614,2,0.0792995204396203,4150
"Significant_Damage_And_Fatalities",66.2557077625571,12,5,68.7329079307201,0.335586729174179,78.63,4,14894.1620202017,1,0.0272796093112314,7599
"Highly_Fatal_And_Damaging",22.9680365296804,15,7,65.3144940747493,0.274641904075009,77.99,1,28921.6176492797,1,1.06483370509357,4655
"Significant_Damage_And_Serious_Injuries",30.958904109589,16,3,62.6253418413856,0.427184276956365,80.06,6,40669.4425991241,2,0.00979693726207845,2428
"Significant_Damage_And_Serious_Injuries",50.8219178082192,10,0,69.690063810392,0.32116191849982,78.94,3,19100.8703857173,3,0.0941870401804358,5154
"Significant_Damage_And_Fatalities",40.8675799086758,9,34,51.9143117593437,0.488489722322394,78.5,1,34151.7001524221,2,1.2490580969436,7709
"Highly_Fatal_And_Damaging",35.3881278538813,11,34,60.0273473108478,0.367321312657771,75.21,5,52988.5962894181,1,0.0336210417064479,11126
"Significant_Damage_And_Serious_Injuries",41.689497716895,13,17,76.0255241567913,0.388237288135593,79.64,6,30310.8521805172,1,0.00751330908190693,5105
"Significant_Damage_And_Fatalities",22.7853881278539,15,4,37.2835004557886,0.695485755499459,78.51,6,21762.6987765703,1,0.00538399196490689,10907
"Significant_Damage_And_Fatalities",20.2283105022831,15,8,51.3673655423883,0.502914532996754,81.93,4,40129.1793437749,2,0.0745197124194174,1215
"Significant_Damage_And_Serious_Injuries",62.1004566210046,14,5,55.2871467639016,0.405186440677966,75.4,7,42110.1776481671,2,0.00405282678592106,4478
"Significant_Damage_And_Serious_Injuries",39.8173515981735,13,0,72.1969006381039,0.373451857194374,78.55,3,44236.0177494013,5,0.221481272569922,4737
"Significant_Damage_And_Serious_Injuries",39.9543378995434,13,0,77.3928896991796,0.465049404976559,75.95,3,26777.3964024865,1,0.133100818437916,7538
"Highly_Fatal_And_Damaging",65.3424657534246,4,7,64.2206016408387,0.273199423007573,86.43,2,30706.3547663233,2,0.416258197098539,4609
"Significant_Damage_And_Fatalities",56.7123287671233,15,2,66.5451230628988,0.423217454020916,77.32,6,27034.8776966234,4,0.00691660370224402,6560
"Significant_Damage_And_Fatalities",44.7945205479452,8,6,53.9197812215132,0.300967183555716,81.97,4,34748.4877263288,3,0.0639321880002275,4805
"Significant_Damage_And_Serious_Injuries",36.3926940639269,14,2,79.2160437556974,0.187371799495131,79.52,3,29033.7904189909,4,0.14597123365178,2262
"Significant_Damage_And_Serious_Injuries",36.5753424657534,14,3,71.0574293527803,0.29555787955283,79.28,7,42628.510405682,0,0.00380478817408631,8001
"Highly_Fatal_And_Damaging",21.5068493150685,15,5,62.7164995442115,0.330898665705012,82.39,6,31864.7898725408,2,0.00800039792039299,11472
"Highly_Fatal_And_Damaging",29.8630136986301,12,6,66.1349134001823,0.223433826181031,81.28,6,53751.5578173994,1,0.0127939398824036,2511
"Minor_Damage_And_Injuries",42.8310502283105,15,4,57.2470373746582,0.372009376126938,79.22,7,24523.0271444722,4,0.00233167149780904,9098
"Minor_Damage_And_Injuries",46.027397260274,15,3,71.1941659070192,0.29555787955283,78.31,5,37043.2919553417,2,0.024495461619962,10529
"Minor_Damage_And_Injuries",41.689497716895,16,6,87.1011850501367,0.312146411828345,84.48,2,30992.0427846588,2,0.417827928336965,6663
"Significant_Damage_And_Fatalities",17.4885844748858,16,1,49.9544211485871,0.362272628921745,79.07,6,36511.6143171361,2,0.00826588787036847,11945
"Highly_Fatal_And_Damaging",22.9223744292237,14,3,50.2278942570647,0.362272628921745,79.31,3,31908.0400117333,2,0.158556470241347,6640
"Minor_Damage_And_Injuries",33.5616438356164,18,6,54.1932543299909,0.598118283447529,82.96,5,38340.917759317,2,0.0256712625930636,600
"Significant_Damage_And_Fatalities",19.7260273972603,16,1,54.9680948040109,0.505438874864767,80.47,4,30056.8989424303,4,0.0544450648103602,3614
"Highly_Fatal_And_Damaging",21.2328767123288,15,0,67.4567000911577,0.523469888207717,78.41,4,40580.037740715,4,0.0745197124194174,10565
"Minor_Damage_And_Injuries",42.1461187214612,12,0,43.8468550592525,0.707386224305806,80.13,7,44090.8496133004,3,0.00376125904569119,11732
"Significant_Damage_And_Serious_Injuries",52.9223744292237,9,0,80.4466727438469,0.174750090155067,81.83,3,19352.8761801669,2,0.0945616410103572,11893
"Minor_Damage_And_Injuries",71.5981735159817,7,19,70.510483135825,0.555925712225027,77.02,3,34820.3795626492,3,0.17306668059366,579
"Minor_Damage_And_Injuries",77.8995433789954,3,2,57.5205104831358,0.383188604399567,82.97,7,44792.4219458738,3,0.00379046728093971,10021
"Minor_Damage_And_Injuries",63.3333333333333,10,12,65.9981768459435,0.337750450775333,80.01,3,36742.4965923887,1,0.182958864917738,8629
"Highly_Fatal_And_Damaging",48.6301369863014,7,22,63.126709206928,0.551958889289578,78.24,4,36653.7936554078,2,0.0679180602164867,2340
"Significant_Damage_And_Serious_Injuries",77.7625570776256,8,30,45.897903372835,0.672406058420483,75.91,7,40193.9641196735,2,0.00368204558907904,709
"Significant_Damage_And_Serious_Injuries",37.2146118721461,14,19,60.2552415679125,0.582250991705733,77.86,3,25825.9208547104,2,0.128453568773262,554
"Significant_Damage_And_Serious_Injuries",51.2785388127854,10,16,70.6927985414767,0.392204111071042,76.98,4,49233.3487052144,2,0.0908497525568715,9062
"Significant_Damage_And_Serious_Injuries",31.1872146118721,15,0,69.1431175934367,0.304573386224305,79.57,3,39125.3305959895,0,0.196190986200713,6252
"Significant_Damage_And_Serious_Injuries",82.2831050228311,8,13,45.897903372835,0.63021348719798,78.5,4,32142.7803965423,2,0.0585884246430177,2592
"Minor_Damage_And_Injuries",48.1735159817352,14,4,69.8723792160438,0.274641904075009,77.52,2,16673.2615031679,2,0.232539481970194,6804
"Minor_Damage_And_Injuries",50.5936073059361,13,20,77.1649954421149,0.356142084385142,83.96,2,20228.1228705605,2,0.275745471201112,11025
"Minor_Damage_And_Injuries",58.310502283105,11,3,71.7411121239745,0.444133429498738,80.68,2,27009.1612134643,2,0.364323085585167,3238
"Significant_Damage_And_Fatalities",31.3698630136986,12,3,55.3783044667274,0.321883159033537,88.62,1,30162.7965041591,2,1.1096272722118,8264
"Significant_Damage_And_Serious_Injuries",34.1095890410959,15,3,64.0382862351869,0.416365668950595,77.63,4,17572.9254839105,2,0.0311427687291141,7840
"Highly_Fatal_And_Damaging",24.9771689497717,14,0,63.7192342752963,0.401940858276235,80.42,1,33951.8558365343,2,1.2490580969436,5449
"Minor_Damage_And_Injuries",60.4566210045662,11,2,57.6572470373747,0.597397042913812,83.56,5,36294.3896081754,4,0.0251101485805745,6968
"Highly_Fatal_And_Damaging",22.0091324200913,15,5,65.3600729261623,0.412038225748287,79.48,6,20862.6343445671,2,0.00561003413808215,6650
"Highly_Fatal_And_Damaging",39.8173515981735,10,4,66.5907019143118,0.334144248106743,78.68,4,30197.0499678191,1,0.0557229960185177,11967
"Minor_Damage_And_Injuries",32.8767123287671,18,0,59.3892433910666,0.302409664623152,76.12,2,30380.7345549793,1,0.411084650236287,8013
"Significant_Damage_And_Fatalities",38.5388127853881,10,4,54.0565177757521,0.592348359177785,77.21,7,27036.9607376737,4,0.00222239442886312,1420
"Highly_Fatal_And_Damaging",63.2876712328767,10,13,40.5195989061076,0.459279480706816,81.62,2,26064.9318938155,2,0.352422365698257,3664
"Significant_Damage_And_Fatalities",62.5114155251141,13,0,56.1531449407475,0.372369996393797,80.81,7,34142.8282653348,3,0.00308618231767189,3025
"Significant_Damage_And_Fatalities",73.2876712328767,10,11,69.5533272561531,0.361551388388027,88.48,2,46378.866911054,3,0.627545993999708,7468
"Highly_Fatal_And_Damaging",29.0867579908676,13,22,82.3609845031905,0.265987017670393,79.18,7,17476.8634312157,2,0.00187823876236286,9587
"Significant_Damage_And_Serious_Injuries",43.013698630137,12,4,65.4056517775752,0.35686332491886,80.22,3,32349.2373608048,2,0.160110192147785,8030
"Highly_Fatal_And_Damaging",19.5433789954338,16,21,61.0300820419326,0.263823296069239,82.14,2,20584.3239850503,1,0.278446237781689,9323
"Minor_Damage_And_Injuries",49.7716894977169,10,1,50.5925250683683,0.408071402812838,80,3,22475.1258704004,4,0.112255875099451,1290
"Significant_Damage_And_Fatalities",35.0684931506849,11,3,53.7374658158614,0.510848178867652,80.91,6,19488.0055234635,3,0.00421551230750146,8238
"Highly_Fatal_And_Damaging",19.9086757990868,16,0,66.8185961713765,0.515896862603678,82.25,6,22229.2832929295,3,0.00559553599617865,2057
"Significant_Damage_And_Serious_Injuries",15.5251141552511,20,1,76.7547857793984,0.224876307248467,74.79,1,33861.5536967773,1,1.23980426124456,9183
"Minor_Damage_And_Injuries",40.9132420091324,13,2,55.6517775752051,0.444854670032455,85.26,3,27569.7208350064,0,0.137231411214061,2610
"Minor_Damage_And_Injuries",50.7305936073059,13,0,64.9498632634458,0.333423007573026,78.72,2,51069.6208704514,3,0.686670027426563,5647
"Highly_Fatal_And_Damaging",56.5296803652968,12,0,55.4694621695533,0.259495852866931,79.89,2,32919.0524774902,2,0.444553307539715,993
"Minor_Damage_And_Injuries",36.0730593607306,17,2,66.1804922515953,0.430429859358096,82.31,2,41053.1448653431,4,0.553650909787565,1094
"Minor_Damage_And_Injuries",44.0182648401826,12,20,55.6973564266181,0.485604760187523,77.9,6,21995.418195128,3,0.00538907479033693,6581
"Highly_Fatal_And_Damaging",44.4292237442922,8,4,62.1239744758432,0.332701767039307,78.8,1,51183.8825645968,4,1.81855821625422,7826
"Minor_Damage_And_Injuries",46.4383561643836,15,0,62.4886052871468,0.402662098809953,76.02,2,38079.8427477091,2,0.517264576106437,7814
"Highly_Fatal_And_Damaging",36.1643835616438,11,1,79.3527803099362,0.268511359538406,80.24,4,30843.079330968,2,0.0570564224912886,7887
"Minor_Damage_And_Injuries",69.4520547945205,8,4,71.0118505013674,0.233891813919942,76.14,2,41709.0152758443,2,0.564465085482382,588
"Significant_Damage_And_Serious_Injuries",37.9908675799087,13,7,77.073837739289,0.465049404976559,80.43,6,33528.5133497288,3,0.00867209338529108,7658
"Significant_Damage_And_Fatalities",58.310502283105,14,4,58.6144029170465,0.482359177785791,81.38,1,31268.3684717619,4,1.13918135716842,11750
"Significant_Damage_And_Fatalities",23.5616438356164,14,0,56.4721969006381,0.375976199062387,81.32,1,23825.2466613463,3,0.871529587279366,5389
"Significant_Damage_And_Fatalities",73.1506849315069,10,13,69.5533272561531,0.307097728092319,79.81,2,20538.373751582,1,0.276520836417221,9412