"Severity","Safety_Score","Days_Since_Inspection","Total_Safety_Complaints","Control_Metric","Turbulence_In_gforces","Cabin_Temperature","Accident_Type_Code","Max_Elevation","Violations","Adverse_Weather_Metric","Accident_ID"
"Highly_Fatal_And_Damaging",48.675799086758,7,2,58.97903372835,0.438724125495853,78.09,2,47090.2569775878,2,0.637457086688145,11788
"Significant_Damage_And_Serious_Injuries",37.7168949771689,14,4,74.5214220601641,0.58729967544176,77.51,3,41696.2616017663,0,0.207361290677516,5910
"Significant_Damage_And_Fatalities",44.2009132420091,19,19,58.6599817684595,0.583332852506311,79.37,7,25466.7530710337,4,0.00209934289166878,4607
"Significant_Damage_And_Serious_Injuries",24.5662100456621,18,5,74.0200546946217,0.25264406779661,77.41,3,40416.9034791059,2,0.202628386150138,3271
"Minor_Damage_And_Injuries",76.62100456621,6,11,65.1321786690975,0.339553552109629,77.86,2,42303.4059989138,0,0.570660424199921,11374
"Significant_Damage_And_Serious_Injuries",51.2785388127854,10,3,69.0975387420237,0.315752614496934,81.71,3,30479.9802452678,0,0.151460169601184,8274
"Highly_Fatal_And_Damaging",30.5022831050228,12,0,79.535095715588,0.228843130183916,80.39,4,37066.9622418898,2,0.0675585123833132,3539
"Significant_Damage_And_Serious_Injuries",35.5251141552511,14,8,78.8058340929809,0.341717273710782,78.79,6,30163.1094343542,1,0.00718264021283833,3499
"Minor_Damage_And_Injuries",50.1369863013699,13,25,68.5961713764813,0.37489433826181,88.27,2,28208.2593702175,2,0.381164849621306,5131
"Minor_Damage_And_Injuries",38.0365296803653,17,5,96.8094804010939,0.172946988820772,75.61,3,33367.4120708558,3,0.166419156005053,5853
"Highly_Fatal_And_Damaging",16.0730593607306,17,3,59.5715587967183,0.392564731337901,78.57,1,45265.3882053258,2,1.67078269958978,1093
"Highly_Fatal_And_Damaging",17.0776255707763,16,2,90.975387420237,0.287263613415074,82.5,4,16355.890560807,2,0.0290802124759881,4393
"Minor_Damage_And_Injuries",57.4885844748858,11,11,49.6353691886965,0.354338983050847,82.81,2,37871.0557631729,3,0.513268538032724,7640
"Minor_Damage_And_Injuries",49.8630136986301,10,5,39.8814949863264,0.646441399206635,78.39,3,16144.1937601826,2,0.0779498065911034,9174
"Minor_Damage_And_Injuries",52.1917808219178,13,2,85.278030993619,0.2923122971511,81.63,5,35377.2441941688,3,0.0234203858008667,11497
"Highly_Fatal_And_Damaging",28.7214611872146,13,6,62.6709206927985,0.443772809231878,82.72,4,38081.2358451794,3,0.0698193987426945,9410
"Minor_Damage_And_Injuries",56.5753424657534,11,1,73.1996353691887,0.341717273710782,81.3,5,35982.8618510581,2,0.025353860841503,5804
"Significant_Damage_And_Serious_Injuries",32.8767123287671,15,5,82.1786690975388,0.238940497655968,77.36,3,34651.7099939779,4,0.173121147972134,1740
"Minor_Damage_And_Injuries",39.8173515981735,17,5,75.2506836827712,0.324046880634692,75.69,5,12024.898224047,1,0.00868877979364907,1727
"Significant_Damage_And_Fatalities",75.662100456621,9,8,69.9635369188697,0.414923187883159,86.39,5,17731.5542769187,4,0.0121842629372386,8658
"Minor_Damage_And_Injuries",59.9086757990868,7,1,56.6545123062899,0.409153263613415,76.18,2,26687.6997953238,1,0.360857469184247,3969
"Highly_Fatal_And_Damaging",40.0913242009132,10,5,66.5907019143118,0.474064911648034,78.68,1,19662.846046713,3,0.716017500261531,6798
"Significant_Damage_And_Serious_Injuries",82.2831050228311,8,35,45.897903372835,0.46108258204111,76.53,3,33284.9308408919,2,0.164857538935295,8581
"Minor_Damage_And_Injuries",37.7625570776256,17,7,77.1649954421149,0.256610890732059,76.42,5,48882.9969470896,1,0.0331848565099239,2559
"Significant_Damage_And_Fatalities",26.7123287671233,14,0,53.7830446672744,0.476589253516048,77.32,4,48814.0867809123,3,0.088524033837248,8783
"Highly_Fatal_And_Damaging",34.4748858447488,11,1,84.5487693710119,0.16284962134872,76.8,3,17287.2556177208,2,0.086846843745868,5026
"Highly_Fatal_And_Damaging",20.0913242009132,15,5,65.8158614402917,0.247595384060584,80.22,1,23183.5787772982,1,0.848784775083053,3963
"Significant_Damage_And_Fatalities",62.3744292237443,13,0,87.693710118505,0.217663901911287,78.2,7,15690.4942394297,2,0.00142941827528228,1632
"Minor_Damage_And_Injuries",33.1050228310502,15,2,52.5979945305378,0.638507753335737,78.37,2,27787.0718761387,3,0.378611274088549,10935
"Significant_Damage_And_Serious_Injuries",20.0456621004566,19,8,63.5824977210575,0.408071402812838,80.92,3,36971.4061639792,2,0.185100239617324,7106
"Significant_Damage_And_Serious_Injuries",15.7534246575342,20,5,74.2023701002735,0.206484673638658,75.59,4,16837.0598386233,3,0.0324831783332799,7630
"Highly_Fatal_And_Damaging",15.296803652968,17,5,60.8477666362808,0.360830147854309,83.28,4,47245.2344742998,2,0.086532665384485,6678
"Minor_Damage_And_Injuries",55.8904109589041,12,3,59.9817684594348,0.273560043274432,79.28,6,39110.3958710801,2,0.00950376333512928,3580
"Significant_Damage_And_Serious_Injuries",56.9406392694064,8,1,64.4940747493163,0.276805625676163,77.23,1,31503.4535809663,1,1.15647808158358,2088
"Significant_Damage_And_Serious_Injuries",32.0091324200913,15,0,62.0783956244303,0.430429859358096,80.61,4,18311.1920618673,2,0.0337209758074731,2004
"Minor_Damage_And_Injuries",47.0319634703196,14,8,66.0893345487694,0.337750450775333,79.35,2,37925.7002133991,0,0.513039501471087,3519
"Significant_Damage_And_Fatalities",95.2511415525114,5,0,63.9015496809481,0.306737107825459,79.81,7,36722.3335730371,2,0.00324948173042506,1718
"Significant_Damage_And_Serious_Injuries",27.8995433789954,17,1,60.4831358249772,0.294476018752254,76.68,1,30575.8127772809,3,1.13694765500617,4752
"Minor_Damage_And_Injuries",42.9680365296804,15,4,65.9981768459435,0.262380815001803,76.48,4,38394.5509317175,2,0.0704801840529321,8548
"Significant_Damage_And_Serious_Injuries",26.1643835616438,17,2,73.1084776663628,0.232809953119365,79.8,2,31677.4511328005,1,0.429074922493588,3898
"Significant_Damage_And_Serious_Injuries",48.310502283105,10,7,86.8277119416591,0.295197259285972,83.07,6,30317.4037657127,4,0.00707764783638461,11488
"Significant_Damage_And_Fatalities",34.8858447488584,11,5,55.1959890610757,0.240382978723404,78.43,1,35098.2780197552,3,1.29384557291003,655
"Significant_Damage_And_Serious_Injuries",56.7579908675799,8,10,59.024612579763,0.438724125495853,77.65,2,38165.4207238734,1,0.514732243183487,8601
"Significant_Damage_And_Fatalities",71.2328767123288,11,2,62.7620783956244,0.315391994230076,78.5,7,28153.6835624095,1,0.00285292274889008,12337
"Significant_Damage_And_Fatalities",41.689497716895,19,2,69.8723792160438,0.33161990623873,79.01,2,23214.4912184096,0,0.314050656397823,11091
"Minor_Damage_And_Injuries",62.4657534246575,10,6,65.5423883318141,0.278969347277317,77.23,2,42674.1929421019,2,0.578783519836537,3007
"Highly_Fatal_And_Damaging",32.4200913242009,12,8,60.5742935278031,0.40735016227912,78.2,4,51330.7281929059,2,0.0958258956683562,2526
"Significant_Damage_And_Fatalities",31.1872146118721,12,3,56.2898814949863,0.48632600072124,78.16,1,28921.5486997521,0,1.06483370509357,10944
"Minor_Damage_And_Injuries",62.283105022831,10,7,85.278030993619,0.346405337179949,78.92,2,28780.4235482389,2,0.3880237886808,5155
"Significant_Damage_And_Serious_Injuries",46.8949771689498,11,0,80.4010938924339,0.218385142445005,78.93,1,32254.0720662131,2,1.18439580185084,3920
"Highly_Fatal_And_Damaging",27.0776255707763,13,2,79.9453053783045,0.393285971871619,78.49,4,27009.5953686171,3,0.0488975818320902,3243
"Significant_Damage_And_Fatalities",56.4840182648402,15,6,70.3281677301732,0.26346267580238,81.78,3,23275.6522223314,3,0.11615420110311,6691
"Highly_Fatal_And_Damaging",33.1963470319635,11,8,71.5587967183227,0.324046880634692,79.45,2,39615.1050970733,2,0.538167721698178,4580
"Significant_Damage_And_Serious_Injuries",22.6940639269406,18,13,65.9070191431176,0.282575549945907,76.79,6,24475.4867069302,1,0.00608880394708359,6116
"Minor_Damage_And_Injuries",64.5662100456621,9,11,73.6554238833182,0.448821492967904,80.01,5,37477.5074617678,1,0.0248162256986244,10168
"Highly_Fatal_And_Damaging",10.8675799086758,18,0,75.6608933454877,0.394367832672196,82.66,6,21200.8828158285,2,0.0055107397932919,8558
"Significant_Damage_And_Fatalities",54.8858447488584,15,3,61.6226071103008,0.656538766678687,81.93,7,35769.9337769873,3,0.00332774857972545,12120
"Significant_Damage_And_Serious_Injuries",46.0730593607306,11,10,66.2260711030082,0.46108258204111,79.27,7,40277.3094684945,1,0.00366865430208517,7965
"Significant_Damage_And_Serious_Injuries",39.8173515981735,13,15,69.2798541476755,0.380303642264695,75.95,5,53323.6708564959,1,0.036830045683054,1733
"Minor_Damage_And_Injuries",62.1461187214612,10,7,77.7575205104832,0.307818968626037,79.34,5,28259.6806196274,2,0.0193428547975353,557
"Significant_Damage_And_Fatalities",33.013698630137,12,5,57.1558796718323,0.412398846015146,77.25,1,44739.9435207394,3,1.66834320727201,9975
"Minor_Damage_And_Injuries",61.3698630136986,10,2,83.5460346399271,0.237858636855391,80.26,2,31326.1114601091,2,0.424352083307853,10843
"Highly_Fatal_And_Damaging",50.7305936073059,13,8,47.7210574293528,0.495702127659574,76.26,3,22096.2313577293,2,0.110134122113543,1067
"Highly_Fatal_And_Damaging",38.1278538812785,10,4,59.2980856882407,0.246874143526866,77.38,4,11360.5979176227,1,0.0015233035421831,7448
"Significant_Damage_And_Serious_Injuries",32.1004566210046,15,20,62.0783956244303,0.431511720158673,79.29,2,38558.2326995907,3,0.521370136841834,5308
"Highly_Fatal_And_Damaging",5.20547945205479,20,2,71.3764813126709,0.203960331770645,78.7,6,32944.3336789672,2,0.00817660609152242,12341
"Minor_Damage_And_Injuries",71.8721461187215,3,3,56.2443026435734,0.319719437432383,79.55,7,26659.3534516486,2,0.00239474352382663,10543
"Significant_Damage_And_Serious_Injuries",30.958904109589,16,0,70.510483135825,0.295197259285972,78.74,3,41259.8228090867,2,0.205700937392858,700
"Highly_Fatal_And_Damaging",23.1506849315068,14,7,62.5341841385597,0.39292535160476,81.88,4,38081.2358451794,2,0.0690777355402737,7632
"Highly_Fatal_And_Damaging",16.1187214611872,17,10,59.5715587967183,0.476589253516048,81.44,5,33635.2346432366,3,0.0238725883088484,12221
"Significant_Damage_And_Serious_Injuries",26.2557077625571,17,26,71.0574293527803,0.422135593220339,79.1,4,14682.3514161364,3,0.0263158471738954,11073
"Significant_Damage_And_Serious_Injuries",49.2694063926941,10,5,58.6144029170465,0.296279120086549,79.55,6,39923.9953288216,1,0.00957553756891347,1541
"Significant_Damage_And_Serious_Injuries",43.972602739726,12,2,66.7730173199635,0.375976199062387,81.2,3,37571.9051001859,1,0.187629659106472,2381
"Minor_Damage_And_Injuries",55.1141552511415,12,4,57.4749316317229,0.48993220338983,75.67,5,33346.7855725603,2,0.0217946673291327,3435
"Significant_Damage_And_Serious_Injuries",54.6575342465753,9,3,58.0218778486782,0.482359177785791,75.58,3,30869.211770024,2,0.15378800083089,208
"Minor_Damage_And_Injuries",75.9817351598173,6,11,65.9070191431176,0.298803461954562,78.37,2,35730.8971408857,2,0.482865676422502,6569
"Minor_Damage_And_Injuries",73.4246575342466,6,2,68.2771194165907,0.359027046520014,77.09,4,36105.9642626058,3,0.0665789502615001,238
"Significant_Damage_And_Serious_Injuries",43.1963470319635,12,10,67.9124886052872,0.330538045438154,84.11,6,24783.1501492149,2,0.00605108745987546,5428
"Significant_Damage_And_Serious_Injuries",50.5022831050228,10,0,88.6508659981769,0.245792282726289,80.9,3,28707.3418656464,1,0.141359970316363,4020
"Highly_Fatal_And_Damaging",36.3926940639269,11,2,73.746581586144,0.296279120086549,80.26,2,9720.70649609129,2,0.130827813843521,10240
"Significant_Damage_And_Fatalities",59.8173515981735,14,0,67.6390154968095,0.294476018752254,78.92,6,19406.5744440946,2,0.00421551230750146,6660
"Significant_Damage_And_Fatalities",78.2191780821918,9,16,69.4165907019143,0.322604399567255,81.31,7,46564.1105882428,2,0.00395021646980087,10538
"Significant_Damage_And_Fatalities",55.4337899543379,16,1,76.8915223336372,0.284378651280202,83.58,4,21532.3463857748,3,0.039655280345073,7447
"Significant_Damage_And_Serious_Injuries",31.9634703196347,15,0,59.8906107566089,0.434396682293545,81.02,4,26380.4456263727,1,0.0486700861808518,589
"Minor_Damage_And_Injuries",20.958904109589,19,4,50.1823154056518,0.564219978362784,78.9,1,33313.7192567944,4,1.22297120835898,7427
"Significant_Damage_And_Fatalities",34.6575342465753,11,5,53.7374658158614,0.432232960692391,81.08,2,28929.7446693501,1,0.392272811672583,11630
"Highly_Fatal_And_Damaging",9.49771689497717,19,12,70.6016408386509,0.23100685178507,78.2,6,45351.5663157796,2,0.0117759856610587,2612
"Minor_Damage_And_Injuries",43.3333333333333,15,2,65.9981768459435,0.380664262531554,78.97,1,40566.1030877106,3,1.48585764918901,8997
"Minor_Damage_And_Injuries",45.2054794520548,15,3,72.2424794895169,0.306376487558601,80.33,2,32183.3988569363,0,0.437330248263288,8154
"Significant_Damage_And_Serious_Injuries",36.8949771689498,14,13,72.8350045578852,0.335947349441038,79.97,3,31993.458888341,3,0.159286052499828,10472
"Minor_Damage_And_Injuries",72.5570776255708,7,34,74.3391066545123,0.319719437432383,77.77,2,33959.191621618,1,0.459495411657297,11188
"Minor_Damage_And_Injuries",39.3607305936073,16,7,67.4111212397448,0.312867652362062,81.15,2,30955.5308494645,2,0.420569864297446,9603
"Significant_Damage_And_Serious_Injuries",38.0365296803653,13,1,58.7055606198724,0.391122250270465,77.44,3,39848.6893071312,0,0.198468024369016,5559
"Highly_Fatal_And_Damaging",55.5707762557078,12,1,56.0619872379216,0.39292535160476,81.45,6,31639.1855021958,2,0.00767206096520061,8782
"Minor_Damage_And_Injuries",60,10,2,68.3682771194166,0.398695275874504,79.8,2,40101.8250426003,1,0.542720465498432,7774
"Significant_Damage_And_Serious_Injuries",52.9223744292237,9,3,79.7174111212398,0.305294626758024,80.78,3,26266.3679590952,3,0.130685044919669,9141
"Highly_Fatal_And_Damaging",17.4885844748858,16,5,62.8988149498633,0.47911359538406,77.48,4,40808.477420646,4,0.0748983296849029,5878
"Highly_Fatal_And_Damaging",43.972602739726,8,3,85.1868732907931,0.269953840605842,81.13,1,43154.905667115,2,1.61643465200067,8934
"Minor_Damage_And_Injuries",44.3835616438356,15,11,76.7092069279854,0.281854309412189,82.49,5,27206.7774652661,2,0.0185634424474068,5973
"Significant_Damage_And_Serious_Injuries",62.7853881278539,6,6,75.3418413855971,0.243989181391994,81.38,6,24377.0453612042,2,0.00625706195449091,6669
"Highly_Fatal_And_Damaging",32.6027397260274,12,33,75.2506836827712,0.467213126577713,77.49,4,46623.751002758,2,0.0847717786435794,6592
"Significant_Damage_And_Fatalities",61.7808219178082,14,19,72.3792160437557,0.388958528669311,78.91,7,39722.0683812798,3,0.00340300794355129,11936
"Significant_Damage_And_Fatalities",36.2557077625571,11,10,52.3245214220602,0.46865560764515,81.56,7,31461.1256384743,0,0.00255869218943849,9218
"Highly_Fatal_And_Damaging",17.3972602739726,16,14,68.6417502278943,0.444133429498738,81.18,1,18584.9906569439,2,0.703984357896898,2690
"Significant_Damage_And_Serious_Injuries",55.3424657534247,9,1,62.8076572470374,0.328734944103858,78.13,7,42047.1017279228,1,0.00391311571229848,3867
"Highly_Fatal_And_Damaging",35.9817351598173,11,7,74.2935278030994,0.198190407500902,77.69,1,23690.6304006591,3,0.872917276628853,9329
"Significant_Damage_And_Fatalities",80.5936073059361,8,11,50.3190519598906,0.329095564370718,78.97,7,43564.0944400642,0,0.00387886876565629,5092
"Minor_Damage_And_Injuries",45.5251141552511,15,31,79.0337283500456,0.352535881716553,79.83,5,34197.4538787785,0,0.0227514745473042,7328
"Highly_Fatal_And_Damaging",40.365296803653,10,1,62.2607110300821,0.267790119004688,79.85,4,36375.38646361,1,0.0664714737763402,2174
"Minor_Damage_And_Injuries",47.7625570776256,14,14,70.6472196900638,0.276805625676163,76.86,2,30056.215219895,2,0.404487468588732,5311
"Significant_Damage_And_Fatalities",76.027397260274,9,6,66.9553327256153,0.306376487558601,86.47,4,21374.9791131121,1,0.039455404263157,1689
"Highly_Fatal_And_Damaging",39.4520547945205,10,1,74.4758432087512,0.264905156869816,77.96,4,39662.1519115334,2,0.0723253469968561,7574
"Significant_Damage_And_Serious_Injuries",48.310502283105,11,4,62.8076572470374,0.328734944103858,82.69,6,34172.7763897644,0,0.00847058438588612,852
"Significant_Damage_And_Serious_Injuries",43.1963470319635,12,21,62.0328167730173,0.264905156869816,79.99,6,17354.6545912252,2,0.00477606636088931,12414
"Significant_Damage_And_Fatalities",27.6712328767123,13,0,43.1631722880583,0.623001081860801,78.51,2,26637.5953196341,2,0.360857469184247,3272
"Significant_Damage_And_Serious_Injuries",37.6712328767123,14,4,74.5214220601641,0.363354489722322,83.01,2,25114.395402466,3,0.343985850553441,3419
"Significant_Damage_And_Fatalities",26.2557077625571,14,26,55.7885141294439,0.393285971871619,81.89,4,38636.3533646517,2,0.0705595833499785,6696
"Minor_Damage_And_Injuries",58.4474885844749,11,8,81.5405651777575,0.392204111071042,79.36,5,32746.1554861564,2,0.0221611608546171,11355
"Highly_Fatal_And_Damaging",41.7351598173516,9,6,58.5232452142206,0.28870609448251,80.49,1,26226.1962177896,3,0.957063791121957,11616
"Minor_Damage_And_Injuries",48.9041095890411,14,0,66.9097538742024,0.352535881716553,76.95,5,41646.5245489458,1,0.0288171950116467,2158
"Highly_Fatal_And_Damaging",46.8949771689498,14,19,49.1340018231541,0.687191489361702,79.79,5,31702.3296639883,1,0.0217946673291327,6224
"Highly_Fatal_And_Damaging",17.8995433789954,16,4,77.3017319963537,0.261659574468085,77.29,7,26271.6146432469,3,0.00243360517719337,12088
"Minor_Damage_And_Injuries",55.2511415525114,12,9,64.6763901549681,0.438002884962135,80.84,3,28403.2361107816,0,0.143183126568889,9654
"Significant_Damage_And_Fatalities",58.8584474885845,14,1,83.1358249772106,0.187371799495131,82.75,1,36027.8612723001,2,1.32549605669318,778
"Minor_Damage_And_Injuries",57.7168949771689,11,7,91.3855970829535,0.185208077893978,77.52,1,13214.8518929535,2,0.509902180530233,4171
"Significant_Damage_And_Serious_Injuries",79.1780821917808,8,3,49.2251595259799,0.412759466282005,87.08,4,13504.5464512098,2,0.0242212153861943,9477
"Highly_Fatal_And_Damaging",38.4474885844749,17,0,54.3755697356427,0.309622069960331,84.76,2,27520.4924785671,1,0.373413681056902,4225
"Highly_Fatal_And_Damaging",43.972602739726,8,6,60.665451230629,0.324768121168409,78.8,1,32562.5772352937,1,1.1867680681606,3398
"Significant_Damage_And_Serious_Injuries",52.3744292237443,9,12,73.5186873290793,0.318276956364948,77.86,4,32624.4911271595,2,0.0599548194439076,10857
"Significant_Damage_And_Serious_Injuries",40.3196347031963,13,9,64.3573381950775,0.490292823656689,77.28,3,35977.0123074185,0,0.17869972048531,3183
"Significant_Damage_And_Fatalities",44.5662100456621,8,3,52.8258887876026,0.410235124413992,77.25,2,26687.6997953238,2,0.360857469184247,5258
"Minor_Damage_And_Injuries",58.0821917808219,11,7,76.8915223336372,0.426823656689506,81.12,1,33346.1748713174,2,1.22673721768654,7245
"Significant_Damage_And_Serious_Injuries",56.5753424657534,8,6,80.0820419325433,0.523469888207717,80.98,4,38428.2020163946,2,0.0709905354811421,883
"Significant_Damage_And_Fatalities",69.3607305936073,11,13,88.2862351868733,0.330177425171295,86.32,7,28566.6330064354,3,0.00287537899264483,11359
"Minor_Damage_And_Injuries",38.4474885844749,13,1,53.0993618960802,0.286181752614497,82.43,4,12035.0797715641,1,0.0220243693545426,3905
"Significant_Damage_And_Serious_Injuries",45.1598173515982,11,2,68.7329079307201,0.276445005409304,81.46,2,21703.2159005865,3,0.296424469318709,6712
"Significant_Damage_And_Serious_Injuries",42.4200913242009,19,9,53.9653600729262,0.695485755499459,83.43,6,41873.4884147618,1,0.010108419161522,9823
"Minor_Damage_And_Injuries",47.7168949771689,11,2,55.6517775752051,0.488489722322394,79.39,2,24243.1465011165,2,0.325277767406605,5872
"Significant_Damage_And_Fatalities",57.1689497716895,15,0,71.4676390154968,0.432954201226109,80.59,7,46973.5663521554,2,0.00415812411290623,7596
"Significant_Damage_And_Fatalities",40.6392694063927,9,4,54.0565177757521,0.551958889289578,78.08,1,19662.846046713,1,0.717630663700448,10423
"Minor_Damage_And_Injuries",44.337899543379,15,3,93.6645396536008,0.23100685178507,77.52,1,30095.00139223,1,1.10323463410754,758
"Significant_Damage_And_Fatalities",59.5433789954338,14,15,75.7520510483136,0.311064551027768,78.24,7,28259.6806196274,3,0.00277874039577012,4504
"Significant_Damage_And_Serious_Injuries",27.945205479452,17,5,60.0729261622607,0.381024882798413,82.98,3,24242.431985579,1,0.120541261122413,11181
"Significant_Damage_And_Serious_Injuries",39.9543378995434,13,3,70.6927985414767,0.423938694554634,75.84,6,30312.6031560311,3,0.0074261472785553,3404
"Minor_Damage_And_Injuries",51.2328767123288,13,14,62.0783956244303,0.490292823656689,77.02,2,33324.2968969837,2,0.451859982865108,454
"Highly_Fatal_And_Damaging",55.662100456621,5,0,63.6736554238833,0.306737107825459,83.58,1,53831.7385266991,0,2.11697684404786,3739
"Significant_Damage_And_Serious_Injuries",33.2420091324201,15,0,76.7547857793984,0.497505228993869,82.06,2,50246.9001511825,1,0.678555591591014,6763
"Highly_Fatal_And_Damaging",24.1095890410959,14,5,89.9726526891523,0.328734944103858,85.4,3,37242.7749066967,2,0.183959103652925,7260
"Highly_Fatal_And_Damaging",41.0958904109589,16,1,56.517775752051,0.231728092318788,78.62,2,50122.0197516808,1,0.674011436218172,11398
"Minor_Damage_And_Injuries",15.7534246575342,20,7,48.9516864175023,0.68430652722683,80.16,3,40671.2750670239,0,0.199929006263749,10429
"Significant_Damage_And_Serious_Injuries",40.5479452054794,13,5,82.4521422060164,0.184486837360259,79.43,4,19984.5446103508,2,0.0353962611529476,9914
"Significant_Damage_And_Serious_Injuries",42.1004566210046,19,0,55.9708295350957,0.338471691309052,80.2,5,34108.4950856052,4,0.0232444911274353,4111
"Significant_Damage_And_Fatalities",36.7579908675799,10,2,56.9279854147676,0.500390191128741,77.2,1,23350.8910565508,0,0.859867417828303,5672
"Highly_Fatal_And_Damaging",19.2237442922374,16,3,71.6499544211486,0.456755138838803,84.6,6,12239.7172862064,2,0.00376153914630119,5291
"Minor_Damage_And_Injuries",42.3287671232877,16,5,70.0091157702826,0.672406058420483,76.81,2,25019.9299511302,2,0.338559667841261,357
"Significant_Damage_And_Serious_Injuries",24.3835616438356,18,6,59.6171376481313,0.365157591056617,80.72,3,29457.1314157155,1,0.1464108501454,783
"Minor_Damage_And_Injuries",53.9269406392694,12,8,57.5205104831358,0.351093400649116,83.57,3,32346.154299063,0,0.159788367922469,9749
"Significant_Damage_And_Fatalities",41.689497716895,19,5,64.1750227894257,0.418529390551749,76.86,7,34582.7331627845,2,0.00325551820679858,4949
"Significant_Damage_And_Serious_Injuries",32.8310502283105,15,15,74.2935278030994,0.251562206996033,78.53,3,37178.3769732465,1,0.183959103652925,10844
"Highly_Fatal_And_Damaging",29.7260273972603,12,1,75.7520510483136,0.36046952758745,77,7,36315.7270103316,1,0.00332459217846874,10660
"Significant_Damage_And_Serious_Injuries",35.0228310502283,14,2,72.5615314494075,0.37489433826181,80.42,6,22429.3371752232,1,0.00507961089685079,11686
"Minor_Damage_And_Injuries",43.3333333333333,16,10,63.7648131267092,0.448460872701046,76.96,2,23197.3294465658,2,0.3139417150984,5982
"Minor_Damage_And_Injuries",48.4474885844749,14,1,72.0145852324522,0.373451857194374,77.32,2,19525.85738177,2,0.259377558965505,3688
"Highly_Fatal_And_Damaging",22.6027397260274,15,15,81.7684594348222,0.21658204111071,76.61,1,25520.9245281417,1,0.942924513782212,2001
"Minor_Damage_And_Injuries",61.324200913242,10,13,79.3072014585233,0.31034331049405,77.36,2,34174.5816059994,2,0.46436065937594,7281
"Significant_Damage_And_Fatalities",25.9817351598173,14,2,49.179580674567,0.452788315903353,81.14,1,55934.468569702,1,2.1761498796845,10763
"Highly_Fatal_And_Damaging",54.0639269406393,9,1,63.6736554238833,0.301688424089434,83.73,4,27432.9987675072,3,0.0497643329463912,3056
"Significant_Damage_And_Fatalities",61.8721461187214,13,7,42.0237010027347,0.445215290299315,81.84,7,37495.8584854302,3,0.00353978635402655,2356
"Minor_Damage_And_Injuries",36.4840182648402,17,0,72.4247948951687,0.287624233681933,78.74,2,28770.8750092367,2,0.388261185483228,11915
"Minor_Damage_And_Injuries",61.5068493150685,10,5,69.2342752962625,0.246874143526866,79.52,2,27234.6801248376,3,0.367490581778457,10312
"Minor_Damage_And_Injuries",50.365296803653,13,0,84.1385597082954,0.295197259285972,83.6,1,25820.201823365,2,0.942297419702323,10262
"Significant_Damage_And_Fatalities",56.1187214611872,15,4,67.4111212397448,0.31034331049405,79.14,6,17576.823227723,1,0.00477606636088931,3233
"Significant_Damage_And_Serious_Injuries",36.7123287671233,14,0,78.6235186873291,0.397974035340786,82.19,3,26977.6134522676,2,0.134288189902806,8568
"Highly_Fatal_And_Damaging",29.2694063926941,13,0,85.5970829535096,0.281133068878471,86.57,4,36065.2085271643,0,0.0659522021298071,3052
"Significant_Damage_And_Serious_Injuries",41.4155251141553,19,11,45.897903372835,0.623001081860801,76.12,7,32944.2751416848,2,0.00304411324082503,2743
"Highly_Fatal_And_Damaging",54.703196347032,12,2,45.5332725615314,0.52238802740714,80.44,5,35903.2114970254,2,0.0245406632757047,7025
"Highly_Fatal_And_Damaging",27.7168949771689,13,0,85.5059252506837,0.19133862243058,78.76,1,18807.9837594115,1,0.683703597705298,2681
"Minor_Damage_And_Injuries",56.62100456621,12,6,76.5724703737466,0.281854309412189,78.35,2,24305.3909035946,1,0.32809530982753,7168
"Minor_Damage_And_Injuries",46.1187214611872,15,2,64.6308113035552,0.502914532996754,83.5,5,19433.6327994899,2,0.0130313613858333,2985
"Minor_Damage_And_Injuries",49.2237442922374,14,6,57.1103008204193,0.372009376126938,79.99,2,28208.2593702175,3,0.382297819488116,6805
"Significant_Damage_And_Serious_Injuries",36.4383561643836,14,6,79.2160437556974,0.21333645870898,77.95,3,38146.3856724747,3,0.190936989659089,2935
"Minor_Damage_And_Injuries",62.3287671232877,10,20,82.3609845031905,0.433675441759827,83.36,2,20228.1228705605,3,0.273440189207303,4673
"Significant_Damage_And_Serious_Injuries",45.8904109589041,11,0,57.9762989972653,0.43259358095925,80.66,3,41187.0679632975,2,0.203121083428734,9161
"Significant_Damage_And_Fatalities",62.3287671232877,13,7,65.8158614402917,0.261659574468085,78.11,7,19742.2730195278,3,0.00179098046175975,9792
"Highly_Fatal_And_Damaging",32.9223744292237,12,7,57.7484047402006,0.394007212405337,84.14,4,29784.7464710627,2,0.0546421866657251,4511
"Significant_Damage_And_Serious_Injuries",54.5205479452055,8,3,60.6198723792161,0.318637576631806,80.03,4,10850.5497369271,2,0.0015233035421831,6534
"Significant_Damage_And_Serious_Injuries",23.6529680365297,18,7,78.0765724703738,0.36768193292463,82.22,4,18002.7881913085,2,0.0311427687291141,4381
"Significant_Damage_And_Serious_Injuries",59.3150684931507,11,3,50,0.75246375766318,82.86,7,24079.4243606516,2,0.00250158912835895,6911