"Severity","Safety_Score","Days_Since_Inspection","Total_Safety_Complaints","Control_Metric","Turbulence_In_gforces","Cabin_Temperature","Accident_Type_Code","Max_Elevation","Violations","Adverse_Weather_Metric","Accident_ID"
"Minor_Damage_And_Injuries",42.283105022831,16,5,70.0091157702826,0.501472051929318,76.39,2,31290.8093282879,2,0.422993813127412,11661
"Significant_Damage_And_Fatalities",45.8904109589041,18,1,54.5578851412944,0.368763793725207,79.01,5,34108.4950856052,3,0.0228367689591343,5326
"Significant_Damage_And_Serious_Injuries",37.5799086757991,14,9,61.6681859617138,0.309261449693473,79.4,3,26989.6146435872,2,0.135445812857813,10028
"Highly_Fatal_And_Damaging",24.337899543379,14,12,70.7839562443026,0.226679408582762,78.51,4,31778.0561033887,3,0.0568993839144786,11535
"Minor_Damage_And_Injuries",66.5753424657534,9,3,66.8641750227894,0.275002524341868,77.46,2,40973.9095182754,2,0.55559389881049,3721
"Highly_Fatal_And_Damaging",29.041095890411,20,13,56.7456700091158,0.375615578795528,79.21,4,41232.8372944868,3,0.0755380401037781,1521
"Highly_Fatal_And_Damaging",40.0913242009132,10,18,65.587967183227,0.417447529751172,82.06,3,37657.6872093112,2,0.187105192249461,8194
"Highly_Fatal_And_Damaging",22.648401826484,15,8,62.8532360984503,0.330898665705012,86.58,1,25342.9808820361,2,0.925964716461701,7432
"Minor_Damage_And_Injuries",20.4109589041096,19,9,52.9626253418414,0.454952037504507,77.44,5,34198.7569609193,1,0.023547370390478,2235
"Highly_Fatal_And_Damaging",30.1369863013699,12,14,68.8240656335461,0.444133429498738,89.51,4,30469.2343965727,1,0.056073195938879,336
"Minor_Damage_And_Injuries",28.8584474885845,16,7,49.8632634457612,0.337029210241615,77.09,1,28955.3468267006,2,1.06520768095319,2866
"Significant_Damage_And_Fatalities",58.675799086758,4,7,50.6836827711942,0.618313018391633,78.31,7,42628.3886404936,1,0.00391332884816276,11711
"Minor_Damage_And_Injuries",54.2465753424657,12,6,68.7784867821331,0.27067508113956,81.06,2,30043.7911297499,1,0.406933961928359,2562
"Minor_Damage_And_Injuries",39.4520547945205,17,6,66.4995442114859,0.394007212405337,76.92,4,22792.1740124056,2,0.0421404182107254,11809
"Significant_Damage_And_Serious_Injuries",52.8767123287671,9,6,84.5487693710119,0.275363144608727,77.08,3,38210.2878344268,1,0.190936989659089,9184
"Minor_Damage_And_Injuries",56.4840182648402,12,13,62.1695533272562,0.381024882798413,78.18,1,34183.3511992209,3,1.24945876649406,3529
"Significant_Damage_And_Serious_Injuries",30.8219178082192,16,4,70.464904284412,0.341356653443924,84.62,1,32896.9593523965,4,1.2138584565258,6033
"Minor_Damage_And_Injuries",48.2648401826484,10,7,41.4311759343665,0.458918860439956,79.77,6,17731.5542769187,3,0.00446244504152694,713
"Significant_Damage_And_Fatalities",68.0365296803653,12,1,73.2907930720146,0.29591849981969,80.43,4,13696.9970624703,3,0.0255489502130423,1699
"Minor_Damage_And_Injuries",54.337899543379,12,7,68.7784867821331,0.284739271547061,77.03,3,36156.8263602184,3,0.179246049162375,8288
"Significant_Damage_And_Serious_Injuries",36.8493150684931,14,13,72.3792160437557,0.493899026325279,83.75,1,32896.9593523965,5,1.20364148403587,5073
"Highly_Fatal_And_Damaging",36.62100456621,10,7,64.6763901549681,0.321883159033537,79.15,3,36656.5473460937,4,0.183310929287326,937
"Highly_Fatal_And_Damaging",19.1780821917808,21,9,57.0191431175934,0.695485755499459,82.96,4,36354.4884269448,1,0.0660394623674445,3764
"Highly_Fatal_And_Damaging",44.5205479452055,8,1,68.915223336372,0.309982690227191,77.09,4,20871.6060187312,2,0.0383477654432181,11668
"Highly_Fatal_And_Damaging",33.7899543378995,11,6,74.7493163172288,0.322604399567255,78.93,4,39662.1519115334,2,0.0728120877547151,4551
"Highly_Fatal_And_Damaging",46.4840182648402,15,3,50.820419325433,0.438002884962135,83.12,3,18247.3728312848,3,0.0908168756629649,5243
"Significant_Damage_And_Serious_Injuries",33.7899543378995,15,1,79.8541476754786,0.283296790479625,78.73,6,29575.3516590254,1,0.00754742113011944,2927
"Significant_Damage_And_Serious_Injuries",41.324200913242,13,6,62.2607110300821,0.480556076451497,77.62,2,34936.6263297196,1,0.470269642848667,1978
"Highly_Fatal_And_Damaging",4.29223744292237,23,0,70.1914311759344,0.199632888568337,78.52,6,36566.3964795644,4,0.00901665326935307,10003
"Significant_Damage_And_Fatalities",40.5479452054794,20,6,60.1640838650866,0.390401009736747,79.65,2,54788.2470429217,2,0.79816489732788,8045
"Significant_Damage_And_Serious_Injuries",31.5981735159817,15,12,61.5770282588879,0.570350522899387,79.06,7,28354.1216769969,3,0.00270436622546922,7274
"Significant_Damage_And_Serious_Injuries",54.1095890410959,12,1,50.7748404740201,0.493899026325279,82.17,3,41649.6286034309,2,0.208364579052776,4419
"Significant_Damage_And_Fatalities",76.62100456621,9,12,59.1613491340018,0.433314821492968,84.27,7,39189.4780352356,2,0.00355401758737832,8850
"Significant_Damage_And_Fatalities",15.296803652968,17,2,38.7876025524157,0.59090587811035,76.89,1,31633.6906386513,2,1.16373844343373,769
"Minor_Damage_And_Injuries",40.8219178082192,16,9,62.7164995442115,0.425020555355211,80.49,2,39482.9418262533,3,0.534664927361894,1463
"Highly_Fatal_And_Damaging",9.49771689497717,19,4,64.1294439380128,0.419611251352326,86.02,1,21051.9469877011,1,0.774457849340631,10643
"Significant_Damage_And_Serious_Injuries",14.1095890410959,20,12,49.5897903372835,0.302049044356293,77.18,6,36226.2376766065,2,0.00910625571870795,12189
"Highly_Fatal_And_Damaging",39.041095890411,10,1,62.8076572470374,0.392204111071042,83.27,2,23317.6699020617,2,0.315570346061336,6493
"Minor_Damage_And_Injuries",46.4840182648402,11,0,52.5979945305378,0.417808150018031,80.55,2,36037.4356530986,2,0.48771365612333,12156
"Significant_Damage_And_Fatalities",54.1095890410959,16,3,60.5287146763902,0.629852866931121,79.82,4,34452.597870784,3,0.0633522461493981,4657
"Highly_Fatal_And_Damaging",33.9269406392694,11,4,67.3655423883318,0.377418680129823,81.72,1,32279.3814069112,2,1.18070186263028,8750
"Highly_Fatal_And_Damaging",34.8401826484018,11,0,89.6080218778487,0.203599711503786,77.47,2,22458.282532452,3,0.305093661170335,82
"Significant_Damage_And_Serious_Injuries",65.662100456621,9,2,45.897903372835,0.411316985214569,78.06,7,30752.6337971837,3,0.00269768127782206,1602
"Highly_Fatal_And_Damaging",34.7945205479452,11,13,62.0783956244303,0.336668589974756,80.53,4,27007.9663942613,2,0.0487621006652892,6175
"Significant_Damage_And_Serious_Injuries",31.2328767123288,15,7,64.1750227894257,0.335226108907321,79.03,6,28164.6002001739,2,0.00694639248650171,6816
"Minor_Damage_And_Injuries",60.0913242009132,10,3,70.4193254329991,0.375254958528669,76.14,2,31290.8093282879,3,0.424712504159189,1184
"Significant_Damage_And_Serious_Injuries",48.1735159817352,11,2,62.8076572470374,0.28149368914533,76.98,3,29574.7363905462,2,0.146834841957242,7980
"Highly_Fatal_And_Damaging",13.6986301369863,17,14,63.3090246125798,0.300967183555716,78.93,5,39572.9275184445,2,0.0260124136604809,9236
"Significant_Damage_And_Serious_Injuries",66.2557077625571,9,2,45.897903372835,0.668078615218175,81.81,4,26885.1576261271,3,0.0488975818320902,7744
"Significant_Damage_And_Fatalities",45.8904109589041,8,15,45.3965360072927,0.735153984853949,78.87,4,22727.3215190547,1,0.0419768073468294,69
"Highly_Fatal_And_Damaging",31.0958904109589,12,13,61.3491340018232,0.556646952758745,75.94,2,42394.6313282581,0,0.573748943852159,7911
"Minor_Damage_And_Injuries",42.4200913242009,12,2,56.4721969006381,0.276805625676163,79.28,3,37375.2237227186,2,0.186318355278325,3542
"Minor_Damage_And_Injuries",46.6666666666667,14,4,85.1868732907931,0.262380815001803,80.33,1,33941.903054487,1,1.2490580969436,949
"Significant_Damage_And_Serious_Injuries",37.2146118721461,14,19,64.0382862351869,0.387876667868734,76.96,3,31728.6566869053,2,0.156961862886295,5050
"Minor_Damage_And_Injuries",30.5936073059361,19,1,57.8395624430264,0.42898737829066,77.56,2,30719.9849494449,2,0.415749786415761,7963
"Minor_Damage_And_Injuries",48.310502283105,11,1,41.2488605287147,0.645359538406058,79.35,5,24600.5650962669,1,0.0165134897469149,5251
"Minor_Damage_And_Injuries",46.027397260274,15,0,64.6308113035552,0.389679769203029,76.02,3,29428.5998046567,2,0.147269092453377,10191
"Minor_Damage_And_Injuries",54.337899543379,12,5,73.4731084776664,0.222351965380454,75.69,5,22004.4704078618,3,0.0142540310188067,2460
"Highly_Fatal_And_Damaging",22.3287671232877,15,4,72.8805834092981,0.240022358456545,75.01,3,41709.0152758443,1,0.207361290677516,1389
"Significant_Damage_And_Serious_Injuries",46.1643835616438,11,3,72.105742935278,0.413120086548864,76.19,3,27030.051169266,3,0.133998464815782,8906
"Highly_Fatal_And_Damaging",40.0913242009132,10,7,62.2607110300821,0.437281644428417,83.36,4,28921.6551250448,3,0.0539003607023165,5661
"Significant_Damage_And_Serious_Injuries",37.4885844748858,14,7,66.6362807657247,0.29555787955283,81.56,6,14871.6649197146,2,0.0035568774101538,12044
"Minor_Damage_And_Injuries",76.1187214611872,6,29,64.4940747493163,0.557368193292463,76.18,6,28354.1216769969,3,0.0073302481648599,1478
"Significant_Damage_And_Serious_Injuries",30.7305936073059,16,16,61.3491340018232,0.299524702488279,77.19,4,14053.4045980027,1,0.0255489502130423,11769
"Minor_Damage_And_Injuries",50.5936073059361,13,22,71.0574293527803,0.215860800576992,77.41,5,32958.7093866118,2,0.022192923086607,11344
"Significant_Damage_And_Fatalities",20.365296803653,15,2,48.5870556061987,0.641753335737468,78.37,1,29636.502041771,4,1.0963361566327,1696
"Significant_Damage_And_Serious_Injuries",43.1506849315068,12,4,67.7301731996354,0.313228272628922,78.63,3,20231.0982565313,3,0.0983522686654718,2310
"Highly_Fatal_And_Damaging",15.4337899543379,17,2,57.2470373746582,0.444133429498738,85.07,4,49961.381759709,2,0.0905402526442483,5814
"Significant_Damage_And_Fatalities",48.6301369863014,17,13,69.9179580674567,0.303852145690588,79.31,7,44762.5045506306,3,0.00412999471383646,7319
"Highly_Fatal_And_Damaging",21.3698630136986,15,1,65.587967183227,0.260577713667508,83.85,2,38399.455104896,3,0.518441261968944,757
"Significant_Damage_And_Serious_Injuries",36.5753424657534,14,5,71.9234275296263,0.31358889289578,76.48,3,41259.8228090867,2,0.205286208938162,10807
"Minor_Damage_And_Injuries",59.4063926940639,11,32,78.5323609845032,0.2061240533718,77.95,2,16008.6132698744,5,0.209716720905563,6992
"Significant_Damage_And_Fatalities",11.9634703196347,18,9,31.5405651777575,0.584054093040028,82.07,4,19721.1573415103,5,0.0361205596335011,8760
"Significant_Damage_And_Serious_Injuries",38.310502283105,13,0,92.1148587055606,0.179438153624233,78.54,4,42790.3357609339,2,0.0785727187769532,7666
"Significant_Damage_And_Serious_Injuries",18.9041095890411,19,1,59.1157702825889,0.471179949513162,79.03,3,28887.1389583202,2,0.141359970316363,6555
"Significant_Damage_And_Serious_Injuries",16.6666666666667,20,2,59.9817684594348,0.471179949513162,85.07,3,24998.0502221417,3,0.12399500240157,2253
"Minor_Damage_And_Injuries",53.5616438356164,9,3,30.4010938924339,0.882647673999279,79.25,2,8400.18252979465,2,0.116198848524886,10870
"Significant_Damage_And_Serious_Injuries",53.6529680365297,13,1,40.5195989061076,0.502914532996754,78.46,5,38537.3634081449,2,0.02602937463813,5393
"Significant_Damage_And_Fatalities",85.7534246575342,4,2,63.9015496809481,0.350732780382257,80.44,7,14251.9158934857,3,0.00145523988109246,462
"Minor_Damage_And_Injuries",31.1872146118721,15,16,54.3755697356427,0.538976559682654,77.79,6,53455.0451129203,1,0.0130417779497398,1619
"Significant_Damage_And_Serious_Injuries",48.7214611872146,11,0,76.6180492251596,0.281854309412189,79.88,6,26632.0129708879,2,0.0065616041594808,11927
"Significant_Damage_And_Fatalities",64.0182648401826,13,11,75.8432087511395,0.434036062026686,79.64,2,45300.0270165971,2,0.612998871089524,6759
"Highly_Fatal_And_Damaging",37.5799086757991,10,10,83.4092980856883,0.143376126938334,79.16,4,24326.5989895252,3,0.0443042071804465,5710
"Minor_Damage_And_Injuries",71.5981735159817,7,0,59.2980856882407,0.414201947349441,75.7,2,34354.1112213822,2,0.465168245339577,4130
"Minor_Damage_And_Injuries",58.4018264840183,11,3,73.3363719234275,0.27428128380815,79.31,2,19543.4071694023,1,0.254538380918956,9335
"Minor_Damage_And_Injuries",45.9817351598173,15,2,62.4886052871468,0.28870609448251,78.95,2,21693.8235763697,1,0.300683552375606,4384
"Significant_Damage_And_Fatalities",22.3287671232877,15,4,55.6973564266181,0.280411828344753,74.82,7,24613.5488916701,1,0.00245895525239092,1639
"Significant_Damage_And_Fatalities",30.3196347031963,12,0,50.5013673655424,0.35686332491886,77.21,7,42176.9222862854,3,0.00399284362384002,1515
"Highly_Fatal_And_Damaging",21.2785388127854,15,15,61.5314494074749,0.476228633249188,77.48,6,26607.9239914159,2,0.00660141601205951,11830
"Significant_Damage_And_Serious_Injuries",62.7853881278539,6,4,76.8915223336372,0.36768193292463,75.61,3,39092.0580179608,1,0.19520099345621,8350
"Highly_Fatal_And_Damaging",58.0365296803653,11,1,47.3564266180492,0.483801658853228,79.92,3,55046.9675731149,1,0.27447787565096,8353
"Significant_Damage_And_Fatalities",55.7990867579909,15,21,60.7566089334549,0.527797331410025,81.71,6,24189.2775073753,3,0.00630093883464786,5090
"Significant_Damage_And_Serious_Injuries",41.1872146118721,13,3,95.077484047402,0.221991345113595,77.6,3,26032.9419014836,1,0.129039751153255,10211
"Significant_Damage_And_Serious_Injuries",47.3059360730593,11,1,60.4375569735643,0.345684096646231,77.02,3,21429.8142836296,3,0.108043963584784,4666
"Highly_Fatal_And_Damaging",18.310502283105,16,8,68.5050136736554,0.417086909484313,79.66,4,34447.6813526234,2,0.0634078516306716,2448
"Minor_Damage_And_Injuries",57.4429223744292,11,10,64.6308113035552,0.330898665705012,82.11,2,23768.2796029631,4,0.321668685211402,12427
"Highly_Fatal_And_Damaging",39.041095890411,10,2,62.8076572470374,0.329095564370718,82.12,7,35862.1682875726,3,0.00311549295347341,2845
"Significant_Damage_And_Fatalities",12.6940639269406,18,13,53.6918869644485,0.498587089794446,83.9,1,29536.6428318262,1,1.08896280542045,4401
"Significant_Damage_And_Fatalities",26.3926940639269,13,5,52.3245214220602,0.312507032095204,80.61,2,29416.7915541967,2,0.399359325657671,2375
"Highly_Fatal_And_Damaging",25.3424657534247,14,12,76.5724703737466,0.335586729174179,82.92,6,42076.998636433,3,0.00985570910807226,11724
"Highly_Fatal_And_Damaging",42.8310502283105,9,5,62.8532360984503,0.295197259285972,83.74,4,30660.2752933007,1,0.0554629237628166,8628
"Minor_Damage_And_Injuries",34.0182648401826,18,13,55.6061987237922,0.541140281283808,78.61,1,25739.3846771422,4,0.936484556293277,7982
"Significant_Damage_And_Fatalities",38.9041095890411,10,0,41.6134913400182,0.584775333573747,82.7,4,34210.2043624715,2,0.062471887902611,6777
"Significant_Damage_And_Serious_Injuries",49.0867579908676,10,7,68.9608021877849,0.325849981968986,81.31,6,28542.004184011,0,0.00703789993713464,4936
"Minor_Damage_And_Injuries",52.3744292237443,13,7,58.7055606198724,0.393285971871619,80.81,7,26424.9508350846,2,0.00209293652588338,10304
"Minor_Damage_And_Injuries",45.4794520547945,15,31,78.4867821330902,0.37489433826181,78.29,6,17474.5485605647,2,0.00463226113987301,974
"Highly_Fatal_And_Damaging",36.986301369863,10,10,74.9772105742936,0.240382978723404,79.16,7,43023.0169934209,2,0.00397253120656083,12210
"Minor_Damage_And_Injuries",47.7625570776256,14,1,70.1458523245214,0.493899026325279,78.42,6,17413.5798864138,1,0.00457128973237853,943
"Highly_Fatal_And_Damaging",61.4155251141552,14,2,54.4211485870556,0.480916696718355,76.6,2,47251.5827787636,3,0.640473588799548,11286
"Highly_Fatal_And_Damaging",24.7945205479452,14,14,58.5232452142206,0.40013775694194,79.78,6,39818.7823826373,2,0.00956279453232168,12091
"Minor_Damage_And_Injuries",41.9178082191781,16,3,61.3035551504102,0.349290299314821,80.1,2,27752.7367849651,2,0.375592449338442,404
"Minor_Damage_And_Injuries",44.337899543379,15,6,76.7092069279854,0.335226108907321,82.53,2,50246.9001511825,4,0.67415476619384,4271
"Minor_Damage_And_Injuries",42.5114155251142,16,0,84.6855059252507,0.334504868373603,77.13,1,23171.5450883006,3,0.849289067426471,5396
"Significant_Damage_And_Serious_Injuries",42.1004566210046,12,4,69.5077484047402,0.228482509917057,78.63,3,47572.0590615232,1,0.239876570361101,7643
"Minor_Damage_And_Injuries",28.6301369863014,20,8,57.6116681859617,0.351093400649116,79.21,6,37616.4149312029,1,0.00987049508947774,2992
"Highly_Fatal_And_Damaging",49.0867579908676,14,4,54.922515952598,0.385352326000721,79.75,2,37854.0579003469,3,0.513039501471087,7104
"Highly_Fatal_And_Damaging",30,19,4,48.7237921604376,0.691158312297151,78.72,5,33391.2869416829,1,0.0212527753729633,6231
"Significant_Damage_And_Serious_Injuries",48.1735159817352,11,2,76.8915223336372,0.381746123332131,76.89,2,25019.9299511302,2,0.336595105059082,11982
"Significant_Damage_And_Serious_Injuries",51.689497716895,9,3,71.4220601640839,0.322604399567255,79.36,5,64297.6512179186,2,0.0336210417064479,9510
"Highly_Fatal_And_Damaging",36.1643835616438,11,1,79.3527803099362,0.417447529751172,81.21,2,54429.8119084636,1,0.746908740126634,9753
"Significant_Damage_And_Fatalities",28.5388127853881,13,5,51.2762078395624,0.236055535521096,80.06,4,29133.3615239579,1,0.0528505428278382,4123
"Significant_Damage_And_Serious_Injuries",60.2283105022831,7,9,79.1704649042844,0.254086548864046,80.07,6,32585.4841917493,2,0.00775200553445017,2266
"Highly_Fatal_And_Damaging",19.6803652968037,16,5,60.8021877848678,0.395089073205914,77.65,1,45265.3882053258,4,1.66486418964678,6879
"Highly_Fatal_And_Damaging",12.9680365296804,18,0,69.8723792160438,0.309622069960331,80.03,1,36428.7540694172,3,1.32525896658218,11624
"Minor_Damage_And_Injuries",72.5570776255708,7,44,64.9042844120328,0.557007573025604,81.14,5,38971.5849739803,3,0.025816320539418,3005
"Significant_Damage_And_Serious_Injuries",53.4703196347032,16,7,34.6855059252507,0.584054093040028,80.78,7,11567.0794388674,3,0.00150871526146397,5684
"Minor_Damage_And_Injuries",28.8127853881279,16,11,49.8632634457612,0.696567616300036,78.18,1,37945.7802513522,1,1.3954917626167,2878
"Minor_Damage_And_Injuries",46.5296803652968,11,1,52.5979945305378,0.396892174540209,76.96,2,9666.94055790232,3,0.12212240073769,8603
"Minor_Damage_And_Injuries",69.8630136986301,8,2,70.464904284412,0.272838802740714,76.4,2,32463.032918282,2,0.438778571303419,3784
"Minor_Damage_And_Injuries",74.4292237442922,6,8,74.3391066545123,0.339192931842769,77.5,2,40744.7030223456,0,0.549198026049296,4292
"Highly_Fatal_And_Damaging",28.7214611872146,13,1,62.5341841385597,0.37128813559322,80.53,3,36315.7270103316,2,0.18124998691243,4394
"Highly_Fatal_And_Damaging",37.9452054794521,17,5,50.7748404740201,0.52238802740714,77.65,5,33391.2869416829,3,0.0222599212440119,3691
"Significant_Damage_And_Serious_Injuries",29.4977168949772,16,10,76.7547857793984,0.265987017670393,82.45,7,28317.5314359767,3,0.00275349500295359,9370
"Significant_Damage_And_Serious_Injuries",36.027397260274,14,10,71.4220601640839,0.324046880634692,80.36,3,26207.1291155829,2,0.130772545735495,7167
"Significant_Damage_And_Serious_Injuries",54.6575342465753,9,1,66.362807657247,0.224876307248467,79.52,7,33599.0902717774,2,0.00297265410884441,10025
"Significant_Damage_And_Fatalities",72.3287671232876,10,2,63.9015496809481,0.264183916336098,78.11,7,38466.937091707,4,0.00368685838583244,10468
"Significant_Damage_And_Fatalities",70.5022831050228,11,1,60.7110300820419,0.314670753696357,79.32,7,43558.4831611401,3,0.00383586636122059,6827
"Significant_Damage_And_Serious_Injuries",23.6529680365297,18,15,61.0756608933455,0.557368193292463,78.57,6,43209.8141033971,5,0.0106302255498573,8619
"Significant_Damage_And_Fatalities",73.5159817351598,10,20,57.5205104831358,0.397252794807068,83.08,5,33095.9115787169,2,0.021602470060268,12
"Significant_Damage_And_Serious_Injuries",52.9223744292237,9,7,62.5341841385597,0.317916336098088,77.36,3,27432.9987675072,3,0.135850462114308,12417
"Highly_Fatal_And_Damaging",31.1872146118721,12,8,69.0975387420237,0.460000721240533,87.86,4,34859.8063971959,2,0.0640529720617364,3603
"Significant_Damage_And_Fatalities",64.6575342465753,12,17,72.6526891522334,0.335586729174179,79.58,7,35719.9920681528,3,0.00332774857972545,8498
"Significant_Damage_And_Serious_Injuries",37.2146118721461,14,5,65.6791248860529,0.540058420483231,76.13,5,30951.3029879359,2,0.0210316608109044,10035
"Significant_Damage_And_Serious_Injuries",79.7260273972603,8,35,42.0692798541477,0.607133790119004,77.64,7,48401.0074043963,1,0.00490041074442536,7773
"Highly_Fatal_And_Damaging",17.5799086757991,16,2,57.7484047402006,0.438002884962135,77.27,1,20061.6577544012,0,0.740331809983515,2817
"Highly_Fatal_And_Damaging",53.7899543378995,9,2,63.3546034639927,0.289427335016228,82.59,4,15738.4878024104,3,0.0297420079274472,4957
"Significant_Damage_And_Serious_Injuries",34.7488584474886,14,9,58.7511394712853,0.445936530833032,81.02,6,32666.8093913512,3,0.00787225123456485,3224
"Highly_Fatal_And_Damaging",23.7899543378995,14,9,66.2716499544212,0.363354489722322,80.35,4,43635.7546909786,1,0.0801631199888322,2169
"Highly_Fatal_And_Damaging",8.0365296803653,19,15,67.0464904284412,0.352175261449693,80.15,7,36290.2303566085,3,0.00332774857972545,9064
"Highly_Fatal_And_Damaging",53.972602739726,12,4,56.7912488605287,0.54402524341868,78.46,2,42365.0610556393,3,0.576201428940559,10972
"Highly_Fatal_And_Damaging",31.0958904109589,12,25,84.8678213309025,0.326571222502704,77.84,1,27087.6233599448,2,1.00725096824699,7410
"Highly_Fatal_And_Damaging",14.5205479452055,17,14,54.922515952598,0.478392354850342,76.8,6,19391.6963047019,2,0.00482966112605034,2790
"Highly_Fatal_And_Damaging",68.1278538812785,5,17,75.3418413855971,0.325849981968986,79.03,4,28156.6962344969,1,0.0515663632026278,9157
"Significant_Damage_And_Serious_Injuries",33.2420091324201,15,5,63.9015496809481,0.417808150018031,77.8,6,17572.9254839105,2,0.00431639490470017,7023
"Highly_Fatal_And_Damaging",33.4703196347032,12,1,65.1321786690975,0.462885683375405,79.73,4,44313.057976137,3,0.0813568547533444,10228
"Highly_Fatal_And_Damaging",18.1278538812785,16,14,67.0920692798541,0.298803461954562,78.28,4,47893.7179720062,2,0.0886488268505119,1471
"Highly_Fatal_And_Damaging",27.2602739726027,13,7,64.3573381950775,0.444133429498738,81.98,1,22087.4860136636,2,0.809499227691772,11420
"Highly_Fatal_And_Damaging",18.1735159817352,16,3,62.0783956244303,0.315391994230076,80.27,1,38703.1691908605,1,1.42618225353357,7360
"Significant_Damage_And_Fatalities",58.9954337899543,14,8,62.7164995442115,0.402301478543094,81.88,7,41508.6458682606,0,0.00375006683446869,972
"Significant_Damage_And_Fatalities",78.2191780821918,8,3,61.485870556062,0.344962856112513,77.09,2,28929.7446693501,2,0.391140729739186,9772
"Minor_Damage_And_Injuries",40.1369863013699,13,0,45.4421148587056,0.623001081860801,76.37,2,22443.8935714049,1,0.305093661170335,4823
"Significant_Damage_And_Serious_Injuries",35.0228310502283,14,1,64.9954421148587,0.50796321673278,81.72,3,29830.019294451,2,0.147692401293215,4317
"Minor_Damage_And_Injuries",51.9178082191781,13,7,82.1786690975388,0.262020194734944,80.03,3,40745.7685865635,2,0.20122391367316,4795
"Significant_Damage_And_Fatalities",46.6666666666667,18,2,70.8295350957156,0.2562502704652,80.62,1,31944.0012668172,4,1.17221429563847,4219
"Minor_Damage_And_Injuries",27.9908675799087,20,1,70.3737465815861,0.382467363865849,76.13,4,46027.1814076448,1,0.0847856393439959,8284
"Significant_Damage_And_Fatalities",24.6575342465753,14,31,53.1905195989061,0.510848178867652,86.43,7,28451.0147010119,2,0.00291218533891288,7498
"Significant_Damage_And_Fatalities",25.5707762557078,14,7,40.5651777575205,0.45387017670393,81.45,6,36093.8087038102,2,0.00908337648476575,6601
"Minor_Damage_And_Injuries",31.1872146118721,15,0,54.6946216955333,0.303491525423729,77.89,3,29232.8218621799,1,0.145447149829291,5367
"Minor_Damage_And_Injuries",47.9908675799087,11,13,38.7876025524157,0.759315542733501,82.86,6,28384.5263097579,2,0.00731693260369677,10568
"Highly_Fatal_And_Damaging",40.5479452054794,9,10,85.9617137648131,0.231367472051929,81.24,1,22102.0385431341,2,0.814746310734396,11410
"Significant_Damage_And_Serious_Injuries",56.7579908675799,8,21,82.0875113947128,0.228482509917057,80.65,6,35986.6918258484,2,0.0087503462811473,12000
"Minor_Damage_And_Injuries",56.8493150684931,12,7,64.4484958979034,0.448460872701046,80.12,2,40177.3017762019,3,0.541478440848785,8326
"Highly_Fatal_And_Damaging",55.5707762557078,12,0,54.1932543299909,0.604970068517851,78.67,5,39083.4123264333,0,0.0268038442368048,549
"Minor_Damage_And_Injuries",42.648401826484,16,0,72.7438468550593,0.186650558961413,81.83,1,57708.1398683153,3,1.97740930519594,10605
"Significant_Damage_And_Serious_Injuries",28.4931506849315,16,4,65.1321786690975,0.388237288135593,81.64,1,19806.9790519253,2,0.716017500261531,422
"Significant_Damage_And_Serious_Injuries",54.3835616438356,12,7,50.7748404740201,0.499668950595023,83.39,6,34947.3962820931,3,0.00857347982384688,3825
"Minor_Damage_And_Injuries",39.7260273972603,17,2,77.7575205104832,0.390401009736747,79.74,5,32133.4321785013,3,0.0214970113327098,7820
"Minor_Damage_And_Injuries",51.9178082191781,13,10,69.4165907019143,0.440887847097007,81.44,4,27222.8941270034,2,0.0503896935162612,3336
"Minor_Damage_And_Injuries",43.013698630137,16,8,57.4749316317229,0.211172737107825,76.49,6,33495.7760928761,2,0.00914632811267066,6705
"Highly_Fatal_And_Damaging",29.5890410958904,13,8,66.7730173199635,0.325849981968986,79.51,2,31748.2529497146,2,0.429534515417133,6130
"Minor_Damage_And_Injuries",23.1963470319635,22,10,82.0419325432999,0.317195095564371,80.47,2,41697.1749234405,0,0.566187088981487,9797
"Minor_Damage_And_Injuries",52.9223744292237,12,8,60.0273473108478,0.448100252434187,79.42,2,17506.1009664625,1,0.238677717027038,11712
"Minor_Damage_And_Injuries",48.7214611872146,14,1,66.9097538742024,0.306376487558601,77.49,2,42848.6249545133,3,0.577208625420804,10451
"Highly_Fatal_And_Damaging",52.2374429223744,9,14,65.2233363719235,0.38931914893617,78.02,4,26782.0242843159,2,0.0492733156692622,10911
"Significant_Damage_And_Serious_Injuries",52.9223744292237,9,6,62.5341841385597,0.343520375045078,77.17,3,26277.0351261399,3,0.131340504997494,11755
"Minor_Damage_And_Injuries",27.7625570776256,16,3,51.1850501367366,0.341717273710782,83.1,3,45582.9699395343,1,0.227829389177973,3680
"Minor_Damage_And_Injuries",29.8173515981735,16,5,47.1741112123974,0.549795167688424,85.31,3,30889.1456903206,2,0.153870216557604,6851
"Significant_Damage_And_Serious_Injuries",40.3196347031963,13,9,64.8131267092069,0.438002884962135,77.9,4,37657.6872093112,2,0.0689092451052821,8213
"Minor_Damage_And_Injuries",46.8493150684931,11,1,45.7611668185962,0.388597908402452,79.72,6,20488.3768086533,2,0.00576194429255706,8613